URL,Title,Price,Condition,Stitched,Occasion,Material,Brand,Work,Style,Season,Pattern,Sleeves,Color,Gender,Length,Work,Neck,Country of Origin,,,,,,,,,,,,,,,
https://www.ebay.com/itm/355907928784?itmmeta=01JW69BT2QEKGAZV51TEBFHV5T&hash=item52ddc402d0:g:okYAAOSwGXtmpype,Red Sequin Embroidered Kurta Pant Dupatta Set – Ready to Wear,US $53.29,New without tags,Yes Fully Stitched,"Wedding , Festival , Partywear , Travel",georgette,Handmade,No,Salwar Kameez,"Winter , Summer And Spring",Flared Kurta With Pant & Dupatta,3/4 Sleeve,Maroon,Women,Full (52inch),Sequence Embroidery Work,Round Neck,India,https://i.ebayimg.com/images/g/okYAAOSwGXtmpype/s-l1600.webp,https://i.ebayimg.com/images/g/j1UAAOSwtLVmpypi/s-l1600.webp,https://i.ebayimg.com/images/g/RpIAAOSwZMhmpypg/s-l1600.webp,https://i.ebayimg.com/images/g/dq0AAOSwvoFmpypk/s-l1600.webp,https://i.ebayimg.com/images/g/Q2wAAOSw59Vmpypc/s-l1600.webp,https://i.ebayimg.com/images/g/~xQAAOSwV-dmpypS/s-l1600.webp,https://i.ebayimg.com/images/g/99IAAOSw2MRmpypZ/s-l1600.webp,https://i.ebayimg.com/images/g/rtMAAOSwIOtlsS0o/s-l1600.webp,,,,,,,
https://www.ebay.com/itm/355558680147?itmmeta=01JW69BT2N4MBE3SNQEZT4PEWZ&hash=item52c8f2e653:g:AyMAAOSwFjhl-TOL,Full Flared Anarkali Gown with Dupatta – Indian Wedding Wear,US $53.29,New without tags,Yes Fully Stitched,"Wedding , Festival , Partywear , Travel",georgette,Handmade,No,Salwar Kameez,"Winter , Summer And Spring",Flared Kurta With Dupatta,3/4 Sleeve,White,Women,Full,Embroidery Sequence Work,V Neck,India,https://i.ebayimg.com/images/g/AyMAAOSwFjhl-TOL/s-l1600.webp,https://i.ebayimg.com/images/g/-tYAAOSw1Kxl-TOJ/s-l1600.webp,https://i.ebayimg.com/images/g/KwYAAOSwp7Zl-TOC/s-l1600.webp,https://i.ebayimg.com/images/g/tZ8AAOSwIaNl-TOG/s-l1600.webp,https://i.ebayimg.com/images/g/qL8AAOSwA0Vl-TN8/s-l1600.webp,https://i.ebayimg.com/images/g/7hUAAOSwMOJl-TN~/s-l1600.webp,https://i.ebayimg.com/images/g/rtMAAOSwIOtlsS0o/s-l1600.webp,,,,,,,,
https://www.ebay.com/itm/356062552648?itmmeta=01JW69BT2R7P143ECRTJ5V5C93&hash=item52e6fb6248:g:tbgAAOSw6K5m67uI,Pakistani Straight Kurti Pant Set – Readymade Salwar Kameez,US $32.79,New without tags,Yes Fully Stitched,"Wedding , Festival , Partywear , Travel",Cotton,Handmade,No,Salwar Kameez,"Winter , Summer And Spring",Kurta With Pant,3/4 Sleeve,Blue,Women,Knee (46 inch),Printed,Round Neck,India,https://i.ebayimg.com/images/g/tbgAAOSw6K5m67uI/s-l1600.webp,https://i.ebayimg.com/images/g/Ul0AAOSwnblm67uF/s-l1600.webp,https://i.ebayimg.com/images/g/bOgAAOSwwT1m67uA/s-l1600.webp,https://i.ebayimg.com/images/g/T9MAAOSwS8Zm67t7/s-l1600.webp,https://i.ebayimg.com/images/g/JRQAAOSwogRlzMF3/s-l1600.webp,,,,,,,,,,
https://www.ebay.com/itm/355455944312?itmmeta=01JW68R8NYJGQPAQK4HMM76N2E&hash=item52c2d34678:g:69EAAOSwP51lyIPe,Black Pakistani Palazzo Kurta Dupatta Set – Bollywood Style,US $36.89,New without tags,Yes Fully Stitched,"Wedding , Festival , Partywear , Travel",Rayon,Handmade,No,Salwar Kameez,"Winter , Summer And Spring",Straight Kurta With Palazzo & Dupatta,3/4 Sleeve,Black,Women,Knee,Embroidery Work,Round Neck,India,https://i.ebayimg.com/images/g/69EAAOSwP51lyIPe/s-l1600.webp,https://i.ebayimg.com/images/g/DYYAAOSw8cZlyIPg/s-l1600.webp,https://i.ebayimg.com/images/g/-uoAAOSwOZBlyIPi/s-l1600.webp,https://i.ebayimg.com/images/g/fIUAAOSw-WplyIPb/s-l1600.webp,https://i.ebayimg.com/images/g/dIAAAOSwV39lyIP3/s-l1600.webp,https://i.ebayimg.com/images/g/Z50AAOSwcV9lsS8K/s-l1600.webp,,,,,,,,,
https://www.ebay.com/itm/355445990665?itmmeta=01JW68N2RZ92HNQHHDKCH14R5A&hash=item52c23b6509:g:6rEAAOSwu0plw125,Kurta Pant Dupatta Combo – Indian Wedding Ready Salwar Kameez,US $36.89,New without tags,Yes Fully Stitched,"Wedding , Festival , Partywear , Travel",Rayon,Handmade,No,Salwar Kameez,"Winter , Summer And Spring",Straight Kurta With Pant & Dupatta,3/4 Sleeve,Pink,Women,Knee,Printed,Round Neck,India,https://i.ebayimg.com/images/g/6rEAAOSwu0plw125/s-l1600.webp,https://i.ebayimg.com/images/g/KZwAAOSwSHplw123/s-l1600.webp,https://i.ebayimg.com/images/g/HYUAAOSw2tZlw12w/s-l1600.webp,https://i.ebayimg.com/images/g/9zMAAOSwP8Rlw12z/s-l1600.webp,https://i.ebayimg.com/images/g/x8wAAOSwz89lw121/s-l1600.webp,https://i.ebayimg.com/images/g/QroAAOSwMvNlw12u/s-l1600.webp,https://i.ebayimg.com/images/g/ZngAAOSwJTtlw12o/s-l1600.webp,https://i.ebayimg.com/images/g/Z50AAOSwcV9lsS8K/s-l1600.webp,,,,,,,
https://www.ebay.com/itm/355473737735?itmmeta=01JW69BT2QFC2GRPQ31T64NAK9&hash=item52c3e2c807:g:V3QAAOSwrRxl0eyX,Designer Kurti Pant with Dupatta – Festival Wear 3-Piece Set,US $36.89,New without tags,Yes Fully Stitched,"Wedding , Festival , Partywear , Travel","Rayon, Malmal Dupatta",Handmade,No,Salwar Kameez,"Winter , Summer And Spring",Straight Kurta With Pant & Dupatta,3/4 Sleeve,Peach,Women,Knee (46 inch),Embroidery Work,Round Neck,India,https://i.ebayimg.com/images/g/V3QAAOSwrRxl0eyX/s-l1600.webp,https://i.ebayimg.com/images/g/mYQAAOSwASll0eyS/s-l1600.webp,https://i.ebayimg.com/images/g/OE0AAOSwrM9l0eyQ/s-l1600.webp,https://i.ebayimg.com/images/g/ZFgAAOSwgatl0eyU/s-l1600.webp,https://i.ebayimg.com/images/g/XukAAOSwa1Rl0eyW/s-l1600.webp,https://i.ebayimg.com/images/g/A1EAAOSwTzhl0eyO/s-l1600.webp,https://i.ebayimg.com/images/g/JRQAAOSwogRlzMF3/s-l1600.webp,,,,,,,,
https://www.ebay.com/itm/355469125265?itmmeta=01JW69BT2RKGNDSB2NQWSJPP8A&hash=item52c39c6691:g:aIYAAOSwkARlz1a5,Pakistani Sharara Kurta Dupatta Set – Eid Wedding Special,US $53.29,New without tags,Yes Fully Stitched,"Wedding , Festival , Partywear , Travel",georgette,Handmade,No,Salwar Kameez,"Winter , Summer And Spring",Straight Kurta With Sharara & Dupatta,3/4 Sleeve,Orange,Women,Knee,Thread Sequence Work,Round Neck,India,https://i.ebayimg.com/images/g/aIYAAOSwkARlz1a5/s-l1600.webp,https://i.ebayimg.com/images/g/yXUAAOSwVBhlz1ax/s-l1600.webp,https://i.ebayimg.com/images/g/AY0AAOSwnixlz1as/s-l1600.webp,https://i.ebayimg.com/images/g/-SUAAOSwHKplz1an/s-l1600.webp,https://i.ebayimg.com/images/g/bN8AAOSwXVFlz1af/s-l1600.webp,https://i.ebayimg.com/images/g/rtMAAOSwIOtlsS0o/s-l1600.webp,,,,,,,,,
https://www.ebay.com/itm/356828233634?itmmeta=01JW69BT2MJT3V83DFSY6Z3B9K&hash=item53149ebfa2:g:FzwAAOSwS39oDJ9n,Plus Size Kurta Palazzo Set – Designer Co-Ord Upto 7XL,US $35.25,New without tags,Yes Fully Stitched,"Wedding , Festival , Partywear , Travel",Cotton,Handmade,No,Salwar Kameez,"Winter , Summer And Spring",Short Kurta(shirt) With Palazzo,3/4 Sleeve,White,Women,Shirt (30inch),Hand Aari Embroidery Work,Collar Neck,India,https://i.ebayimg.com/images/g/FzwAAOSwS39oDJ9n/s-l1600.webp,https://i.ebayimg.com/images/g/fpoAAOSwxjpoDJ9n/s-l1600.webp,https://i.ebayimg.com/images/g/hzUAAOSw1s5oDJ9l/s-l1600.webp,https://i.ebayimg.com/images/g/oOIAAOSwcZNoDJ9k/s-l1600.webp,https://i.ebayimg.com/images/g/R3kAAOSwlgZoDJ9m/s-l1600.webp,https://i.ebayimg.com/images/g/nDsAAOSwZtZoDJ-C/s-l1600.webp,https://i.ebayimg.com/images/g/Z50AAOSwcV9lsS8K/s-l1600.webp,,,,,,,,
https://www.ebay.com/itm/355722037648?itmmeta=01JW69BT2SWVKTN4PKSHW81GBB&hash=item52d2af8990:g:XSoAAOSwZ7hmR6Oz,Rama Green Naira Cut Kurta Pant Set – Designer Salwar Kameez,US $22.13,New without tags,Yes Fully Stitched,"Wedding , Festival , Partywear , Travel",Rayon,Handmade,No,Salwar Kameez,"Winter , Summer And Spring",Straight Naira Cut Kurta With Pant,3/4 Sleeve,Green,Women,Knee (47 inch),Printed And Hand Embroidery Work,Round Neck,India,https://i.ebayimg.com/images/g/XSoAAOSwZ7hmR6Oz/s-l1600.webp,https://i.ebayimg.com/images/g/lB8AAOSwLFFmR6Op/s-l1600.webp,https://i.ebayimg.com/images/g/P28AAOSwiK5mR6Os/s-l1600.webp,https://i.ebayimg.com/images/g/bvkAAOSwmTxmR6OD/s-l1600.webp,https://i.ebayimg.com/images/g/FUkAAOSwW4xmR6Oa/s-l1600.webp,https://i.ebayimg.com/images/g/JRQAAOSwogRlzMF3/s-l1600.webp,,,,,,,,,
https://www.ebay.com/itm/356753569671?itmmeta=01JW68R8NV5PBQNCECG572M59X&hash=item53102b7787:g:vzMAAOSwnQln9iko,Pink Anarkali Kurta Palazzo Set – Women's Salwar Suit,US $36.89,New without tags,Yes Fully Stitched,"Wedding , Festival , Partywear , Travel",Cotton,Handmade,No,Salwar Kameez,"Winter , Summer And Spring",Anarkali Kurta With Pant & Dupatta,3/4 Sleeve,Pink,Women,Below The Knee (48inch),Embroidery Work And Printed Dupatta,V Neck,India,https://i.ebayimg.com/images/g/vzMAAOSwnQln9iko/s-l1600.webp,https://i.ebayimg.com/images/g/hroAAOSwWUVn9ikn/s-l1600.webp,https://i.ebayimg.com/images/g/DswAAOSwBpVn9iko/s-l1600.webp,https://i.ebayimg.com/images/g/dzQAAOSwWEBn9iko/s-l1600.webp,https://i.ebayimg.com/images/g/P2kAAOSwDapn9ikp/s-l1600.webp,https://i.ebayimg.com/images/g/v1kAAOSw1ytn9iko/s-l1600.webp,https://i.ebayimg.com/images/g/SYgAAOSwgYxn9iko/s-l1600.webp,https://i.ebayimg.com/images/g/cGIAAOSw5jtn9ikp/s-l1600.webp,https://i.ebayimg.com/images/g/Z50AAOSwcV9lsS8K/s-l1600.webp,,,,,,
https://www.ebay.com/itm/356410207309?itmmeta=01JW69BT2NSXS8C4F37GNVN4FV&hash=item52fbb42c4d:g:T3YAAOSwZoVnbWcC,Heavy Velvet Kurta Palazzo Set – Winter Collection for Women,US $49.19,New without tags,Yes Fully Stitched,"Wedding , Festival , Partywear , Travel",Velvet,Handmade,No,Salwar Kameez,"Winter , Summer And Spring",Straight Kurta With Palazzo & Dupatta,3/4 Sleeve,Wine,Women,Knee (39inch),Embroidery Sequence Work,Round Neck,India,https://i.ebayimg.com/images/g/T3YAAOSwZoVnbWcC/s-l1600.webp,https://i.ebayimg.com/images/g/t6QAAOSwMaBnbWcM/s-l1600.webp,https://i.ebayimg.com/images/g/XRsAAOSwqDxnbWcM/s-l1600.webp,https://i.ebayimg.com/images/g/xqgAAOSwjphnbWcL/s-l1600.webp,https://i.ebayimg.com/images/g/~8AAAOSwfeZm9Rxf/s-l1600.webp,,,,,,,,,,
https://www.ebay.com/itm/356519322166?itmmeta=01JW69BT2P3MBF9GXFD10DQXMR&hash=item5302352236:g:CAAAAOSwXeFnm71o,Pakistani Embroidered Kurta Palazzo Dupatta Set – 3-Piece Suit,US $36.89,New without tags,Yes Fully Stitched,"Wedding , Festival , Partywear , Travel",Cotton,Handmade,Hand & Embroidery Work,V Neck,India,Aliya Cut Kurta With Pant & Dupatta,3/4 Sleeve,Purple,Women,Below The Knee (48inch),Salwar Kameez,"Winter , Summer And Spring",,https://i.ebayimg.com/images/g/CAAAAOSwXeFnm71o/s-l1600.webp,https://i.ebayimg.com/images/g/H0kAAOSw-QFnm71m/s-l1600.webp,https://i.ebayimg.com/images/g/kCwAAOSw4-Vnm71o/s-l1600.webp,https://i.ebayimg.com/images/g/Pq0AAOSwc99nm71p/s-l1600.webp,https://i.ebayimg.com/images/g/S~YAAOSwvXpnm71n/s-l1600.webp,https://i.ebayimg.com/images/g/HY8AAOSwbFVnm71p/s-l1600.webp,https://i.ebayimg.com/images/g/7Z4AAOSwtmplsS8H/s-l1600.webp,,,,,,,,
https://www.ebay.com/itm/356608632023?itmmeta=01JW68N2S2F78PBTC6E088H45J&hash=item530787e4d7:g:O5oAAOSwfBZnvgYp,Pink Palazzo Kurta Dupatta Set – Pakistani Salwar Kameez,US $36.89,New without tags,Yes Fully Stitched,"Wedding , Festival , Partywear , Travel , Puja",Cotton,Handmade,Embroidery Work,Salwar Kameez,"Winter , Summer And Spring",Short Flared Kurta With Palazzo & Dupatta,3/4 Sleeve,Pink,Women,Above The Knee,No,V Neck,India,https://i.ebayimg.com/images/g/O5oAAOSwfBZnvgYp/s-l1600.webp,https://i.ebayimg.com/images/g/58MAAOSwndZnvgYp/s-l1600.webp,https://i.ebayimg.com/images/g/ubsAAOSwC8ZnvgYo/s-l1600.webp,https://i.ebayimg.com/images/g/y4wAAOSwXyJnvgYq/s-l1600.webp,https://i.ebayimg.com/images/g/yWUAAOSwo0RnvgYq/s-l1600.webp,https://i.ebayimg.com/images/g/e-IAAOSwhsxnvgYp/s-l1600.webp,https://i.ebayimg.com/images/g/ZuYAAOSwgCVnvgYo/s-l1600.webp,https://i.ebayimg.com/images/g/r3cAAOSwieBnvgYo/s-l1600.webp,https://i.ebayimg.com/images/g/OpoAAOSwBWlnvgYr/s-l1600.webp,https://i.ebayimg.com/images/g/UuUAAOSwT-RnvgYn/s-l1600.webp,https://i.ebayimg.com/images/g/Z50AAOSwcV9lsS8K/s-l1600.webp,,,,
https://www.ebay.com/itm/356263141901?itmmeta=01JW68R8NYKBFDX5MEJ78WFZ6R&hash=item52f2f0220d:g:YaAAAOSwo-JnNy3z,Readymade Kurta Sharara Dupatta Set – Pakistani Salwar Kameez,US $56.57,New without tags,Yes Fully Stitched,"Wedding , Festival , Partywear , Travel",Georgette,Handmade,No,Salwar Kameez,"Winter , Summer And Spring",Straight Kurta With Sharara & Dupatta,3/4 Sleeve,Multi-Color,Women,Knee (47inch),Thread Sequence Work,Round Neck,India,https://i.ebayimg.com/images/g/YaAAAOSwo-JnNy3z/s-l1600.webp,https://i.ebayimg.com/images/g/l1cAAOSwAdhnNy3x/s-l1600.webp,https://i.ebayimg.com/images/g/-c0AAOSwZ6lnNy3w/s-l1600.webp,https://i.ebayimg.com/images/g/TEkAAOSwrSNnNy3u/s-l1600.webp,https://i.ebayimg.com/images/g/3iwAAOSwF81nNy3y/s-l1600.webp,https://i.ebayimg.com/images/g/sioAAOSwpSJnNy30/s-l1600.webp,https://i.ebayimg.com/images/g/rtMAAOSwIOtlsS0o/s-l1600.webp,,,,,,,,
https://www.ebay.com/itm/356781262154?itmmeta=01JW68N2S1V78HDVQMEZT7Q7KT&hash=item5311d2054a:g:72wAAOSwkvxn~hze,Wedding Kurta Palazzo Dupatta Set – Indian Designer Wear,US $36.89,New without tags,Yes Fully Stitched,"Wedding , Festival , Partywear , Travel",Cotton,Handmade,Chikankari Embroidery Sequence Work,Round Neck,India,Straight Kurta With Pant & Dupatta,3/4 Sleeve,White,Women,Knee (45 inch),Salwar Kameez,"Winter , Summer And Spring",,https://i.ebayimg.com/images/g/72wAAOSwkvxn~hze/s-l1600.webp,https://i.ebayimg.com/images/g/5DgAAOSwxPRn~hzg/s-l1600.webp,https://i.ebayimg.com/images/g/LAsAAOSw-hxn~hzg/s-l1600.webp,https://i.ebayimg.com/images/g/0acAAOSwjaRn~hzg/s-l1600.webp,https://i.ebayimg.com/images/g/IJIAAOSwak1n~hzg/s-l1600.webp,https://i.ebayimg.com/images/g/7Z4AAOSwtmplsS8H/s-l1600.webp,,,,,,,,,
https://www.ebay.com/itm/356596099691?itmmeta=01JW68R8NSXCJVJWKT74CH0Q3D&hash=item5306c8aa6b:g:dvQAAOSw6~NnuIG7,Kurta Palazzo Dupatta Set – Wedding Eid Festival Salwar Suit,US $36.89,New with tags,Yes Fully Stitched,"Wedding , Festival , Partywear , Travel",Cotton,Handmade,No,Salwar Kameez,"Winter , Summer And Spring",Anarkali Kurta With Pant & Dupatta,3/4 Sleeve,Multi-Color,Women,Below The Knee (50Inch),Sequence Katha Work,V Neck,India,https://i.ebayimg.com/images/g/dvQAAOSw6~NnuIG7/s-l1600.webp,https://i.ebayimg.com/images/g/akQAAOSw6TdnuIG6/s-l1600.webp,https://i.ebayimg.com/images/g/FbMAAOSwQzRnuIHA/s-l1600.webp,https://i.ebayimg.com/images/g/faYAAOSwU8dnuIHN/s-l1600.webp,https://i.ebayimg.com/images/g/2tYAAOSw-EdnuIHK/s-l1600.webp,https://i.ebayimg.com/images/g/Z50AAOSwcV9lsS8K/s-l1600.webp,,,,,,,,,
https://www.ebay.com/itm/356914489786?itmmeta=01JW69BT2RGYECPBNGZJKVHY9Q&hash=item5319c2e9ba:g:6kIAAOSwKihoKJWY,Blue Salwar Kameez – Women's Wedding Partywear 3-Piece Set,US $38.53,New without tags,Yes Fully Stitched,"Wedding , Festival , Partywear , Travel , Puja","Cotton, Silk Dupatta",Handmade,Printed Dupatta,Salwar Kameez,"Winter , Summer And Spring",Long Kurta With Palazzo & Dupatta,Sleeve Less,Blue,Women,Below The Knee,Yes,Round Neck,India,https://i.ebayimg.com/images/g/6kIAAOSwKihoKJWY/s-l1600.webp,https://i.ebayimg.com/images/g/eKIAAOSw0uBoKJWY/s-l1600.webp,https://i.ebayimg.com/images/g/wrYAAOSw-9BoKJWX/s-l1600.webp,https://i.ebayimg.com/images/g/dc8AAOSwD2xoKJWW/s-l1600.webp,https://i.ebayimg.com/images/g/kdAAAOSw3jNoKJWY/s-l1600.webp,https://i.ebayimg.com/images/g/loMAAOSwOvVoKJWZ/s-l1600.webp,https://i.ebayimg.com/images/g/0vMAAOSwHn5oKJWW/s-l1600.webp,https://i.ebayimg.com/images/g/~a4AAOSwcVloKJWW/s-l1600.webp,https://i.ebayimg.com/images/g/Z50AAOSwcV9lsS8K/s-l1600.webp,,,,,,
https://www.ebay.com/itm/356496465559?itmmeta=01JW68R8NV4T0JNC47P7MY7J3M&hash=item5300d85e97:g:KIEAAOSwHrBnkhrm,Eid Festival Kurta Palazzo Dupatta Set – Designer Kurti Pant,US $38.53,New without tags,Yes Fully Stitched,"Wedding , Festival , Partywear , Travel , Puja",Roman Silk,Handmade,Hand Work,Salwar Kameez,"Winter , Summer And Spring",Straight Kurta With Pant & Dupatta,3/4 Sleeve,Purple,Women,Knee (45inch),No,Round Neck,India,https://i.ebayimg.com/images/g/KIEAAOSwHrBnkhrm/s-l1600.webp,https://i.ebayimg.com/images/g/vL8AAOSwhlxnkhro/s-l1600.webp,https://i.ebayimg.com/images/g/OAAAAOSwszVnkhrn/s-l1600.webp,https://i.ebayimg.com/images/g/fIEAAOSwnbtnkhrn/s-l1600.webp,https://i.ebayimg.com/images/g/kXwAAOSwmAVnkhrp/s-l1600.webp,https://i.ebayimg.com/images/g/QSsAAOSwjIVnkhro/s-l1600.webp,https://i.ebayimg.com/images/g/H3oAAOSwlb5nkhrk/s-l1600.webp,https://i.ebayimg.com/images/g/w~oAAOSwIvlnkhro/s-l1600.webp,https://i.ebayimg.com/images/g/Z50AAOSwcV9lsS8K/s-l1600.webp,,,,,,
https://www.ebay.com/itm/356410074119?itmmeta=01JW69BT2M26SQMYHMRM07TDY4&hash=item52fbb22407:g:P64AAOSw-WFnbVRW,Anarkali Kurta Pant Dupatta Set – Indian Wedding Combo Suit,US $37.71,New without tags,Yes Fully Stitched,"Wedding , Festival , Partywear , Travel , Puja",Cotton,Handmade,Adda and Embroidery Work,Salwar Kameez,"Winter , Summer And Spring",Anarkali Kurta With Pant & Dupatta,3/4 Sleeve,Red,Women,Below the Knee (46inch),No,V Neck,India,https://i.ebayimg.com/images/g/P64AAOSw-WFnbVRW/s-l1600.webp,https://i.ebayimg.com/images/g/EMAAAOSw5m1nbVRW/s-l1600.webp,https://i.ebayimg.com/images/g/iXoAAOSw-txnbVRW/s-l1600.webp,https://i.ebayimg.com/images/g/MPgAAOSwSWJnbVRW/s-l1600.webp,https://i.ebayimg.com/images/g/JlMAAOSwglVnbVRX/s-l1600.webp,https://i.ebayimg.com/images/g/k-EAAOSw3hRnbVRZ/s-l1600.webp,https://i.ebayimg.com/images/g/mPsAAOSw80RnbVRW/s-l1600.webp,https://i.ebayimg.com/images/g/JkcAAOSwaGpnbVRX/s-l1600.webp,https://i.ebayimg.com/images/g/Z50AAOSwcV9lsS8K/s-l1600.webp,,,,,,
https://www.ebay.com/itm/356499594922?itmmeta=01JW68N2S23F9P78ZN2XKSJ5TM&hash=item5301081eaa:g:ysMAAOSwTVRnk0-f,Red Bandhej Kurta Palazzo Dupatta Set – Handwork Salwar Kameez,US $38.53,New without tags,Yes Fully Stitched,"Wedding , Festival , Partywear , Travel , Puja","Cotton, Organza Dupatta",Handmade,Hand Work And Printed,Salwar Kameez,"Winter , Summer And Spring",Straight Kurta With Pant & Dupatta,3/4 Sleeve,Red,Women,Knee,No,Round Neck,India,https://i.ebayimg.com/images/g/ysMAAOSwTVRnk0-f/s-l1600.webp,https://i.ebayimg.com/images/g/u-YAAOSworVnk0-d/s-l1600.webp,https://i.ebayimg.com/images/g/lcEAAOSwdV5nk0-f/s-l1600.webp,https://i.ebayimg.com/images/g/dZ4AAOSw52Rnk0-c/s-l1600.webp,https://i.ebayimg.com/images/g/2v4AAOSwAStnk0-e/s-l1600.webp,https://i.ebayimg.com/images/g/RLYAAOSwE1pnk0-Z/s-l1600.webp,https://i.ebayimg.com/images/g/KZ4AAOSw~Alnk0-f/s-l1600.webp,https://i.ebayimg.com/images/g/PgYAAOSwIS1nk0-b/s-l1600.webp,https://i.ebayimg.com/images/g/8RUAAOSw3bpnk0-b/s-l1600.webp,https://i.ebayimg.com/images/g/Z50AAOSwcV9lsS8K/s-l1600.webp,,,,,
https://www.ebay.com/itm/356529831170?itmmeta=01JW69BT2SQZAYDPM1Y7YNZERQ&hash=item5302d57d02:g:80wAAOSw-etnoGIg,Georgette Top Palazzo Dupatta Set – Bollywood Party Salwar,US $49.19,New without tags,Yes Fully Stitched,"Wedding , Festival , Partywear , Travel",Georgette,Handmade,No,Salwar Kameez,"Winter , Summer And Spring",Straight Kurta With Palazzo & Dupatta,3/4 Sleeve,Yellow,Women,Knee,Thread Sequence Work,Round Neck,India,https://i.ebayimg.com/images/g/80wAAOSw-etnoGIg/s-l1600.webp,https://i.ebayimg.com/images/g/PXYAAOSw-RJnoGIm/s-l1600.webp,https://i.ebayimg.com/images/g/dj0AAOSwOh9noGIj/s-l1600.webp,https://i.ebayimg.com/images/g/MBcAAOSwPX5noGIh/s-l1600.webp,https://i.ebayimg.com/images/g/rtMAAOSwIOtlsS0o/s-l1600.webp,,,,,,,,,,
https://www.ebay.com/itm/355762269567?itmmeta=01JW68R8NXZ6TJWP9J71B61874&hash=item52d5156d7f:g:PY4AAOSw9X5m9j~s,Readymade Salwar Kameez Suit – Ethnic Palazzo Kurta Set,US $36.89,New without tags,Yes Fully Stitched,"Wedding , Festival , Partywear , Travel , Puja",Cotton,Handmade,Embroidery Work,Salwar Kameez,"Winter , Summer And Spring",Straight Kurta With Pant & Dupatta,3/4 Sleeve,Multi-Color,Women,Knee,No,V Neck,India,https://i.ebayimg.com/images/g/PY4AAOSw9X5m9j~s/s-l1600.webp,https://i.ebayimg.com/images/g/UkwAAOSw-eRm9j~p/s-l1600.webp,https://i.ebayimg.com/images/g/rucAAOSwMqpmXSia/s-l1600.webp,https://i.ebayimg.com/images/g/EgUAAOSw~iFmXSiZ/s-l1600.webp,https://i.ebayimg.com/images/g/iWQAAOSw61lmXSiX/s-l1600.webp,https://i.ebayimg.com/images/g/5asAAOSwENtmXSid/s-l1600.webp,https://i.ebayimg.com/images/g/ZDkAAOSwAilmXSic/s-l1600.webp,https://i.ebayimg.com/images/g/~jUAAOSwiZ9mXSib/s-l1600.webp,https://i.ebayimg.com/images/g/cyAAAOSwPJNmXSii/s-l1600.webp,https://i.ebayimg.com/images/g/-PoAAOSwMbtmXSih/s-l1600.webp,https://i.ebayimg.com/images/g/~YEAAOSwrupmXSif/s-l1600.webp,https://i.ebayimg.com/images/g/Z50AAOSwcV9lsS8K/s-l1600.webp,https://i.ebayimg.com/images/g/Qq0AAOSwBAZmXSjb/s-l1600.webp,https://i.ebayimg.com/images/g/PSAAAOSwFUBmXSjh/s-l1600.webp,https://i.ebayimg.com/images/g/faMAAOSwzbtmXSjo/s-l1600.webp
https://www.ebay.com/itm/356456909542?itmmeta=01JW68R8NW4XXY9S8158M67VRQ&hash=item52fe7ccae6:g:2oUAAOSwiYhngiRU,Georgette Kurta Palazzo Dupatta Set – Festival Wedding Wear,US $50.01,New without tags,Yes Fully Stitched,"Wedding , Festival , Partywear , Travel",Georgette,Handmade,No,Salwar Kameez,"Winter , Summer And Spring",Straight Kurta With Palazzo & Dupatta,3/4 Sleeve,Please Check Real Image,Women,Knee (39inch),Embroidery Sequence Work,Round Neck,India,https://i.ebayimg.com/images/g/2oUAAOSwiYhngiRU/s-l1600.webp,https://i.ebayimg.com/images/g/EvwAAOSw0zdngiRQ/s-l1600.webp,https://i.ebayimg.com/images/g/qG4AAOSwG-lngiRY/s-l1600.webp,https://i.ebayimg.com/images/g/rXUAAOSwIdlngiRY/s-l1600.webp,https://i.ebayimg.com/images/g/rtMAAOSwIOtlsS0o/s-l1600.webp,,,,,,,,,,
https://www.ebay.com/itm/356263332130?itmmeta=01JW69BT2RJ6S6YBVKHBJTJ9ZG&hash=item52f2f30922:g:SZAAAOSwudtnNz4C,Blue Velvet Kurta Pant Dupatta Set – Winter Wedding Wear,US $53.29,New without tags,Yes Fully Stitched,"Wedding , Festival , Partywear , Travel","Velvet, Silk Pant, Net Dupatta",Handmade,No,Salwar Kameez,"Winter , Summer And Spring",Straight Kurta With Pant & Dupatta,3/4 Sleeve,Blue,Women,Knee (47 inch),Embroidery Sequence Work,Round Neck,India,https://i.ebayimg.com/images/g/SZAAAOSwudtnNz4C/s-l1600.webp,https://i.ebayimg.com/images/g/sSkAAOSwKa9nNz4B/s-l1600.webp,https://i.ebayimg.com/images/g/HN0AAOSw66FnNz3~/s-l1600.webp,https://i.ebayimg.com/images/g/lHYAAOSwlSNnNz4I/s-l1600.webp,https://i.ebayimg.com/images/g/i10AAOSwAz1nNz4I/s-l1600.webp,https://i.ebayimg.com/images/g/rtMAAOSwIOtlsS0o/s-l1600.webp,,,,,,,,,
https://www.ebay.com/itm/355454098202?itmmeta=01JW69BT2R01PXD6PQX9RRC35B&hash=item52c2b71b1a:g:F5IAAOSw2Q1lx5IL,Pakistani Naira Cut Kurta Palazzo Suit – Readymade Salwar,US $37.71,New without tags,Yes Fully Stitched,"Wedding , Festival , Partywear , Travel",Rayon,Handmade,No,Salwar Kameez,"Winter , Summer And Spring",Straight Side Cut Kurta With Pant & Dupatta,3/4 Sleeve,Maroon,Women,Knee,Hand Work And Printed,Round Neck,India,https://i.ebayimg.com/images/g/F5IAAOSw2Q1lx5IL/s-l1600.webp,https://i.ebayimg.com/images/g/-tUAAOSwUb9lx5ID/s-l1600.webp,https://i.ebayimg.com/images/g/k4sAAOSwrCxlx5IF/s-l1600.webp,https://i.ebayimg.com/images/g/DQAAAOSwAW9lx5II/s-l1600.webp,https://i.ebayimg.com/images/g/~~AAAOSwXo5lx5IA/s-l1600.webp,https://i.ebayimg.com/images/g/Z50AAOSwcV9lsS8K/s-l1600.webp,,,,,,,,,
https://www.ebay.com/itm/356007608172?itmmeta=01JW68R8NXJ6ZJGD5T3YMGW79V&hash=item52e3b4ff6c:g:wKcAAOSwh0Rm1gb-,Ethnic Kurti Palazzo Dupatta Set – 3-Piece Indian Wear,US $36.89,New without tags,Yes Fully Stitched,"Wedding , Festival , Partywear , Travel",Cotton,Handmade,No,Salwar Kameez,"Winter , Summer And Spring",Straight Kurta With Pant & Dupatta,3/4 Sleeve,Blue,Women,Knee,Printed And Hand Work,V Neck,India,https://i.ebayimg.com/images/g/wKcAAOSwh0Rm1gb-/s-l1600.webp,https://i.ebayimg.com/images/g/AxAAAOSw2vhm1gcC/s-l1600.webp,https://i.ebayimg.com/images/g/rXUAAOSwwFBm1gcA/s-l1600.webp,https://i.ebayimg.com/images/g/s40AAOSwbPxm1gcF/s-l1600.webp,https://i.ebayimg.com/images/g/9HMAAOSwPahm1gb8/s-l1600.webp,https://i.ebayimg.com/images/g/Z50AAOSwcV9lsS8K/s-l1600.webp,,,,,,,,,
https://www.ebay.com/itm/356509656792?itmmeta=01JW69BT2NQ74C32WKA97H3HVC&hash=item5301a1a6d8:g:sSAAAOSwrHJnl4d3,Anarkali Kurta Pant Dupatta Set – Readymade Salwar Kameez,US $36.07,New without tags,Yes Fully Stitched,"Wedding , Festival , Partywear , Travel",Cotton,Handmade,No,Salwar Kameez,"Winter , Summer And Spring",Anarkali Kurta With Pant,3/4 Sleeve,Orange,Women,Below The Knee (48inch),Adda and Embroidery Work,Round Neck,India,https://i.ebayimg.com/images/g/sSAAAOSwrHJnl4d3/s-l1600.webp,https://i.ebayimg.com/images/g/jBAAAOSwAmZnl4d1/s-l1600.webp,https://i.ebayimg.com/images/g/KYgAAOSwmChnl4d0/s-l1600.webp,https://i.ebayimg.com/images/g/Z50AAOSwcV9lsS8K/s-l1600.webp,,,,,,,,,,,
https://www.ebay.com/itm/355598633894?itmmeta=01JW69BT2NJPTD9K20Y7QZAR7V&hash=item52cb548ba6:g:C1QAAOSw0-1mC~dY,Pakistani Kurti Pant Set – Wedding Festival Readymade Wear,US $37.71,New without tags,Yes Fully Stitched,"Wedding , Festival , Partywear , Travel , Puja",Cotton,Handmade,Embroidery Work,Salwar Kameez,"Winter , Summer And Spring",Straight Kurta With Pant & Dupatta,3/4 Sleeve,"Yellow , Pink And Black",Women,Knee,No,Round Neck,India,https://i.ebayimg.com/images/g/C1QAAOSw0-1mC~dY/s-l1600.webp,https://i.ebayimg.com/images/g/WKMAAOSwZUVmC~dU/s-l1600.webp,https://i.ebayimg.com/images/g/0MYAAOSwsStmC~dR/s-l1600.webp,https://i.ebayimg.com/images/g/BrgAAOSwzURmC~dB/s-l1600.webp,https://i.ebayimg.com/images/g/0yAAAOSwXWRmC~dL/s-l1600.webp,https://i.ebayimg.com/images/g/drgAAOSw-kxmC~dG/s-l1600.webp,https://i.ebayimg.com/images/g/nP4AAOSwcBhmC~c8/s-l1600.webp,https://i.ebayimg.com/images/g/e4cAAOSwc9VmC~c-/s-l1600.webp,https://i.ebayimg.com/images/g/BI4AAOSwZSxmC~dE/s-l1600.webp,https://i.ebayimg.com/images/g/Z50AAOSwcV9lsS8K/s-l1600.webp,https://i.ebayimg.com/images/g/tHkAAOSwMPpmC~dI/s-l1600.webp,https://i.ebayimg.com/images/g/NLwAAOSwI9dmC~dU/s-l1600.webp,https://i.ebayimg.com/images/g/eM4AAOSwZE5mC~dW/s-l1600.webp,,
https://www.ebay.com/itm/355887732615?itmmeta=01JW68R8NTZNHEX56DXVKJTN51&hash=item52dc8fd787:g:tPkAAOSwaD1mnOq2,Pakistani Wedding Kurta Pant Suit – Readymade Salwar Kameez,US $37.71,New without tags,Yes Fully Stitched,"Wedding , Festival , Partywear , Travel",Cotton,Handmade,No,Salwar Kameez,"Winter , Summer And Spring",A-line Kurta With Pant & Dupatta,3/4 Sleeve,Multi-Color,Women,Below The Knee (49inch),Printed And Embroidery Work,V Neck,India,https://i.ebayimg.com/images/g/tPkAAOSwaD1mnOq2/s-l1600.webp,https://i.ebayimg.com/images/g/g4YAAOSwBE5mnOrA/s-l1600.webp,https://i.ebayimg.com/images/g/sVMAAOSwpINmnOq6/s-l1600.webp,https://i.ebayimg.com/images/g/ZoAAAOSwhlVmnOq9/s-l1600.webp,https://i.ebayimg.com/images/g/wZ8AAOSwtOdmnOq4/s-l1600.webp,https://i.ebayimg.com/images/g/sikAAOSwO9tmnOqz/s-l1600.webp,https://i.ebayimg.com/images/g/Q~QAAOSwzKdlsS7a/s-l1600.webp,,,,,,,,
https://www.ebay.com/itm/356735193204?itmmeta=01JW69BT2Q0BS5KN4NYM97FYMM&hash=item530f131074:g:B-0AAOSw3DNn7oIy,Gift for Her – Readymade Kurta Palazzo Dupatta Set,US $36.89,New without tags,Yes Fully Stitched,"Wedding , Festival , Partywear , Travel",Cotton,Handmade,No,Salwar Kameez,"Winter , Summer And Spring",Straight Kurta With Pant & Dupatta,3/4 Sleeve,Wine,Women,Knee,Printed,V Neck,India,https://i.ebayimg.com/images/g/B-0AAOSw3DNn7oIy/s-l1600.webp,https://i.ebayimg.com/images/g/5kgAAOSw03Vn7oIz/s-l1600.webp,https://i.ebayimg.com/images/g/2gMAAOSw5KZn7oI0/s-l1600.webp,https://i.ebayimg.com/images/g/jMoAAOSwCE9n7oI0/s-l1600.webp,https://i.ebayimg.com/images/g/Z50AAOSwcV9lsS8K/s-l1600.webp,,,,,,,,,,
https://www.ebay.com/itm/356395138521?itmmeta=01JW69BT2Q90RWB92EBT22P9KA&hash=item52face3dd9:g:RaMAAOSwDWJnZpP1,Heavy Wedding Kurta Palazzo Dupatta Set – Designer Wear,US $49.19,New with tags,Yes Fully Stitched,"Wedding , Festival , Partywear , Travel",Georgette,Handmade,No,Salwar Kameez,"Winter , Summer And Spring",Straight Kurta With Palazzo & Dupatta,3/4 Sleeve,Green,Women,Knee,Embroidery Sequence Work,Round Neck,India,https://i.ebayimg.com/images/g/RaMAAOSwDWJnZpP1/s-l1600.webp,https://i.ebayimg.com/images/g/VEEAAOSwe5ZnZpP1/s-l1600.webp,https://i.ebayimg.com/images/g/2NkAAOSwwstnZpP2/s-l1600.webp,https://i.ebayimg.com/images/g/Z50AAOSwcV9lsS8K/s-l1600.webp,,,,,,,,,,,
https://www.ebay.com/itm/356783435579?itmmeta=01JW68R8NX5TR487KAGB4GYGBY&hash=item5311f32f3b:g:-OIAAOSwXN1n~o09,Khadi Cotton Kurta Palazzo Dupatta Set – 3-Piece Salwar Kameez,US $36.89,New without tags,Yes Fully Stitched,"Wedding , Festival , Partywear , Travel , Puja","Cotton, Silk Dupatta",Handmade,Embroidery Work And Printed Dupatta,Salwar Kameez,"Winter , Summer And Spring",Straight Kurta With Pant & Dupatta,3/4 Sleeve,Multi-Color,Women,Knee,No,Round Neck,India,https://i.ebayimg.com/images/g/-OIAAOSwXN1n~o09/s-l1600.webp,https://i.ebayimg.com/images/g/uPgAAOSw1cxn~o04/s-l1600.webp,https://i.ebayimg.com/images/g/69AAAOSwL91n~o0~/s-l1600.webp,https://i.ebayimg.com/images/g/NRQAAOSw3yFn~o1k/s-l1600.webp,https://i.ebayimg.com/images/g/rdUAAOSwE0Bn~o09/s-l1600.webp,https://i.ebayimg.com/images/g/Z50AAOSwcV9lsS8K/s-l1600.webp,,,,,,,,,
https://www.ebay.com/itm/356376886438?itmmeta=01JW68N2RZZ1K13RR24W070TBR&hash=item52f9b7bca6:g:97sAAOSw9B1nXw8o,Wedding Kurta Palazzo Dupatta Set – Readymade Salwar Kameez,US $51.65,New without tags,Yes Fully Stitched,"Wedding , Festival , Partywear , Travel","Velvet, Silk Dupatta",Handmade,No,Salwar Kameez,"Winter , Summer And Spring",Straight Kurta With Palazzo & Dupatta,3/4 Sleeve,Wine,Women,Knee (42inch),Embroidery Sequence Work,V Neck,India,https://i.ebayimg.com/images/g/97sAAOSw9B1nXw8o/s-l1600.webp,https://i.ebayimg.com/images/g/2xYAAOSwU3BnXw8n/s-l1600.webp,https://i.ebayimg.com/images/g/4bUAAOSwA71nXw8s/s-l1600.webp,https://i.ebayimg.com/images/g/8OcAAOSwCFdnXw8q/s-l1600.webp,https://i.ebayimg.com/images/g/p~wAAOSweqZnXw8q/s-l1600.webp,https://i.ebayimg.com/images/g/rtMAAOSwIOtlsS0o/s-l1600.webp,,,,,,,,,
https://www.ebay.com/itm/356572168815?itmmeta=01JW68R8NVAW4QX89W8N9RBCZC&hash=item53055b826f:g:AwQAAOSwFudnr0QD,Bollywood Anarkali Kurta Set – Eid Wear Palazzo Dupatta,US $36.89,New without tags,Yes Fully Stitched,"Wedding , Festival , Partywear , Travel , Puja",Cotton,Handmade,Embroidery Work,Salwar Kameez,"Winter , Summer And Spring",Flared Anarkali Kurta With Pant & Dupatta,3/4 Sleeve,Blue,Women,Below The Knee,No,V Neck,India,https://i.ebayimg.com/images/g/AwQAAOSwFudnr0QD/s-l1600.webp,https://i.ebayimg.com/images/g/z7AAAOSwnXRnr0QB/s-l1600.webp,https://i.ebayimg.com/images/g/9OwAAOSwRLhnr0QF/s-l1600.webp,https://i.ebayimg.com/images/g/Y-cAAOSwXDFnr0QD/s-l1600.webp,https://i.ebayimg.com/images/g/vkEAAOSwBJNnr0QD/s-l1600.webp,https://i.ebayimg.com/images/g/u2gAAOSw2p9nr0QF/s-l1600.webp,https://i.ebayimg.com/images/g/fIoAAOSwHH5nr0QF/s-l1600.webp,https://i.ebayimg.com/images/g/YykAAOSwOotnr0QF/s-l1600.webp,https://i.ebayimg.com/images/g/aCMAAOSwB45nr0QD/s-l1600.webp,https://i.ebayimg.com/images/g/~0sAAOSwBaxnr0QH/s-l1600.webp,https://i.ebayimg.com/images/g/Z50AAOSwcV9lsS8K/s-l1600.webp,,,,
https://www.ebay.com/itm/356062541391?itmmeta=01JW68R8NXJJ9ZQ7Y0QCH3W8D2&hash=item52e6fb364f:g:RjUAAOSwOqZm67qX,Designer Palazzo Kurta Set – Readymade Salwar Kameez 2-Piece,US $32.79,New without tags,Yes Fully Stitched,"Wedding , Festival , Partywear , Travel",Cotton,Handmade,No,Salwar Kameez,"Winter , Summer And Spring",Kurta With Pant,3/4 Sleeve,Red,Women,Knee (46 inch),Printed,Round Neck,India,https://i.ebayimg.com/images/g/RjUAAOSwOqZm67qX/s-l1600.webp,https://i.ebayimg.com/images/g/T88AAOSwwwhm67qN/s-l1600.webp,https://i.ebayimg.com/images/g/xpMAAOSwTkFm67p1/s-l1600.webp,https://i.ebayimg.com/images/g/jq0AAOSwYKZm67qJ/s-l1600.webp,https://i.ebayimg.com/images/g/JRQAAOSwogRlzMF3/s-l1600.webp,,,,,,,,,,
https://www.ebay.com/itm/355713440859?itmmeta=01JW69BT2QMRZM64W3NTSKVT1G&hash=item52d22c5c5b:g:NgwAAOSw2mZmQ2Lj,Pakistani Embroidered Salwar Kameez – Festival Wear Readymade,US $37.71,New without tags,Yes Fully Stitched,"Wedding , Festival , Partywear , Travel",Rayon,Handmade,No,Salwar Kameez,"Winter , Summer And Spring",Straight Kurta With Pant & Dupatta,3/4 Sleeve,Purple,Women,Knee,Embroidery Work,Round Neck,India,https://i.ebayimg.com/images/g/NgwAAOSw2mZmQ2Lj/s-l1600.webp,https://i.ebayimg.com/images/g/mK0AAOSwPWBmQ2Ly/s-l1600.webp,https://i.ebayimg.com/images/g/Pc4AAOSwe9dmQ2Lm/s-l1600.webp,https://i.ebayimg.com/images/g/raMAAOSw-HhmQ2L2/s-l1600.webp,https://i.ebayimg.com/images/g/UFYAAOSwbKxmQ2Ls/s-l1600.webp,https://i.ebayimg.com/images/g/z1QAAOSw0UFmQ2MM/s-l1600.webp,https://i.ebayimg.com/images/g/rtMAAOSwIOtlsS0o/s-l1600.webp,,,,,,,,
https://www.ebay.com/itm/356401364618?itmmeta=01JW68N2S2ZWYZ5YEEB3MQG43M&hash=item52fb2d3e8a:g:XJIAAOSwOyFnaS1i,White Embroidered Kurta Palazzo Dupatta Set – Wedding Wear,US $54.11,New without tags,Yes Fully Stitched,"Wedding , Festival , Partywear , Travel",Chinon,Handmade,No,Salwar Kameez,"Winter , Summer And Spring",Straight Kurta With Palazzo & Dupatta,Full Sleeve,White,Women,Knee (47inch),Embroidery Sequence Work,Round Neck,India,https://i.ebayimg.com/images/g/XJIAAOSwOyFnaS1i/s-l1600.webp,https://i.ebayimg.com/images/g/6V4AAOSwdpNnaS1j/s-l1600.webp,https://i.ebayimg.com/images/g/VkMAAOSwtPxnaS1i/s-l1600.webp,https://i.ebayimg.com/images/g/tHEAAOSw1MVnaS1j/s-l1600.webp,https://i.ebayimg.com/images/g/WKYAAOSwKuJnaS1l/s-l1600.webp,https://i.ebayimg.com/images/g/30IAAOSwN-hnaS1i/s-l1600.webp,https://i.ebayimg.com/images/g/jtcAAOSwiqtnaS1n/s-l1600.webp,https://i.ebayimg.com/images/g/YxAAAOSw6LNnaS1m/s-l1600.webp,https://i.ebayimg.com/images/g/~8AAAOSwfeZm9Rxf/s-l1600.webp,,,,,,
https://www.ebay.com/itm/356912976710?itmmeta=01JW68R8NSBDKAP16W740P4KQQ&hash=item5319abd346:g:AH0AAOSwn0RoKEst,Designer Salwar Kameez – Readymade Kurta Palazzo Set for Gift,US $36.89,New without tags,Yes Fully Stitched,"Wedding , Festival , Partywear , Travel , Puja",Cotton,Handmade,Sequence Work & Printed,Salwar Kameez,"Winter , Summer And Spring",Straight Kurta With Pant & Dupatta,3/4 Sleeve,Multi-Color,Women,Knee,No,Round Neck,India,https://i.ebayimg.com/images/g/AH0AAOSwn0RoKEst/s-l1600.webp,https://i.ebayimg.com/images/g/WQ8AAOSwtpFoKEss/s-l1600.webp,https://i.ebayimg.com/images/g/xWwAAOSwVxpoKEsr/s-l1600.webp,https://i.ebayimg.com/images/g/O5YAAOSwZV1oKEss/s-l1600.webp,https://i.ebayimg.com/images/g/aXAAAOSwhD1oKEsy/s-l1600.webp,https://i.ebayimg.com/images/g/tO0AAOSwikxoKEsx/s-l1600.webp,https://i.ebayimg.com/images/g/Z50AAOSwcV9lsS8K/s-l1600.webp,,,,,,,,
https://www.ebay.com/itm/356382734816?itmmeta=01JW68R8NX6C7VBCAXBFTG22Q8&hash=item52fa10f9e0:g:454AAOSwO6FnYcv3,Red Velvet Kurta Pant Dupatta Set – Winter Wear Palazzo Suit,US $38.53,New without tags,Yes Fully Stitched,"Wedding , Festival , Partywear , Travel","Velvet, Organza Dupatta",Handmade,No,Salwar Kameez,"Winter , Summer And Spring",Straight Kurta With Pant & Dupatta,3/4 Sleeve,Maroon,Women,Knee,Embroidery Work,Round Neck,India,https://i.ebayimg.com/images/g/454AAOSwO6FnYcv3/s-l1600.webp,https://i.ebayimg.com/images/g/GO0AAOSwtYJnYcv2/s-l1600.webp,https://i.ebayimg.com/images/g/2XMAAOSwPRZnYcv4/s-l1600.webp,https://i.ebayimg.com/images/g/5wYAAOSwK51nYcv2/s-l1600.webp,https://i.ebayimg.com/images/g/docAAOSwt99nYcv6/s-l1600.webp,https://i.ebayimg.com/images/g/rtMAAOSwIOtlsS0o/s-l1600.webp,,,,,,,,,
https://www.ebay.com/itm/356851440684?itmmeta=01JW69BT2P3Z695MMYM5J823AR&hash=item531600dc2c:g:ot0AAOSwIvVoFNdr,Anarkali Kurta Kurti Set – Pakistani Gift 3-Piece Combo,US $37.71,New without tags,Yes Fully Stitched,"Wedding , Festival , Partywear , Travel",Cotton,Handmade,No,Salwar Kameez,"Winter , Summer And Spring",Anarkali Kurta With Pant & Dupatta,3/4 Sleeve,Green,Women,Below The Knee (46inch),Embroidery Work And Printed,Round Neck,India,https://i.ebayimg.com/images/g/ot0AAOSwIvVoFNdr/s-l1600.webp,https://i.ebayimg.com/images/g/j2EAAOSwLFdoFNdp/s-l1600.webp,https://i.ebayimg.com/images/g/uroAAOSwsMhoFNeb/s-l1600.webp,https://i.ebayimg.com/images/g/EawAAOSwctNoFNdn/s-l1600.webp,https://i.ebayimg.com/images/g/Z50AAOSwcV9lsS8K/s-l1600.webp,,,,,,,,,,
https://www.ebay.com/itm/356537242633?itmmeta=01JW68R8NV09D1PS8BFRN0CRHT&hash=item5303469409:g:3pUAAOSwt5Rno1yO,Chinon Silk Kurta Palazzo Dupatta Set – Bollywood Party Suit,US $49.19,New without tags,Yes Fully Stitched,"Wedding , Festival , Partywear , Travel",Chinon Silk,Handmade,No,Salwar Kameez,"Winter , Summer And Spring",Straight Kurta With Palazzo & Dupatta,3/4 Sleeve,Red,Women,Knee (42inch),Embroidery Sequence Work,Round Neck,India,https://i.ebayimg.com/images/g/3pUAAOSwt5Rno1yO/s-l1600.webp,https://i.ebayimg.com/images/g/T4wAAOSwQ3tno1yZ/s-l1600.webp,https://i.ebayimg.com/images/g/N5oAAOSwuM9no1yV/s-l1600.webp,https://i.ebayimg.com/images/g/NSoAAOSwripno1yU/s-l1600.webp,https://i.ebayimg.com/images/g/-N4AAOSwq~dno1yU/s-l1600.webp,https://i.ebayimg.com/images/g/rtMAAOSwIOtlsS0o/s-l1600.webp,,,,,,,,,
https://www.ebay.com/itm/356410202334?itmmeta=01JW69BT2N3R58TFWKBHQ3106W&hash=item52fbb418de:g:OoAAAOSwwelnbWY4,Velvet Kurta Palazzo Dupatta Set – Winter Wedding Wear Combo,US $49.19,New without tags,Yes Fully Stitched,"Wedding , Festival , Partywear , Travel",Velvet,Handmade,No,Salwar Kameez,"Winter , Summer And Spring",Straight Kurta With Palazzo & Dupatta,3/4 Sleeve,Blue,Women,Knee (39inch),Embroidery Sequence Work,Round Neck,India,https://i.ebayimg.com/images/g/OoAAAOSwwelnbWY4/s-l1600.webp,https://i.ebayimg.com/images/g/sokAAOSwQg5nbWY7/s-l1600.webp,https://i.ebayimg.com/images/g/LOYAAOSw2ABnbWY7/s-l1600.webp,https://i.ebayimg.com/images/g/m0kAAOSw~EBnbWY7/s-l1600.webp,https://i.ebayimg.com/images/g/~8AAAOSwfeZm9Rxf/s-l1600.webp,,,,,,,,,,
https://www.ebay.com/itm/356185586659?itmmeta=01JW69BT2P8911W0F768889DEA&hash=item52ee50bbe3:g:69IAAOSwJLlnGhCH,Pakistani Embroidered Kurta Palazzo Dupatta Set – Readymade,US $36.89,New without tags,Yes Fully Stitched,"Wedding , Festival , Partywear , Travel , Puja","Cotton, Chffion Dupatta",Handmade,Embroidery Work,Salwar Kameez,"Winter , Summer And Spring",Straight Kurta With Pant & Dupatta,3/4 Sleeve,Multi-Color,Women,Knee (46 inch),No,Round Neck,India,https://i.ebayimg.com/images/g/69IAAOSwJLlnGhCH/s-l1600.webp,https://i.ebayimg.com/images/g/GYEAAOSwgzFnGhCG/s-l1600.webp,https://i.ebayimg.com/images/g/5hcAAOSw6fFnGhCG/s-l1600.webp,https://i.ebayimg.com/images/g/~30AAOSwkFBnGhCI/s-l1600.webp,https://i.ebayimg.com/images/g/g3sAAOSwxo5nGhCA/s-l1600.webp,https://i.ebayimg.com/images/g/0jIAAOSw2llnGhCG/s-l1600.webp,https://i.ebayimg.com/images/g/~EQAAOSwFP9nGhCG/s-l1600.webp,https://i.ebayimg.com/images/g/Z50AAOSwcV9lsS8K/s-l1600.webp,,,,,,,
https://www.ebay.com/itm/356412535080?itmmeta=01JW68R8NWKNTVV8BJ98ZM9MT3&hash=item52fbd7b128:g:Y-AAAOSwA8hnbqBe,Velvet Kurta Palazzo Dupatta Set – Wedding Gift Salwar Suit,US $50.01,New without tags,Yes Fully Stitched,"Wedding , Festival , Partywear , Travel","Velvet, Georgette Dupatta",Handmade,No,Salwar Kameez,"Winter , Summer And Spring",Straight Kurta With Palazzo & Dupatta,3/4 Sleeve,Red,Women,Below The Knee (48inch),Embroidery Sequence Work And Moti Work,Round Neck,India,https://i.ebayimg.com/images/g/Y-AAAOSwA8hnbqBe/s-l1600.webp,https://i.ebayimg.com/images/g/8doAAOSwix9nbqBe/s-l1600.webp,https://i.ebayimg.com/images/g/Ln4AAOSwG8FnbqBd/s-l1600.webp,https://i.ebayimg.com/images/g/~8AAAOSwfeZm9Rxf/s-l1600.webp,,,,,,,,,,,
https://www.ebay.com/itm/356141068683?itmmeta=01JW69BT2NEZ0YGQA61M662G5H&hash=item52eba9718b:g:dEwAAOSw74xnClHY,Pakistani Partywear Kurta Palazzo Sharara Suit – Bollywood Style,US $54.11,New without tags,Yes Fully Stitched,"Wedding , Festival , Partywear , Travel",Georgette,Handmade,No,Pakistani,"Winter , Summer And Spring",Straight Kurta With Sharara & Dupatta,3/4 Sleeve,Multi-Color,Women,Knee (40inch),Real Mirror and Codding Sequence Embroidery,Round Neck,India,https://i.ebayimg.com/images/g/dEwAAOSw74xnClHY/s-l1600.webp,https://i.ebayimg.com/images/g/d3gAAOSwgRhnClHU/s-l1600.webp,https://i.ebayimg.com/images/g/PnEAAOSwQwFnClHS/s-l1600.webp,https://i.ebayimg.com/images/g/pyMAAOSwouhnClHO/s-l1600.webp,https://i.ebayimg.com/images/g/3fkAAOSwM-5nClHQ/s-l1600.webp,https://i.ebayimg.com/images/g/If4AAOSwlBNnClHW/s-l1600.webp,https://i.ebayimg.com/images/g/rtMAAOSwIOtlsS0o/s-l1600.webp,,,,,,,,
https://www.ebay.com/itm/355722022593?itmmeta=01JW69BT2SKJANXP1D82RMZ0BH&hash=item52d2af4ec1:g:sKIAAOSwj2xmR6Dl,Pakistani Embroidered Salwar Kameez – Readymade Bollywood Wear,US $22.13,New without tags,Yes Fully Stitched,"Wedding , Festival , Partywear , Travel",Rayon,Handmade,No,Salwar Kameez,"Winter , Summer And Spring",Straight Kurta With Pant & Dupatta,3/4 Sleeve,Pink,Women,Knee,Embroidery Work,Round Neck,India,https://i.ebayimg.com/images/g/sKIAAOSwj2xmR6Dl/s-l1600.webp,https://i.ebayimg.com/images/g/iKQAAOSw2BxmR6D3/s-l1600.webp,https://i.ebayimg.com/images/g/JRQAAOSwogRlzMF3/s-l1600.webp,,,,,,,,,,,,
https://www.ebay.com/itm/355872973090?itmmeta=01JW68N2S0J13X97ZMD28C4NS0&hash=item52dbaea122:g:QIIAAOSwwsdmlTRf,White Kurta Palazzo Dupatta Set – Wedding Readymade Salwar,US $39.35,New without tags,Yes Fully Stitched,"Wedding , Festival , Partywear , Travel","Cotton, Kota Doriya",Handmade,Embroidery Work,V Neck,India,Straight Kurta With Pant & Dupatta,3/4 Sleeve,White,Women,Knee,Salwar Kameez,"Winter , Summer And Spring",,https://i.ebayimg.com/images/g/QIIAAOSwwsdmlTRf/s-l1600.webp,https://i.ebayimg.com/images/g/kGYAAOSw6CNmlTRd/s-l1600.webp,https://i.ebayimg.com/images/g/O10AAOSwLG1mlTRb/s-l1600.webp,https://i.ebayimg.com/images/g/LXsAAOSwA1VmlTRZ/s-l1600.webp,https://i.ebayimg.com/images/g/IWIAAOSw4WlmlTRU/s-l1600.webp,https://i.ebayimg.com/images/g/ukwAAOSwTANmlTRS/s-l1600.webp,https://i.ebayimg.com/images/g/qC0AAOSwAFJmlTRX/s-l1600.webp,https://i.ebayimg.com/images/g/7Z4AAOSwtmplsS8H/s-l1600.webp,,,,,,,
https://www.ebay.com/itm/356434226566?itmmeta=01JW68N2RYJEW4K7CNG3Y58SS4&hash=item52fd22ad86:g:CfEAAOSwqxJneOFv,White Readymade Kurta Palazzo Dupatta Set – Designer Wedding Wear,US $40.17,New without tags,Yes Fully Stitched,"Wedding , Festival , Partywear , Travel , Puja","Cotton, Banarasi Dupatta",Handmade,Embroidery Work And Printed Dupatta,Salwar Kameez,"Winter , Summer And Spring",Straight Kurta With Pant & Dupatta,3/4 Sleeve,White,Women,Knee,No,V Neck,India,https://i.ebayimg.com/images/g/CfEAAOSwqxJneOFv/s-l1600.webp,https://i.ebayimg.com/images/g/KDAAAOSwJVBneOFv/s-l1600.webp,https://i.ebayimg.com/images/g/MjYAAOSwXRNneOFu/s-l1600.webp,https://i.ebayimg.com/images/g/Jn8AAOSwuvVneOFu/s-l1600.webp,https://i.ebayimg.com/images/g/uPkAAOSwDKtneOFt/s-l1600.webp,https://i.ebayimg.com/images/g/zDkAAOSwLgtneOFt/s-l1600.webp,https://i.ebayimg.com/images/g/GMsAAOSwUHJneOFu/s-l1600.webp,https://i.ebayimg.com/images/g/06wAAOSwKCpneOFq/s-l1600.webp,https://i.ebayimg.com/images/g/Z50AAOSwcV9lsS8K/s-l1600.webp,,,,,,
https://www.ebay.com/itm/356575025332?itmmeta=01JW68R8NXN4ARY9YPYQFYVKT2&hash=item53058718b4:g:b9gAAOSw8ktnsHoQ,Eid Festival Lehenga Choli Dupatta Set – Wedding Salwar Kameez,US $57.39,New without tags,Yes Fully Stitched,"Wedding , Festival , Partywear , Travel",Georgette,Handmade,No,Lengha,"Winter , Summer And Spring",Flared Lehenga With Blouse & Dupatta,Half Sleeve,Multi-Color,Women,Full (Lehenga),Sequence Work,V Neck,India,https://i.ebayimg.com/images/g/b9gAAOSw8ktnsHoQ/s-l1600.webp,https://i.ebayimg.com/images/g/cbYAAOSwtt5nsHoQ/s-l1600.webp,https://i.ebayimg.com/images/g/OyIAAOSwzlZnsHoQ/s-l1600.webp,https://i.ebayimg.com/images/g/z3UAAOSwBkdnsHoQ/s-l1600.webp,https://i.ebayimg.com/images/g/PV8AAOSwsVZnsHoe/s-l1600.webp,https://i.ebayimg.com/images/g/dzsAAOSw2a5nsHoW/s-l1600.webp,https://i.ebayimg.com/images/g/b90AAOSw8ktnsHoa/s-l1600.webp,https://i.ebayimg.com/images/g/voYAAOSwordnsHoV/s-l1600.webp,https://i.ebayimg.com/images/g/l5AAAOSwFKFnsHoY/s-l1600.webp,https://i.ebayimg.com/images/g/rtMAAOSwIOtlsS0o/s-l1600.webp,,,,,
https://www.ebay.com/itm/356783372054?itmmeta=01JW69BT2NACMBJ5YZCBCJE4K3&hash=item5311f23716:g:TBkAAOSwwwxn~oVR,Maroon Anarkali Kurta Pant Dupatta Set – Designer Kurti Top,US $36.89,New without tags,Yes Fully Stitched,"Wedding , Festival , Partywear , Travel , Puja",Cotton,Handmade,Embroidery Work And Printed,Salwar Kameez,"Winter , Summer And Spring",Anarkali Kurta With Pant & Dupatta,3/4 Sleeve,Multi-Color,Women,Below The Knee,No,Round Neck,India,https://i.ebayimg.com/images/g/TBkAAOSwwwxn~oVR/s-l1600.webp,https://i.ebayimg.com/images/g/AqwAAOSwzAtn~oVU/s-l1600.webp,https://i.ebayimg.com/images/g/QF0AAOSwuzFn~oVQ/s-l1600.webp,https://i.ebayimg.com/images/g/AqsAAOSwzAtn~oVP/s-l1600.webp,https://i.ebayimg.com/images/g/cq8AAOSw77Zn~oVR/s-l1600.webp,https://i.ebayimg.com/images/g/fHMAAOSwHMdn~oVX/s-l1600.webp,https://i.ebayimg.com/images/g/rWYAAOSwC~hn~oWC/s-l1600.webp,https://i.ebayimg.com/images/g/Z50AAOSwcV9lsS8K/s-l1600.webp,,,,,,,
https://www.ebay.com/itm/356477949948?itmmeta=01JW68R8NXAXMWZJWRF9E7ANPX&hash=item52ffbdd7fc:g:UAsAAOSwwlpnil~8,Cotton Printed Kurta Palazzo Dupatta Set – Straight Kurti Pant,US $37.71,New without tags,Yes Fully Stitched,"Wedding , Festival , Partywear , Travel , Puja",Cotton,Handmade,Printed,Salwar Kameez,"Winter , Summer And Spring",Straight Kurta With Pant & Dupatta,3/4 Sleeve,Multi-Color,Women,Knee,No,V Neck,India,https://i.ebayimg.com/images/g/UAsAAOSwwlpnil~8/s-l1600.webp,https://i.ebayimg.com/images/g/GEcAAOSwvYZnil~7/s-l1600.webp,https://i.ebayimg.com/images/g/-7YAAOSwPeJnil~7/s-l1600.webp,https://i.ebayimg.com/images/g/EukAAOSwumBnil~8/s-l1600.webp,https://i.ebayimg.com/images/g/0hwAAOSwn~NnimAE/s-l1600.webp,https://i.ebayimg.com/images/g/b7MAAOSw5OhnimAC/s-l1600.webp,https://i.ebayimg.com/images/g/430AAOSwNchnimAI/s-l1600.webp,https://i.ebayimg.com/images/g/Z50AAOSwcV9lsS8K/s-l1600.webp,,,,,,,
https://www.ebay.com/itm/356127056269?itmmeta=01JW69BT2NRCBTMJZFZ8KHP24K&hash=item52ead3a18d:g:mIEAAOSwOTVnBPRm,Red Palazzo Kurta Dupatta Set – Heavy Work Readymade Salwar,US $38.53,New without tags,Yes Fully Stitched,"Wedding , Festival , Partywear , Travel","Rayon, Chanderi Dupatta",Handmade,No,Salwar Kameez,"Winter , Summer And Spring",Straight Kurta With Pant & Dupatta,3/4 Sleeve,Red,Women,Knee (46 inch),Embroidery Work And Printed Dupatta,Round Neck,India,https://i.ebayimg.com/images/g/mIEAAOSwOTVnBPRm/s-l1600.webp,https://i.ebayimg.com/images/g/JMgAAOSwTWtnBPSA/s-l1600.webp,https://i.ebayimg.com/images/g/t68AAOSwIaZnBPRz/s-l1600.webp,https://i.ebayimg.com/images/g/G20AAOSw3rhnBPRd/s-l1600.webp,https://i.ebayimg.com/images/g/tYsAAOSw1-hnBPSO/s-l1600.webp,https://i.ebayimg.com/images/g/UUEAAOSw981nBPRO/s-l1600.webp,https://i.ebayimg.com/images/g/YT4AAOSwl1BnBPRW/s-l1600.webp,https://i.ebayimg.com/images/g/wpoAAOSwBbZnBPRH/s-l1600.webp,https://i.ebayimg.com/images/g/Z50AAOSwcV9lsS8K/s-l1600.webp,,,,,,
https://www.ebay.com/itm/356284395926?itmmeta=01JW69BT2Q4NA056X986ABSYRC&hash=item52f4347196:g:2jUAAOSw6wNnPgwW,Valentine's Day Gift – Red Kurta Palazzo Bollywood Party Suit,US $45.09,New without tags,Yes Fully Stitched,"Wedding , Festival , Partywear , Travel",Delta Fabric,Handmade,No,Salwar Kameez,"Winter , Summer And Spring",Straight Kurta With Palazzo & Dupatta,3/4 Sleeve,Red,Women,Knee (48 inch),Thread Embroidery Work,V Neck,India,https://i.ebayimg.com/images/g/2jUAAOSw6wNnPgwW/s-l1600.webp,https://i.ebayimg.com/images/g/Yj0AAOSw5W1nPgwn/s-l1600.webp,https://i.ebayimg.com/images/g/rtMAAOSwIOtlsS0o/s-l1600.webp,,,,,,,,,,,,
https://www.ebay.com/itm/356518638165?itmmeta=01JW68N2S2F8T8MRFBBWCAMB3K&hash=item53022ab255:g:2u4AAOSwGcRnm3vZ,Readymade Kurta Palazzo Dupatta Set – Wedding Festival Combo,US $36.89,New without tags,Yes Fully Stitched,"Wedding , Festival , Partywear , Travel",Cotton,Handmade,Adda Work And Printed Dupatta,V Neck,India,Flared Kurta With Pant & Dupatta,3/4 Sleeve,Multi-Color,Women,Below The Knee (49inch),Salwar Kameez,"Winter , Summer And Spring",,https://i.ebayimg.com/images/g/2u4AAOSwGcRnm3vZ/s-l1600.webp,https://i.ebayimg.com/images/g/uc8AAOSw52Rnm3vZ/s-l1600.webp,https://i.ebayimg.com/images/g/CGgAAOSw2fJnm3vc/s-l1600.webp,https://i.ebayimg.com/images/g/DFQAAOSw~OJnm3vX/s-l1600.webp,https://i.ebayimg.com/images/g/nkUAAOSwDYNnm3vY/s-l1600.webp,https://i.ebayimg.com/images/g/Mq4AAOSwRwVnm3vc/s-l1600.webp,https://i.ebayimg.com/images/g/hKIAAOSwEMtnm3va/s-l1600.webp,https://i.ebayimg.com/images/g/7~oAAOSwmwdnm3vY/s-l1600.webp,https://i.ebayimg.com/images/g/ar0AAOSwIGlnm3vX/s-l1600.webp,https://i.ebayimg.com/images/g/7Z4AAOSwtmplsS8H/s-l1600.webp,,,,,
https://www.ebay.com/itm/356934598230?itmmeta=01JW68N2S3Q2Z95NTRKEPCNVM0&hash=item531af5be56:g:0kQAAOSw9sVoLNS7,Plus Size Kurta Dupatta Set – Upto 7XL Kurtis & Kurta Suit,US $62.99,New without tags,Yes Fully Stitched,"Wedding , Festival , Partywear , Travel",Georgette,Handmade,No,Salwar Kameez,"Winter , Summer And Spring",Anarkali Kurta With Dupatta,Full Sleeve,Multi-Color,Women,Full (55-56inch),Embroidery Sequence Work,V Neck,India,https://i.ebayimg.com/images/g/0kQAAOSw9sVoLNS7/s-l1600.webp,https://i.ebayimg.com/images/g/rtMAAOSwIOtlsS0o/s-l1600.webp,,,,,,,,,,,,,
https://www.ebay.com/itm/356047031647?itmmeta=01JW68R8NSQYHAE1PXZ9W6HANA&hash=item52e60e8d5f:g:qpgAAOSwkeFm5in6,Muslin Silk Kurta Palazzo Dupatta Set – Festival Kurti Pant,US $40.99,New without tags,Yes Fully Stitched,"Wedding , Festival , Partywear , Travel , Puja",Silk,Handmade,Yes,Salwar Kameez,"Winter , Summer And Spring",Straight Kurta With Pant & Dupatta,3/4 Sleeve,Purple With White,Women,Knee,Embroidery Work And Beads Hand Adda Work,V Neck,India,https://i.ebayimg.com/images/g/qpgAAOSwkeFm5in6/s-l1600.webp,https://i.ebayimg.com/images/g/r2sAAOSw01xm5in4/s-l1600.webp,https://i.ebayimg.com/images/g/G~4AAOSwUotm5in2/s-l1600.webp,https://i.ebayimg.com/images/g/q5QAAOSwcI9m5in0/s-l1600.webp,https://i.ebayimg.com/images/g/kN4AAOSwaB5m5inw/s-l1600.webp,https://i.ebayimg.com/images/g/OSsAAOSwvD5m5iny/s-l1600.webp,https://i.ebayimg.com/images/g/tgUAAOSwWJRm5inr/s-l1600.webp,https://i.ebayimg.com/images/g/bzQAAOSwkAZm5int/s-l1600.webp,https://i.ebayimg.com/images/g/Z50AAOSwcV9lsS8K/s-l1600.webp,,,,,,
https://www.ebay.com/itm/355979997099?itmmeta=01JW69BT2STHQH39ZDDZA6N7E2&hash=item52e20fafab:g:KQ8AAOSwcaJmyL8m,Festival Lehenga Kurta Set – Designer Salwar Kameez Wear,US $49.19,New without tags,Yes Fully Stitched,"Wedding , Festival , Partywear , Travel","Rayon, Silk",Handmade,No,Salwar Kameez,"Winter , Summer And Spring",Flared Kurta With Lehenga,3/4 Sleeve,Multi-Color,Women,Knee (42inch),Gotta Lace Work,V Neck,India,https://i.ebayimg.com/images/g/KQ8AAOSwcaJmyL8m/s-l1600.webp,https://i.ebayimg.com/images/g/xY8AAOSwbwhmyL8i/s-l1600.webp,https://i.ebayimg.com/images/g/OQgAAOSwn61myL8S/s-l1600.webp,https://i.ebayimg.com/images/g/i9UAAOSw7tJmyL8a/s-l1600.webp,https://i.ebayimg.com/images/g/LO0AAOSwJ-FmyL8M/s-l1600.webp,https://i.ebayimg.com/images/g/w6gAAOSwolNmyL8W/s-l1600.webp,https://i.ebayimg.com/images/g/z7IAAOSwOkpmyL8Q/s-l1600.webp,https://i.ebayimg.com/images/g/rtMAAOSwIOtlsS0o/s-l1600.webp,https://i.ebayimg.com/images/g/8jsAAOSwBSdmyL9e/s-l1600.webp,https://i.ebayimg.com/images/g/bR4AAOSwaBxmyL9h/s-l1600.webp,https://i.ebayimg.com/images/g/DLEAAOSwdd5myL9l/s-l1600.webp,,,,
https://www.ebay.com/itm/356388932725?itmmeta=01JW68N2S1E375CWSFGTDYF219&hash=item52fa6f8c75:g:7SMAAOSw2XZnY--o,Haldi Yellow Kurta Palazzo Dupatta Set – Christmas Wedding Wear,US $38.53,New without tags,Yes Fully Stitched,"Wedding , Festival , Partywear , Travel",Silk,Handmade,No,Salwar Kameez,"Winter , Summer And Spring",Straight Kurta With Pant & Dupatta,3/4 Sleeve,Yellow,Women,Knee,Hand Work And Stone Work,Round Neck,India,https://i.ebayimg.com/images/g/7SMAAOSw2XZnY--o/s-l1600.webp,https://i.ebayimg.com/images/g/cm0AAOSwHutnY--m/s-l1600.webp,https://i.ebayimg.com/images/g/TCEAAOSwk25nY--o/s-l1600.webp,https://i.ebayimg.com/images/g/Vl4AAOSwE4lnY--o/s-l1600.webp,https://i.ebayimg.com/images/g/CY8AAOSwbh9nY--o/s-l1600.webp,https://i.ebayimg.com/images/g/FHIAAOSw1MVnY--o/s-l1600.webp,https://i.ebayimg.com/images/g/Z50AAOSwcV9lsS8K/s-l1600.webp,,,,,,,,
https://www.ebay.com/itm/356905825951?itmmeta=01JW68N2RZ122566ER31N19D0S&hash=item53193eb69f:g:RIAAAOSwmCpoJv3~,Pakistani Kurta Palazzo Dupatta Set – Designer Salwar Kameez,US $36.89,New without tags,Yes Fully Stitched,"Wedding , Festival , Partywear , Travel , Puja",Cotton,Handmade,Embroidery Work,Salwar Kameez,"Winter , Summer And Spring",Anarkali Kurta With Pant & Dupatta,Full Sleeve,Yellow,Women,Below The Knee (46inch),No,Round Neck,India,https://i.ebayimg.com/images/g/RIAAAOSwmCpoJv3~/s-l1600.webp,https://i.ebayimg.com/images/g/u9IAAOSwevpoJv4B/s-l1600.webp,https://i.ebayimg.com/images/g/jGwAAOSw3XRoJv39/s-l1600.webp,https://i.ebayimg.com/images/g/JbQAAOSwI2JoJv4B/s-l1600.webp,https://i.ebayimg.com/images/g/E2IAAOSwCKxoJv3~/s-l1600.webp,https://i.ebayimg.com/images/g/tG8AAOSwHuNoJv3~/s-l1600.webp,https://i.ebayimg.com/images/g/vpIAAOSwgg9oJv3~/s-l1600.webp,https://i.ebayimg.com/images/g/Z50AAOSwcV9lsS8K/s-l1600.webp,,,,,,,
https://www.ebay.com/itm/356557041474?itmmeta=01JW68N2RZHBKN0Q9K2VAFDTFY&hash=item530474af42:g:7hwAAOSw7Clnqx5O,Plus Size Palazzo Kurta Set – Designer Kurti Women Dresses,US $35.25,New without tags,Yes Fully Stitched,"Wedding , Festival , Partywear , Travel",Cotton,Handmade,No,Salwar Kameez,"Winter , Summer And Spring",Long Kurta With Pant,3/4 Sleeve,Please Check Real Image,Women,Below The Knee (43inch),Embroidery Work,Round Neck,India,https://i.ebayimg.com/images/g/7hwAAOSw7Clnqx5O/s-l1600.webp,https://i.ebayimg.com/images/g/fHcAAOSwcw9nqx5X/s-l1600.webp,https://i.ebayimg.com/images/g/H-EAAOSw2Ktnqx5U/s-l1600.webp,https://i.ebayimg.com/images/g/mWgAAOSwILJnqx5X/s-l1600.webp,https://i.ebayimg.com/images/g/JQMAAOSwzdxnqx5X/s-l1600.webp,https://i.ebayimg.com/images/g/w7AAAOSwRS1nqx5U/s-l1600.webp,https://i.ebayimg.com/images/g/VzcAAOSw1Hdnqx6I/s-l1600.webp,https://i.ebayimg.com/images/g/Z50AAOSwcV9lsS8K/s-l1600.webp,,,,,,,
https://www.ebay.com/itm/355691627554?itmmeta=01JW68R8NW54CXGNQPG05ENWJM&hash=item52d0df8422:g:e5kAAOSwe6VmOG0X,White Anarkali Kurta Pant Dupatta Set – Designer Salwar Kameez,US $38.53,New without tags,Yes Fully Stitched,"Wedding , Festival , Partywear , Travel",Rayon,Handmade,Embroidery Work,V Neck,India,Flared Kurta With Pant & Dupatta,3/4 Sleeve,Cream Color,Women,Below The Knee,Salwar Kameez,"Winter , Summer And Spring",,https://i.ebayimg.com/images/g/e5kAAOSwe6VmOG0X/s-l1600.webp,https://i.ebayimg.com/images/g/Nb4AAOSwFy9mOG0V/s-l1600.webp,https://i.ebayimg.com/images/g/8eQAAOSwx61mOG0Z/s-l1600.webp,https://i.ebayimg.com/images/g/CQQAAOSwzVNmOG0S/s-l1600.webp,https://i.ebayimg.com/images/g/Sc8AAOSwN21mOG0y/s-l1600.webp,https://i.ebayimg.com/images/g/7Z4AAOSwtmplsS8H/s-l1600.webp,,,,,,,,,
https://www.ebay.com/itm/355473722852?itmmeta=01JW68N2RWJEAQWJWBF07RMSJ2&hash=item52c3e28de4:g:7DwAAOSwLZZl0epY,Kurti Pant Set – Festival Wedding Palazzo Kurta Readymade,US $36.89,New without tags,Yes Fully Stitched,"Wedding , Festival , Partywear , Travel","Rayon, Malmal Cotton",Handmade,No,Salwar Kameez,"Winter , Summer And Spring",Straight Kurta With Pant & Dupatta,3/4 Sleeve,Blue,Women,Knee (46 inch),Embroidery Work,Round Neck,India,https://i.ebayimg.com/images/g/7DwAAOSwLZZl0epY/s-l1600.webp,https://i.ebayimg.com/images/g/HlkAAOSwCrRl0epa/s-l1600.webp,https://i.ebayimg.com/images/g/5UYAAOSwEFdl0epe/s-l1600.webp,https://i.ebayimg.com/images/g/Om0AAOSwaHxl0epX/s-l1600.webp,https://i.ebayimg.com/images/g/OhsAAOSwxhRl0epc/s-l1600.webp,https://i.ebayimg.com/images/g/IK4AAOSwZVhl0epV/s-l1600.webp,https://i.ebayimg.com/images/g/ksMAAOSwolll0epT/s-l1600.webp,https://i.ebayimg.com/images/g/JRQAAOSwogRlzMF3/s-l1600.webp,,,,,,,
https://www.ebay.com/itm/356134866165?itmmeta=01JW68R8NSRZPGZW9SW3ES3BVD&hash=item52eb4accf5:g:ki0AAOSwiSxnCBMm,Black Salwar Kameez – Readymade Bollywood Kurti Pant Wear,US $38.53,New without tags,Yes Fully Stitched,"Wedding , Festival , Partywear , Travel","Rayon, Organza",Handmade,No,Salwar Kameez,"Winter , Summer And Spring",Flared Kurta With Sharara & Dupatta,3/4 Sleeve,Black,Women,Below The Knee (48inch),Embroidery Work And Printed,V Neck,India,https://i.ebayimg.com/images/g/ki0AAOSwiSxnCBMm/s-l1600.webp,https://i.ebayimg.com/images/g/IewAAOSwyHFnCBMk/s-l1600.webp,https://i.ebayimg.com/images/g/O4AAAOSwrvhnCBNA/s-l1600.webp,https://i.ebayimg.com/images/g/37YAAOSwsGlnCBMc/s-l1600.webp,https://i.ebayimg.com/images/g/JRQAAOSwogRlzMF3/s-l1600.webp,,,,,,,,,,
https://www.ebay.com/itm/356090505062?itmmeta=01JW68R8NV2CV4SREQ9ZK3JS1W&hash=item52e8a5e766:g:Q8EAAOSw6ytm9Zrj,Designer Kurta Palazzo Dupatta Set – Readymade Salwar Suit,US $36.89,New without tags,Yes Fully Stitched,"Wedding , Festival , Partywear , Travel",Cotton,Handmade,No,Salwar Kameez,"Winter , Summer And Spring",Flared Kurta With Pant & Dupatta,3/4 Sleeve,Pink With White,Women,Below The Knee (52inch),Printed,Round Neck,India,https://i.ebayimg.com/images/g/Q8EAAOSw6ytm9Zrj/s-l1600.webp,https://i.ebayimg.com/images/g/FZ8AAOSwJiZm9Zrh/s-l1600.webp,https://i.ebayimg.com/images/g/Z50AAOSwcV9lsS8K/s-l1600.webp,,,,,,,,,,,,
https://www.ebay.com/itm/355956935561?itmmeta=01JW68N2RYXZH5BZBXC4CXFBGB&hash=item52e0afcb89:g:TH0AAOSwDuBmvelc,Diwali Kurta Palazzo Dupatta Set – Readymade Designer Salwar,US $36.89,New without tags,Yes Fully Stitched,"Wedding , Festival , Partywear , Travel",Cotton,Handmade,Printed And Embroidery Work,Round Neck,India,Anarkali Kurta With Pant & Dupatta,3/4 Sleeve,Yellow And Blue,Women,Full,Salwar Kameez,"Winter , Summer And Spring",,https://i.ebayimg.com/images/g/TH0AAOSwDuBmvelc/s-l1600.webp,https://i.ebayimg.com/images/g/AAEAAOSwDlVmvelY/s-l1600.webp,https://i.ebayimg.com/images/g/VhkAAOSwMSBmvemW/s-l1600.webp,https://i.ebayimg.com/images/g/CBkAAOSwDmJmvelR/s-l1600.webp,https://i.ebayimg.com/images/g/bL4AAOSwoiRmvemp/s-l1600.webp,https://i.ebayimg.com/images/g/7Z4AAOSwtmplsS8H/s-l1600.webp,https://i.ebayimg.com/images/g/pIwAAOSwZilmvem7/s-l1600.webp,https://i.ebayimg.com/images/g/LPIAAOSwuvFmvem-/s-l1600.webp,,,,,,,
https://www.ebay.com/itm/356499551163?itmmeta=01JW68N2RYX23NVNP4SB9R46CT&hash=item53010773bb:g:vqQAAOSwne1nk0ra,Bollywood Kurta Palazzo Dupatta Set – Readymade Kurtis & Kurta,US $36.89,New without tags,Yes Fully Stitched,"Wedding , Festival , Partywear , Travel , Puja",Cotton,Handmade,Printed,Salwar Kameez,"Winter , Summer And Spring",Straight Kurta With Pant & Dupatta,3/4 Sleeve,Multi-Color,Women,Knee,No,Round Neck,India,https://i.ebayimg.com/images/g/vqQAAOSwne1nk0ra/s-l1600.webp,https://i.ebayimg.com/images/g/5I8AAOSwXFhnk0ra/s-l1600.webp,https://i.ebayimg.com/images/g/k1kAAOSweGZnk0ra/s-l1600.webp,https://i.ebayimg.com/images/g/bUwAAOSwyphnk0rZ/s-l1600.webp,https://i.ebayimg.com/images/g/29QAAOSwetxnk0rc/s-l1600.webp,https://i.ebayimg.com/images/g/uGwAAOSwkx1nk0ri/s-l1600.webp,https://i.ebayimg.com/images/g/Z50AAOSwcV9lsS8K/s-l1600.webp,,,,,,,,
https://www.ebay.com/itm/355984792841?itmmeta=01JW68N2RWDKGN5RJS2H6W74X2&hash=item52e258dd09:g:ve8AAOSwpzVmy2RS,Kurta Palazzo Dupatta Set – Wedding Festival Kurti Pant Salwar,US $36.89,New without tags,Yes Fully Stitched,"Wedding , Festival , Partywear , Travel","Cotton, Chiffon",Handmade,Hand Mirror Patti Work And Moti Work,Round Neck,India,Short Flared Kurta With Pant & Dupatta,3/4 Sleeve,White With Pink,Women,Knee (40 inch),Salwar Kameez,"Winter , Summer And Spring",,https://i.ebayimg.com/images/g/ve8AAOSwpzVmy2RS/s-l1600.webp,https://i.ebayimg.com/images/g/rq8AAOSwxAhmy2RP/s-l1600.webp,https://i.ebayimg.com/images/g/HR8AAOSwDWtmy2RX/s-l1600.webp,https://i.ebayimg.com/images/g/tdkAAOSwn61my2RV/s-l1600.webp,https://i.ebayimg.com/images/g/jCEAAOSw8s5my2RI/s-l1600.webp,https://i.ebayimg.com/images/g/lsYAAOSwO11my2RL/s-l1600.webp,https://i.ebayimg.com/images/g/7Z4AAOSwtmplsS8H/s-l1600.webp,,,,,,,,
https://www.ebay.com/itm/356024914816?itmmeta=01JW68R8NTE0F3A0MBHJ94TZQF&hash=item52e4bd1380:g:sR0AAOSw2ehm3Y1j,Navratri Palazzo Kurta Dupatta Set – Readymade Salwar Kameez,US $37.71,New without tags,Yes Fully Stitched,"Wedding , Festival , Partywear , Travel , Puja",Cotton,Handmade,Hand Embroidery Work,Salwar Kameez,"Winter , Summer And Spring",Straight Kurta With Pant & Dupatta,3/4 Sleeve,Pink,Women,Knee,No,V Neck,India,https://i.ebayimg.com/images/g/sR0AAOSw2ehm3Y1j/s-l1600.webp,https://i.ebayimg.com/images/g/IYoAAOSwR8lm3Y1x/s-l1600.webp,https://i.ebayimg.com/images/g/F1gAAOSwrypm3Y11/s-l1600.webp,https://i.ebayimg.com/images/g/gxYAAOSwJM9m3Y1m/s-l1600.webp,https://i.ebayimg.com/images/g/PEQAAOSwj8xm3Y1e/s-l1600.webp,https://i.ebayimg.com/images/g/vb0AAOSwRbpm3Y1c/s-l1600.webp,https://i.ebayimg.com/images/g/Z50AAOSwcV9lsS8K/s-l1600.webp,,,,,,,,
https://www.ebay.com/itm/356728864281?itmmeta=01JW68R8NTX73N6XNDNXTKY0MC&hash=item530eb27e19:g:HuoAAOSwRrNn7Aw6,Summer Kurta Palazzo Dupatta Set – Designer Salwar Kameez Suit,US $36.89,New without tags,Yes Fully Stitched,"Wedding , Festival , Partywear , Travel",Cotton,Handmade,No,Salwar Kameez,"Winter , Summer And Spring",Anarkali Kurta With Pant & Dupatta,3/4 Sleeve,Yellow,Women,Below The Knee,Embroidery Work,V Neck,India,https://i.ebayimg.com/images/g/HuoAAOSwRrNn7Aw6/s-l1600.webp,https://i.ebayimg.com/images/g/NDUAAOSwKMJn7Aw7/s-l1600.webp,https://i.ebayimg.com/images/g/0KsAAOSwJ2Zn7Aw6/s-l1600.webp,https://i.ebayimg.com/images/g/bT0AAOSw4cpn7Aw6/s-l1600.webp,https://i.ebayimg.com/images/g/o7sAAOSwS8Jn7Aw6/s-l1600.webp,https://i.ebayimg.com/images/g/0OgAAOSwe5Rn7Aw5/s-l1600.webp,https://i.ebayimg.com/images/g/elEAAOSwrFxn7Aw4/s-l1600.webp,https://i.ebayimg.com/images/g/XVsAAOSwM8dn7Aw9/s-l1600.webp,https://i.ebayimg.com/images/g/DloAAOSw8lBn7Aw~/s-l1600.webp,https://i.ebayimg.com/images/g/Z50AAOSwcV9lsS8K/s-l1600.webp,,,,,
https://www.ebay.com/itm/356462453623?itmmeta=01JW68N2RXRZFEM5EWTT3SPFBT&hash=item52fed16377:g:2OwAAOSwQmBnhIiy,Festival Wedding Bollywood Kurta Palazzo Dupatta Set – Salwar,US $37.71,New without tags,Yes Fully Stitched,"Wedding , Festival , Partywear , Travel","Cotton, Silk Dupatta",Handmade,No,Salwar Kameez,"Winter , Summer And Spring",Straight Kurta With Palazzo & Dupatta,3/4 Sleeve,White With Green Dupatta,Women,Knee (45inch),Embroidery Work And Printed Dupatta,Round Neck,India,https://i.ebayimg.com/images/g/2OwAAOSwQmBnhIiy/s-l1600.webp,https://i.ebayimg.com/images/g/Za0AAOSwG-lnhIi1/s-l1600.webp,https://i.ebayimg.com/images/g/TjIAAOSw5x9nhIi7/s-l1600.webp,https://i.ebayimg.com/images/g/07cAAOSwSmdnhIi4/s-l1600.webp,https://i.ebayimg.com/images/g/2XAAAOSwKVhnhIi1/s-l1600.webp,https://i.ebayimg.com/images/g/WocAAOSwGUJnhIi0/s-l1600.webp,https://i.ebayimg.com/images/g/6~EAAOSw4VlnhIi2/s-l1600.webp,https://i.ebayimg.com/images/g/rtMAAOSwIOtlsS0o/s-l1600.webp,,,,,,,
https://www.ebay.com/itm/356316539285?itmmeta=01JW68N2S1GVQ8Y5BNHEY7F43G&hash=item52f61ee995:g:AosAAOSw1U5nSMrM,White Salwar Kameez – Readymade Kurta Palazzo Dupatta Set,US $36.89,New without tags,Yes Fully Stitched,"Wedding , Festival , Partywear , Travel",Cotton,Handmade,No,Salwar Kameez,"Winter , Summer And Spring",Straight Kurta With Pant & Dupatta,3/4 Sleeve,White,Women,Knee,Hand Printed,Round Neck,India,https://i.ebayimg.com/images/g/AosAAOSw1U5nSMrM/s-l1600.webp,https://i.ebayimg.com/images/g/ij4AAOSw9O5nSMrM/s-l1600.webp,https://i.ebayimg.com/images/g/fpIAAOSwM8VnSMrN/s-l1600.webp,https://i.ebayimg.com/images/g/QqwAAOSws1FnSMrK/s-l1600.webp,https://i.ebayimg.com/images/g/8qgAAOSwCJdnSMrM/s-l1600.webp,https://i.ebayimg.com/images/g/Z50AAOSwcV9lsS8K/s-l1600.webp,,,,,,,,,
https://www.ebay.com/itm/356960539838?itmmeta=01JW68R8NWWYXFZZS1FNAYF78P&hash=item531c8194be:g:5DsAAOSwUe1oMe4o,Bollywood Party Kurti Pant Set – Eid Festival Salwar Kameez,US $38.53,New without tags,Yes Fully Stitched,"Wedding , Festival , Partywear , Travel , Puja",Cotton,Handmade,Sequence Work & Printed,Salwar Kameez,"Winter , Summer And Spring",Straight Kurta With Pant & Dupatta,3/4 Sleeve,Multi-Color,Women,Knee,No,Round Neck,India,https://i.ebayimg.com/images/g/5DsAAOSwUe1oMe4o/s-l1600.webp,https://i.ebayimg.com/images/g/bZEAAOSw8K9oMe4p/s-l1600.webp,https://i.ebayimg.com/images/g/4tAAAOSwOgFoMe4p/s-l1600.webp,https://i.ebayimg.com/images/g/JyUAAOSw73BoMe4o/s-l1600.webp,https://i.ebayimg.com/images/g/Z50AAOSwcV9lsS8K/s-l1600.webp,,,,,,,,,,
https://www.ebay.com/itm/356572072884?itmmeta=01JW68N2S3GJWMD46V66T4XCNJ&hash=item53055a0bb4:g:0YYAAOSwBYFnrz9E,Pakistani Embroidered Salwar Kameez – Plus Size Upto 7XL,US $36.89,New without tags,Yes Fully Stitched,"Wedding , Festival , Partywear , Travel , Puja",Silk,Handmade,Embroidery Sequence Work & Mirror Work,Salwar Kameez,"Winter , Summer And Spring",Long Kurta With Pant & Dupatta,3/4 Sleeve,White,Women,Below The Knee,No,Round Neck,India,https://i.ebayimg.com/images/g/0YYAAOSwBYFnrz9E/s-l1600.webp,https://i.ebayimg.com/images/g/H9YAAOSwU8Jnrz9E/s-l1600.webp,https://i.ebayimg.com/images/g/9D0AAOSwwYdnrz9C/s-l1600.webp,https://i.ebayimg.com/images/g/Y-8AAOSw3z5nrz9E/s-l1600.webp,https://i.ebayimg.com/images/g/Z50AAOSwcV9lsS8K/s-l1600.webp,,,,,,,,,,
https://www.ebay.com/itm/355907865207?itmmeta=01JW69BT2PXYBY9PXHKZ2TRAK8&hash=item52ddc30a77:g:ttAAAOSw81Fmpx-f,Readymade Anarkali Kurta Pant Dupatta Set – Wedding Festival Wear,US $53.29,New without tags,Yes Fully Stitched,"Wedding , Festival , Partywear , Travel","georgette, Muslin",Handmade,No,Salwar Kameez,"Winter , Summer And Spring",Flared Kurta With Pant & Dupatta,3/4 Sleeve,Multi-Color,Women,Full (50inch),Print and work,Round Neck,India,https://i.ebayimg.com/images/g/ttAAAOSw81Fmpx-f/s-l1600.webp,https://i.ebayimg.com/images/g/lZkAAOSwxn9mpx-c/s-l1600.webp,https://i.ebayimg.com/images/g/eWEAAOSwcpZmpx-Z/s-l1600.webp,https://i.ebayimg.com/images/g/y7UAAOSwS7hmpx-U/s-l1600.webp,https://i.ebayimg.com/images/g/HPAAAOSwDqtmpx-W/s-l1600.webp,https://i.ebayimg.com/images/g/5OwAAOSwfq9mpx-R/s-l1600.webp,https://i.ebayimg.com/images/g/SCoAAOSwhZNmpx-O/s-l1600.webp,https://i.ebayimg.com/images/g/rtMAAOSwIOtlsS0o/s-l1600.webp,,,,,,,
https://www.ebay.com/itm/356016172318?itmmeta=01JW68N2S3TJQBT4RPS8CJVV2T&hash=item52e437ad1e:g:8VgAAOSw6a1m2ciF,Festival Anarkali Kurta Palazzo Dupatta Set – Salwar Kameez Suit,US $37.71,New without tags,Yes Fully Stitched,"Wedding , Festival , Partywear , Travel , Puja",Rayon,Handmade,Printed,Salwar Kameez,"Winter , Summer And Spring",Flared Kurta With Dupatta,3/4 Sleeve,Yellow,Women,Below The Knee (48inch),No,V Neck,India,https://i.ebayimg.com/images/g/8VgAAOSw6a1m2ciF/s-l1600.webp,https://i.ebayimg.com/images/g/IRUAAOSwn8Nm2che/s-l1600.webp,https://i.ebayimg.com/images/g/WX0AAOSwLl9m2chh/s-l1600.webp,https://i.ebayimg.com/images/g/3QAAAOSwOoZm2ciC/s-l1600.webp,https://i.ebayimg.com/images/g/tQYAAOSwhJxm2ch8/s-l1600.webp,https://i.ebayimg.com/images/g/QR8AAOSwirhm2chT/s-l1600.webp,https://i.ebayimg.com/images/g/1N4AAOSwICRm2cha/s-l1600.webp,https://i.ebayimg.com/images/g/cakAAOSwAfRm2chv/s-l1600.webp,https://i.ebayimg.com/images/g/Z50AAOSwcV9lsS8K/s-l1600.webp,,,,,,
https://www.ebay.com/itm/355907743009?itmmeta=01JW69BT2Q5SCD6Z4V3NF48300&hash=item52ddc12d21:g:~LkAAOSwxBlmpw-b,Anarkali Kurta Dupatta Set – Wedding Gift Indian Dresses,US $36.89,New without tags,Yes Fully Stitched,"Wedding , Festival , Partywear , Travel , Puja",Cotton,Handmade,Printed,Anarkali,"Winter , Summer And Spring",Flared Kurta With Pant & Dupatta,3/4 Sleeve,Multi-Color,Women,Below The Knee (48-50inch),No,V Neck,India,https://i.ebayimg.com/images/g/~LkAAOSwxBlmpw-b/s-l1600.webp,https://i.ebayimg.com/images/g/m-sAAOSwhKNmpw-d/s-l1600.webp,https://i.ebayimg.com/images/g/z~YAAOSwV-dmpw-f/s-l1600.webp,https://i.ebayimg.com/images/g/WdUAAOSwBclmpw-h/s-l1600.webp,https://i.ebayimg.com/images/g/mq4AAOSw81Fmpw-k/s-l1600.webp,https://i.ebayimg.com/images/g/XywAAOSwSIpmpw-X/s-l1600.webp,https://i.ebayimg.com/images/g/ZZQAAOSwEFZmpw~C/s-l1600.webp,https://i.ebayimg.com/images/g/Z50AAOSwcV9lsS8K/s-l1600.webp,,,,,,,
https://www.ebay.com/itm/355982704268?itmmeta=01JW68N2RZ34PK35HS2ZW22A6V&hash=item52e238fe8c:g:o7YAAOSwc8RmyiIZ,Embroidered Salwar Kameez – Wedding Kurta Palazzo Dupatta Set,US $39.35,New without tags,Yes Fully Stitched,"Wedding , Festival , Partywear , Travel",Cotton,Handmade,No,Salwar Kameez,"Winter , Summer And Spring",Flared Kurta With Pant & Dupatta,3/4 Sleeve,Off White,Women,Below The Knee,Chikankari Embroidery Sequence Work,Round Neck,India,https://i.ebayimg.com/images/g/o7YAAOSwc8RmyiIZ/s-l1600.webp,https://i.ebayimg.com/images/g/in0AAOSwdd5myiIQ/s-l1600.webp,https://i.ebayimg.com/images/g/Qu8AAOSwyZhmyiId/s-l1600.webp,https://i.ebayimg.com/images/g/ahoAAOSwX79myiIO/s-l1600.webp,https://i.ebayimg.com/images/g/y18AAOSwKbtmyiIK/s-l1600.webp,https://i.ebayimg.com/images/g/aCkAAOSwU7BmyiIG/s-l1600.webp,https://i.ebayimg.com/images/g/Z50AAOSwcV9lsS8K/s-l1600.webp,,,,,,,,
https://www.ebay.com/itm/356781314838?itmmeta=01JW68N2RY38DF32TDMMG9ZT0H&hash=item5311d2d316:g:NdQAAOSwiDVn~h9E,Side Cut Kurta Palazzo Dupatta Set – Readymade Salwar Kameez,US $36.89,New without tags,Yes Fully Stitched,"Wedding , Festival , Partywear , Travel",Cotton,Handmade,Printed,Round Neck,India,Long Side Cut Kurta With Pant & Dupatta,3/4 Sleeve,Green,Women,Knee (45 inch),Salwar Kameez,"Winter , Summer And Spring",,https://i.ebayimg.com/images/g/NdQAAOSwiDVn~h9E/s-l1600.webp,https://i.ebayimg.com/images/g/MqAAAOSwcvZn~h9D/s-l1600.webp,https://i.ebayimg.com/images/g/cRwAAOSwVfRn~h9C/s-l1600.webp,https://i.ebayimg.com/images/g/gpkAAOSwJ-Nn~h9F/s-l1600.webp,https://i.ebayimg.com/images/g/WaYAAOSwQ4tn~h9G/s-l1600.webp,https://i.ebayimg.com/images/g/j7wAAOSwGZpn~h87/s-l1600.webp,https://i.ebayimg.com/images/g/AsUAAOSwzktn~h9G/s-l1600.webp,https://i.ebayimg.com/images/g/7Z4AAOSwtmplsS8H/s-l1600.webp,,,,,,,
https://www.ebay.com/itm/356739002692?itmmeta=01JW68N2RWE96MPSNH3V7154GB&hash=item530f4d3144:g:vzoAAOSwZHNn8Cfv,Wedding Kurta Palazzo Dupatta Set – Readymade Salwar Kameez,US $36.89,New without tags,Yes Fully Stitched,"Wedding , Festival , Partywear , Travel",Cotton,Handmade,No,Salwar Kameez,"Winter , Summer And Spring",Straight Kurta With Pant & Dupatta,3/4 Sleeve,Orange,Women,Knee (45inch),Embroidery Work,Round Neck,India,https://i.ebayimg.com/images/g/vzoAAOSwZHNn8Cfv/s-l1600.webp,https://i.ebayimg.com/images/g/5cQAAOSwb~Zn8Cfw/s-l1600.webp,https://i.ebayimg.com/images/g/Jh0AAOSwe~Nn8Cfx/s-l1600.webp,https://i.ebayimg.com/images/g/CQQAAOSwmj9n8Cfw/s-l1600.webp,https://i.ebayimg.com/images/g/qyEAAOSw8ztn8Cfw/s-l1600.webp,https://i.ebayimg.com/images/g/bzMAAOSwVRxn8Cfy/s-l1600.webp,https://i.ebayimg.com/images/g/kG4AAOSwHOJn8Cfz/s-l1600.webp,https://i.ebayimg.com/images/g/Z50AAOSwcV9lsS8K/s-l1600.webp,,,,,,,
https://www.ebay.com/itm/356323820886?itmmeta=01JW68N2S23T8K97FM5SQ819M5&hash=item52f68e0556:g:w4IAAOSwwSRnSxRp,Wedding Kurta Palazzo Dupatta Set – Pakistani Christmas Wear,US $38.53,New without tags,Yes Fully Stitched,"Wedding , Festival , Partywear , Travel , Puja","Chanderi, Naylon Dupatta",Handmade,Embroidery Work And Printed Dupatta,Salwar Kameez,"Winter , Summer And Spring",Straight Kurta With Pant & Dupatta,3/4 Sleeve,Yellow,Women,Knee (45inch),No,V Neck,India,https://i.ebayimg.com/images/g/w4IAAOSwwSRnSxRp/s-l1600.webp,https://i.ebayimg.com/images/g/0kcAAOSwIgxnSxRu/s-l1600.webp,https://i.ebayimg.com/images/g/YAsAAOSwfsJnSxRv/s-l1600.webp,https://i.ebayimg.com/images/g/gUwAAOSw~kFnSxRr/s-l1600.webp,https://i.ebayimg.com/images/g/XfcAAOSwMK1nSxRu/s-l1600.webp,https://i.ebayimg.com/images/g/whwAAOSw8wFnSxRu/s-l1600.webp,https://i.ebayimg.com/images/g/FKAAAOSw1H5nSxRu/s-l1600.webp,https://i.ebayimg.com/images/g/Z50AAOSwcV9lsS8K/s-l1600.webp,,,,,,,
https://www.ebay.com/itm/355475879179?itmmeta=01JW69BT2SQBJNBCDPC2RC6JXM&hash=item52c403750b:g:QkgAAOSwWo1l0yMl,Punjabi Patiala Suit – Pakistani Sequence Work Salwar Dhoti,US $52.47,New without tags,Yes Fully Stitched,"Wedding , Festival , Partywear , Travel","Net, Georgette",Handmade,No,Salwar Kameez,"Winter , Summer And Spring","Kurta With Dhoti , Dupatta",Cut Sleeve,White And Pink,Women,38inch Kurta,Sequence Embroidery Work,Round Neck,India,https://i.ebayimg.com/images/g/QkgAAOSwWo1l0yMl/s-l1600.webp,https://i.ebayimg.com/images/g/r4EAAOSw8zhl0yMm/s-l1600.webp,https://i.ebayimg.com/images/g/Ja8AAOSwmvhl0yMj/s-l1600.webp,https://i.ebayimg.com/images/g/GZcAAOSw27Zl0yMe/s-l1600.webp,https://i.ebayimg.com/images/g/CIMAAOSwPetl0yMh/s-l1600.webp,https://i.ebayimg.com/images/g/rtMAAOSwIOtlsS0o/s-l1600.webp,,,,,,,,,
https://www.ebay.com/itm/355982166988?itmmeta=01JW68N2RWHHH3VF4PG8ZB01KG&hash=item52e230cbcc:g:I6sAAOSwCDRmyd51,Blue Kurta Palazzo Dupatta Set – Festival Readymade Salwar,US $37.71,New without tags,Yes Fully Stitched,"Wedding , Festival , Partywear , Travel",Rayon,Handmade,No,Salwar Kameez,"Winter , Summer And Spring",Straight Kurta With Pant & Dupatta,3/4 Sleeve,Green And Blue,Women,Knee,Embroidery Sequence Work,Round Neck,India,https://i.ebayimg.com/images/g/I6sAAOSwCDRmyd51/s-l1600.webp,https://i.ebayimg.com/images/g/WjAAAOSwpyBmyd53/s-l1600.webp,https://i.ebayimg.com/images/g/9N8AAOSwbh9myd6C/s-l1600.webp,https://i.ebayimg.com/images/g/pv0AAOSwgppmyd56/s-l1600.webp,https://i.ebayimg.com/images/g/WFsAAOSwzZFmyd58/s-l1600.webp,https://i.ebayimg.com/images/g/q90AAOSwXYVmyd5-/s-l1600.webp,https://i.ebayimg.com/images/g/5kYAAOSwKElmyd6B/s-l1600.webp,https://i.ebayimg.com/images/g/Z50AAOSwcV9lsS8K/s-l1600.webp,https://i.ebayimg.com/images/g/5fIAAOSwBIVmyd7g/s-l1600.webp,https://i.ebayimg.com/images/g/Ev4AAOSwfrpmyd7m/s-l1600.webp,,,,,
https://www.ebay.com/itm/356647955832?itmmeta=01JW68R8NTFAJC0BGZ84HCQAG4&hash=item5309dfed78:g:JbIAAOSw1AZnzTXc,Pakistani Designer Salwar Kameez – Readymade Palazzo Kurta Set,US $49.19,New without tags,Yes Fully Stitched,"Wedding , Festival , Partywear , Travel",Georgette,Handmade,No,Salwar Kameez,"Winter , Summer And Spring",Straight Kurta With Palazzo & Dupatta,3/4 Sleeve,Black,Women,Below The Knee (46inch),Embroidery Work,Round Neck,India,https://i.ebayimg.com/images/g/JbIAAOSw1AZnzTXc/s-l1600.webp,https://i.ebayimg.com/images/g/IjQAAOSwU5xnzTXi/s-l1600.webp,https://i.ebayimg.com/images/g/C0IAAOSwU~ZnzTXd/s-l1600.webp,https://i.ebayimg.com/images/g/MfUAAOSwQGdnzTXc/s-l1600.webp,https://i.ebayimg.com/images/g/rtMAAOSwIOtlsS0o/s-l1600.webp,,,,,,,,,,
https://www.ebay.com/itm/356440818479?itmmeta=01JW68N2RYC69NKFNW3VZQ3F1T&hash=item52fd87432f:g:cnMAAOSwXrpne7Td,Bollywood Kurta Palazzo Dupatta Set – Readymade Salwar Wear,US $37.71,New without tags,Yes Fully Stitched,"Wedding , Festival , Partywear , Travel",Cotton,Handmade,No,Salwar Kameez,"Winter , Summer And Spring",Flared Kurta With Pant & Dupatta,3/4 Sleeve,Multi-Color,Women,Below The Knee,Hand Work And Printed,Round Neck,India,https://i.ebayimg.com/images/g/cnMAAOSwXrpne7Td/s-l1600.webp,https://i.ebayimg.com/images/g/KpUAAOSwo9Bne7Ta/s-l1600.webp,https://i.ebayimg.com/images/g/0kAAAOSwestne7Tj/s-l1600.webp,https://i.ebayimg.com/images/g/4rYAAOSwKZFne7Tf/s-l1600.webp,https://i.ebayimg.com/images/g/Kb0AAOSw~CNne7Tf/s-l1600.webp,https://i.ebayimg.com/images/g/WlUAAOSwV1Fne7Ti/s-l1600.webp,https://i.ebayimg.com/images/g/rtMAAOSwIOtlsS0o/s-l1600.webp,,,,,,,,
https://www.ebay.com/itm/356440867303?itmmeta=01JW68R8NY4GTJPAAHBEPCQXJK&hash=item52fd8801e7:g:8V8AAOSwpsFne7mR,Velvet Kurta Palazzo Dupatta Set – Winter Kurti Pant Readymade,US $37.71,New without tags,Yes Fully Stitched,"Wedding , Festival , Partywear , Travel","Organza Dupatta, Velvet",Handmade,No,Salwar Kameez,"Winter , Summer And Spring",Straight Kurta With Pant & Dupatta,3/4 Sleeve,Red,Women,Knee,Thread Embroidery Work,V Neck,India,https://i.ebayimg.com/images/g/8V8AAOSwpsFne7mR/s-l1600.webp,https://i.ebayimg.com/images/g/YDkAAOSwuu9ne7mS/s-l1600.webp,https://i.ebayimg.com/images/g/YQgAAOSwqppne7mP/s-l1600.webp,https://i.ebayimg.com/images/g/b9cAAOSwJOxne7mR/s-l1600.webp,https://i.ebayimg.com/images/g/skcAAOSw~DJne7mT/s-l1600.webp,https://i.ebayimg.com/images/g/xTkAAOSwTh9ne7mT/s-l1600.webp,https://i.ebayimg.com/images/g/rtMAAOSwIOtlsS0o/s-l1600.webp,,,,,,,,
https://www.ebay.com/itm/355456872117?itmmeta=01JW68R8NR5621FQVH5A7FQBAN&hash=item52c2e16eb5:g:bncAAOSwyZhlyQGq,Navratri Diwali Kurta Palazzo Set – Pakistani Salwar Kameez,US $43.45,New without tags,Yes Fully Stitched,"Wedding , Festival , Partywear , Travel",Muslin,Handmade,No,Salwar Kameez,"Winter , Summer And Spring",Side Cut Kurta With Pant & Dupatta,3/4 Sleeve,Blue,Women,Below The Knee,Printed And Embroidery Work,V Neck,India,https://i.ebayimg.com/images/g/bncAAOSwyZhlyQGq/s-l1600.webp,https://i.ebayimg.com/images/g/nuYAAOSw0iRlyQGo/s-l1600.webp,https://i.ebayimg.com/images/g/u2EAAOSwsg5lyQGv/s-l1600.webp,https://i.ebayimg.com/images/g/2isAAOSwooRlyQGs/s-l1600.webp,https://i.ebayimg.com/images/g/jBMAAOSwlYxlyQGx/s-l1600.webp,https://i.ebayimg.com/images/g/3AcAAOSwN6hlyQG1/s-l1600.webp,https://i.ebayimg.com/images/g/iGQAAOSwklhlyQGz/s-l1600.webp,https://i.ebayimg.com/images/g/Z50AAOSwcV9lsS8K/s-l1600.webp,,,,,,,
https://www.ebay.com/itm/356781718669?itmmeta=01JW69BT2RND9BME9B9ZJ9CR2B&hash=item5311d8fc8d:g:KoUAAOSwBrFn~jLN,Black Printed Kurta Pant Set – 3-Piece Readymade Salwar Suit,US $36.07,New without tags,Yes Fully Stitched,"Wedding , Festival , Partywear , Travel",Cotton,Handmade,Sequence Work & Printed,V Neck,India,Straight Kurta With Pant & Dupatta,3/4 Sleeve,Black,Women,Knee,Salwar Kameez,"Winter , Summer And Spring",,https://i.ebayimg.com/images/g/KoUAAOSwBrFn~jLN/s-l1600.webp,https://i.ebayimg.com/images/g/XUkAAOSwp7Rn~jLN/s-l1600.webp,https://i.ebayimg.com/images/g/qfAAAOSwjXJn~jLQ/s-l1600.webp,https://i.ebayimg.com/images/g/IvAAAOSwHDJn~jLM/s-l1600.webp,https://i.ebayimg.com/images/g/7Z4AAOSwtmplsS8H/s-l1600.webp,,,,,,,,,,
https://www.ebay.com/itm/355982231655?itmmeta=01JW68N2RZASMP1T9GP2TAT626&hash=item52e231c867:g:4fEAAOSwzX5myefr,Cotton Festival Kurta Palazzo Dupatta Set – Women Salwar Kameez,US $36.89,New without tags,Yes Fully Stitched,"Wedding , Festival , Partywear , Travel",Cotton,Handmade,No,Salwar Kameez,"Winter , Summer And Spring",Flared Kurta With Pant & Dupatta,3/4 Sleeve,Blue,Women,Below The Knee (49inch),Printed,V Neck,India,https://i.ebayimg.com/images/g/4fEAAOSwzX5myefr/s-l1600.webp,https://i.ebayimg.com/images/g/hBgAAOSwDqtmyefc/s-l1600.webp,https://i.ebayimg.com/images/g/BFcAAOSwO7pmyefY/s-l1600.webp,https://i.ebayimg.com/images/g/u-UAAOSwgppmyefo/s-l1600.webp,https://i.ebayimg.com/images/g/2fcAAOSw~U9myefk/s-l1600.webp,https://i.ebayimg.com/images/g/AUQAAOSwccZmyefg/s-l1600.webp,https://i.ebayimg.com/images/g/t94AAOSwGvVmyefT/s-l1600.webp,https://i.ebayimg.com/images/g/Z50AAOSwcV9lsS8K/s-l1600.webp,,,,,,,
https://www.ebay.com/itm/356490420176?itmmeta=01JW68N2S26G8ESMRWQW9CNJTP&hash=item53007c1fd0:g:47sAAOSwd0dnj6CH,Eid Festival Kurta Palazzo Dupatta Set – Designer Kurti Pant,US $37.71,New without tags,Yes Fully Stitched,"Wedding , Festival , Partywear , Travel , Puja",Cotton,Handmade,Embroidery Sequence Work,Salwar Kameez,"Winter , Summer And Spring",Long Kurta With Pant & Dupatta,3/4 Sleeve,Please Check Real Picture,Women,Below The Knee,No,Round Neck,India,https://i.ebayimg.com/images/g/47sAAOSwd0dnj6CH/s-l1600.webp,https://i.ebayimg.com/images/g/hDUAAOSw9FRnj6CG/s-l1600.webp,https://i.ebayimg.com/images/g/woMAAOSwqhBnj6CB/s-l1600.webp,https://i.ebayimg.com/images/g/BuYAAOSwQe9nj6CL/s-l1600.webp,https://i.ebayimg.com/images/g/bLAAAOSwOsVnj6CE/s-l1600.webp,https://i.ebayimg.com/images/g/JIgAAOSw-fpnj6CK/s-l1600.webp,https://i.ebayimg.com/images/g/mNUAAOSw44lnj6CI/s-l1600.webp,https://i.ebayimg.com/images/g/47IAAOSwS~lnj6CF/s-l1600.webp,https://i.ebayimg.com/images/g/klYAAOSw9Idnj6B3/s-l1600.webp,https://i.ebayimg.com/images/g/hFgAAOSwXjNnj6DM/s-l1600.webp,https://i.ebayimg.com/images/g/CyMAAOSw~Qdnj6CD/s-l1600.webp,https://i.ebayimg.com/images/g/Z50AAOSwcV9lsS8K/s-l1600.webp,,,
https://www.ebay.com/itm/355413619385?itmmeta=01JW69BT2Q4D2DRZSJDBZ08ACA&hash=item52c04d72b9:g:8DwAAOSw9wxls4ao,Bollywood Kurta Palazzo Dupatta Set – Ethnic Festival Dresses,US $36.89,New without tags,Yes Fully Stitched,"Wedding , Festival , Partywear , Travel , Puja","Cotton, Rayon",Handmade,Hand Work,Salwar Kameez,"Winter , Summer And Spring",Straight Kurta With Pant & Dupatta,3/4 Sleeve,Yellow,Women,Knee,No,Round Neck,India,https://i.ebayimg.com/images/g/8DwAAOSw9wxls4ao/s-l1600.webp,https://i.ebayimg.com/images/g/nUkAAOSwy7Rls4al/s-l1600.webp,https://i.ebayimg.com/images/g/63YAAOSwUoZls4am/s-l1600.webp,https://i.ebayimg.com/images/g/1QMAAOSwxitls4aj/s-l1600.webp,https://i.ebayimg.com/images/g/Z50AAOSwcV9lsS8K/s-l1600.webp,,,,,,,,,,
https://www.ebay.com/itm/356346559813?itmmeta=01JW68R8NVRH10RPHFNAND8V2T&hash=item52f7e8fd45:g:aAQAAOSwQS5nUsK-,Wedding Kurta Palazzo Dupatta Set – Velvet Winter Kurtis Kurta,US $51.65,New without tags,Yes Fully Stitched,"Wedding , Festival , Partywear , Travel",Velvet,Handmade,No,Salwar Kameez,"Winter , Summer And Spring",Straight Kurta With Pant & Dupatta,3/4 Sleeve,Pink,Women,Knee (45inch),Embroidery Work,Round Neck,India,https://i.ebayimg.com/images/g/aAQAAOSwQS5nUsK-/s-l1600.webp,https://i.ebayimg.com/images/g/XjMAAOSwHVxnUsK8/s-l1600.webp,https://i.ebayimg.com/images/g/G1QAAOSwT~BnUsK9/s-l1600.webp,https://i.ebayimg.com/images/g/FJoAAOSwiXFnUsLB/s-l1600.webp,https://i.ebayimg.com/images/g/lLAAAOSwxb1nUsK~/s-l1600.webp,https://i.ebayimg.com/images/g/S9MAAOSwudtnUsK~/s-l1600.webp,https://i.ebayimg.com/images/g/rtMAAOSwIOtlsS0o/s-l1600.webp,,,,,,,,
https://www.ebay.com/itm/356912731192?itmmeta=01JW68N2S0CQ93FMRWDPFJXRKC&hash=item5319a81438:g:t30AAOSw0LZoKEQv,Stitched Kurta Palazzo Dupatta Set – Readymade Salwar Combo,US $36.89,New without tags,Yes Fully Stitched,"Wedding , Festival , Partywear , Travel , Puja",Cotton,Handmade,Neck Hand Work,Salwar Kameez,"Winter , Summer And Spring",Straight Long Kurta With Pant & Dupatta,3/4 Sleeve,Blue,Women,Below The Knee,No,V Neck,India,https://i.ebayimg.com/images/g/t30AAOSw0LZoKEQv/s-l1600.webp,https://i.ebayimg.com/images/g/p8AAAOSw5oVoKEQy/s-l1600.webp,https://i.ebayimg.com/images/g/QaMAAOSwAGdoKEQ0/s-l1600.webp,https://i.ebayimg.com/images/g/HiQAAOSwYUVoKEQ1/s-l1600.webp,https://i.ebayimg.com/images/g/UYkAAOSwBqpoKEQx/s-l1600.webp,https://i.ebayimg.com/images/g/DekAAOSw5kVoKEQ3/s-l1600.webp,https://i.ebayimg.com/images/g/BUAAAOSwRa9oKEQ0/s-l1600.webp,https://i.ebayimg.com/images/g/Z50AAOSwcV9lsS8K/s-l1600.webp,,,,,,,
https://www.ebay.com/itm/356585794647?itmmeta=01JW68R8NV2YVMYJ5CN4559CJD&hash=item53062b6c57:g:qMwAAOSwEp1ntHgQ,Festival Palazzo Kurta Dupatta Set – Wedding Salwar Kameez Suit,US $36.07,New without tags,Yes Fully Stitched,"Wedding , Festival , Partywear , Travel , Puja",Cotton,Handmade,Hand Work And Printed,Salwar Kameez,"Winter , Summer And Spring",Anarkali Kurta With Pant & Dupatta,3/4 Sleeve,Multi-Color,Women,Below The Knee (48inch),No,Round Neck,India,https://i.ebayimg.com/images/g/qMwAAOSwEp1ntHgQ/s-l1600.webp,https://i.ebayimg.com/images/g/Y5wAAOSwnQdntHgZ/s-l1600.webp,https://i.ebayimg.com/images/g/z5AAAOSwDJxntHgS/s-l1600.webp,https://i.ebayimg.com/images/g/Z50AAOSwcV9lsS8K/s-l1600.webp,,,,,,,,,,,
https://www.ebay.com/itm/355998016288?itmmeta=01JW69BT2R3391QFYF97PNHZZ9&hash=item52e322a320:g:~~YAAOSwUk9m0bMV,Navratri Lehenga Choli Set – Designer Dupatta Wedding Wear,US $57.39,New without tags,Yes Fully Stitched,"Wedding , Festival , Partywear , Travel",Cotton,Handmade,No,Salwar Kameez,"Winter , Summer And Spring",Indian Lehenga Choli With Dupatta,3/4 Sleeve,Multi-Color,Women,Lehenga,Gamathi Work with Thread Work,V Neck,India,https://i.ebayimg.com/images/g/~~YAAOSwUk9m0bMV/s-l1600.webp,https://i.ebayimg.com/images/g/sWoAAOSw1t9m0bMN/s-l1600.webp,https://i.ebayimg.com/images/g/lnkAAOSwmcpm0bLx/s-l1600.webp,https://i.ebayimg.com/images/g/Qk8AAOSwgGRm0bL8/s-l1600.webp,https://i.ebayimg.com/images/g/04sAAOSwRFtm0bLq/s-l1600.webp,https://i.ebayimg.com/images/g/tGsAAOSwEgFm0bMF/s-l1600.webp,https://i.ebayimg.com/images/g/rtMAAOSwIOtlsS0o/s-l1600.webp,,,,,,,,
https://www.ebay.com/itm/355880128343?itmmeta=01JW68R8NVMV65CCCQ8SZA5QZM&hash=item52dc1bcf57:g:TiIAAOSwhA1mmNxG,Embroidery Handwork Kurta Pant Set – Readymade Salwar Kameez,US $37.71,New without tags,Yes Fully Stitched,"Wedding , Festival , Partywear , Travel",Cotton,Handmade,No,Salwar Kameez,"Winter , Summer And Spring",Straight Kurta With Pant & Dupatta,3/4 Sleeve,"Red, Blue And Yellow",Women,Knee,Embroidery Hand Work,Round Neck,India,https://i.ebayimg.com/images/g/TiIAAOSwhA1mmNxG/s-l1600.webp,https://i.ebayimg.com/images/g/5bEAAOSwae9mmNxC/s-l1600.webp,https://i.ebayimg.com/images/g/oJ8AAOSwExNmmNwq/s-l1600.webp,https://i.ebayimg.com/images/g/ETsAAOSw6zhmmNw-/s-l1600.webp,https://i.ebayimg.com/images/g/BRIAAOSwlQNmmNw7/s-l1600.webp,https://i.ebayimg.com/images/g/ZT4AAOSwbLBmmNwv/s-l1600.webp,https://i.ebayimg.com/images/g/P20AAOSwKdlmmNw2/s-l1600.webp,https://i.ebayimg.com/images/g/-V0AAOSwqVtmmNw4/s-l1600.webp,https://i.ebayimg.com/images/g/aSgAAOSw2l9mmNwy/s-l1600.webp,https://i.ebayimg.com/images/g/JRQAAOSwogRlzMF3/s-l1600.webp,https://i.ebayimg.com/images/g/ATkAAOSwPyxmmNxW/s-l1600.webp,https://i.ebayimg.com/images/g/G4MAAOSwLppmmNxc/s-l1600.webp,https://i.ebayimg.com/images/g/SmcAAOSwNO5mmNxi/s-l1600.webp,,
https://www.ebay.com/itm/356678488216?itmmeta=01JW68R8NTD6EJ6FPNKK6APKFS&hash=item530bb1d098:g:ABMAAOSwo-tn2A9k,Summer Cotton Kurta Palazzo Dupatta Set – Top Tunic Salwar,US $36.89,New without tags,Yes Fully Stitched,"Wedding , Festival , Partywear , Travel , Puja",Cotton,Handmade,Embroidery & Pittan Work And Printed,Salwar Kameez,"Winter , Summer And Spring",Straight Side Cut Kurta With Pant & Dupatta,3/4 Sleeve,Orange,Women,Below The Knee (45inch),No,Round Neck,India,https://i.ebayimg.com/images/g/ABMAAOSwo-tn2A9k/s-l1600.webp,https://i.ebayimg.com/images/g/rGAAAOSw1XZn2A9l/s-l1600.webp,https://i.ebayimg.com/images/g/VFEAAOSwA0Nn2A9j/s-l1600.webp,https://i.ebayimg.com/images/g/6T8AAOSwaV9n2A9k/s-l1600.webp,https://i.ebayimg.com/images/g/Z50AAOSwcV9lsS8K/s-l1600.webp,,,,,,,,,,
https://www.ebay.com/itm/355416393213?itmmeta=01JW69BT2PZSX80W7Q976998MS&hash=item52c077c5fd:g:rfEAAOSwV0lltOZ3,Sequence Mirror Work Salwar Kameez – Straight Kurta Pant Dupatta,US $38.53,New without tags,Yes Fully Stitched,"Wedding , Festival , Partywear , Travel , Puja",Cotton,Handmade,Sequence Embroidery Mirror Work,Salwar Kameez,"Winter , Summer And Spring",Straight Kurta With Pant & Dupatta,3/4 Sleeve,Yellow,Women,Knee,No,Round Neck,India,https://i.ebayimg.com/images/g/rfEAAOSwV0lltOZ3/s-l1600.webp,https://i.ebayimg.com/images/g/wWEAAOSw5KRltOZy/s-l1600.webp,https://i.ebayimg.com/images/g/A8sAAOSw5T1ltOZz/s-l1600.webp,https://i.ebayimg.com/images/g/qgwAAOSwnu9ltOa8/s-l1600.webp,https://i.ebayimg.com/images/g/Z50AAOSwcV9lsS8K/s-l1600.webp,,,,,,,,,,
https://www.ebay.com/itm/355887898327?itmmeta=01JW68N2RXRE7WDYBN2W0H71C2&hash=item52dc925ed7:g:G~IAAOSwgwlmnQXJ,Wedding Kurta Palazzo Dupatta Set – Handmade Readymade Tunic,US $39.35,New without tags,Yes Fully Stitched,"Wedding , Festival , Partywear , Travel","100% Silk, chinon",Handmade,No,Salwar Kameez,"Winter , Summer And Spring",Straight Kurta With Pant & Dupatta,3/4 Sleeve,Multi-Color,Women,Knee,Hand Embroidery Work And Gotta Lace Work,Round Neck,India,https://i.ebayimg.com/images/g/G~IAAOSwgwlmnQXJ/s-l1600.webp,https://i.ebayimg.com/images/g/hZ0AAOSwfQdmnQXP/s-l1600.webp,https://i.ebayimg.com/images/g/3pEAAOSwt1NmnQXL/s-l1600.webp,https://i.ebayimg.com/images/g/aukAAOSwRntmnQXR/s-l1600.webp,https://i.ebayimg.com/images/g/OPIAAOSwxVJmnQXH/s-l1600.webp,https://i.ebayimg.com/images/g/Q~QAAOSwzKdlsS7a/s-l1600.webp,,,,,,,,,
https://www.ebay.com/itm/356047170757?itmmeta=01JW68N2RXKZY3PR53GEYV8N06&hash=item52e610acc5:g:bXAAAOSw1Ttm5jGy,Readymade Kurta Pant Dupatta Set – Festival Salwar Kameez,US $43.45,New without tags,Yes Fully Stitched,"Wedding , Festival , Partywear , Travel , Puja","Cotton, Silk",Handmade,Yes,Salwar Kameez,"Winter , Summer And Spring",Straight Kurta With Pant & Dupatta,3/4 Sleeve,Multi-Color,Women,Knee,Sequence Hand Adda And Beads Hand Adda Work,V Neck,India,https://i.ebayimg.com/images/g/bXAAAOSw1Ttm5jGy/s-l1600.webp,https://i.ebayimg.com/images/g/YFwAAOSwk2Fm5jG0/s-l1600.webp,https://i.ebayimg.com/images/g/vXIAAOSw~A5m5jG2/s-l1600.webp,https://i.ebayimg.com/images/g/~dgAAOSwk9Zm5jGv/s-l1600.webp,https://i.ebayimg.com/images/g/WsUAAOSwgDJm5jGt/s-l1600.webp,https://i.ebayimg.com/images/g/yCsAAOSwgilm5jGp/s-l1600.webp,https://i.ebayimg.com/images/g/nbsAAOSwDDpm5jGr/s-l1600.webp,https://i.ebayimg.com/images/g/cZEAAOSwyNVm5jGn/s-l1600.webp,https://i.ebayimg.com/images/g/Z50AAOSwcV9lsS8K/s-l1600.webp,,,,,,
https://www.ebay.com/itm/356512112361?itmmeta=01JW68N2S04Y6ZA0Q28MMJ6V44&hash=item5301c71ee9:g:RmAAAOSwylFnmK5x,Eid Festival Kurta Palazzo Dupatta Set – Readymade Kurtis & Kurta,US $37.71,New without tags,Yes Fully Stitched,"Wedding , Festival , Partywear , Travel",Cotton,Handmade,No,Salwar Kameez,"Winter , Summer And Spring",Anarkali Kurta With Pant & Dupatta,3/4 Sleeve,Multi-Color,Women,Full (50inch),Sequence Katha Work,Round Neck,India,https://i.ebayimg.com/images/g/RmAAAOSwylFnmK5x/s-l1600.webp,https://i.ebayimg.com/images/g/x1MAAOSwK9NnmK5x/s-l1600.webp,https://i.ebayimg.com/images/g/G3kAAOSwbEJnmK5w/s-l1600.webp,https://i.ebayimg.com/images/g/kSYAAOSw7mRnmK5w/s-l1600.webp,https://i.ebayimg.com/images/g/Pm4AAOSwjVdnmK5v/s-l1600.webp,https://i.ebayimg.com/images/g/GCwAAOSwIt9nmK5z/s-l1600.webp,https://i.ebayimg.com/images/g/x4AAAOSwZcBnmK5x/s-l1600.webp,https://i.ebayimg.com/images/g/Z50AAOSwcV9lsS8K/s-l1600.webp,,,,,,,
https://www.ebay.com/itm/355781372575?itmmeta=01JW68R8NV53DRCS47XJMM70DD&hash=item52d638ea9f:g:eokAAOSwXM1mZuo4,Bollywood Salwar Kameez – Readymade Sharara Kurta Dupatta Set,US $54.93,New without tags,Yes Fully Stitched,"Wedding , Festival , Partywear , Travel",100% Silk,Handmade,No,Salwar Kameez,"Winter , Summer And Spring",Straight Kurta With Sharara & Dupatta,3/4 Sleeve,Please Check Real Image,Women,Knee (38inch),Embroidery Sequence Work,Round Neck,India,https://i.ebayimg.com/images/g/eokAAOSwXM1mZuo4/s-l1600.webp,https://i.ebayimg.com/images/g/z-gAAOSwHtBmZuo7/s-l1600.webp,https://i.ebayimg.com/images/g/zXUAAOSwaVRmZuo1/s-l1600.webp,https://i.ebayimg.com/images/g/jPYAAOSw5PFmZuos/s-l1600.webp,https://i.ebayimg.com/images/g/FKEAAOSwLtFmZuox/s-l1600.webp,https://i.ebayimg.com/images/g/rtMAAOSwIOtlsS0o/s-l1600.webp,,,,,,,,,
https://www.ebay.com/itm/355646165502?itmmeta=01JW69BT2RGW87FHDMK1QNBDW4&hash=item52ce29d1fe:g:2ywAAOSwxlJmIRev,Black Kurti Pant Set – Designer Dupatta Readymade Salwar Suit,US $39.35,New without tags,Yes Fully Stitched,"Wedding , Festival , Partywear , Travel","Chanderi, Organza",Handmade,No,Salwar Kameez,"Winter , Summer And Spring",Straight Kurta With Pant & Dupatta,3/4 Sleeve,Black,Women,Knee,Embroidery Work And Digital Printed Dupatta,Round Neck,India,https://i.ebayimg.com/images/g/2ywAAOSwxlJmIRev/s-l1600.webp,https://i.ebayimg.com/images/g/81QAAOSwrB9mIRex/s-l1600.webp,https://i.ebayimg.com/images/g/agUAAOSwL3pmIRe3/s-l1600.webp,https://i.ebayimg.com/images/g/yXAAAOSwy-lmIRe0/s-l1600.webp,https://i.ebayimg.com/images/g/d7kAAOSwl~lmIRe5/s-l1600.webp,https://i.ebayimg.com/images/g/wjAAAOSw-ulmIRe9/s-l1600.webp,https://i.ebayimg.com/images/g/JRQAAOSwogRlzMF3/s-l1600.webp,,,,,,,,
https://www.ebay.com/itm/356496516906?itmmeta=01JW68N2RWW4FHT3SN3W68JR0S&hash=item5300d9272a:g:9wUAAOSwO6Nnkh~w,Readymade Kurta Palazzo Dupatta Set – Stitched Salwar Combo,US $38.53,New without tags,Yes Fully Stitched,"Wedding , Festival , Partywear , Travel , Puja","Cotton, Silk Dupatta",Handmade,Embroidery Work And Printed Dupatta,Salwar Kameez,"Winter , Summer And Spring",Straight Kurta With Pant & Dupatta,3/4 Sleeve,Multi-Color,Women,Knee (46 inch),No,V Neck,India,https://i.ebayimg.com/images/g/9wUAAOSwO6Nnkh~w/s-l1600.webp,https://i.ebayimg.com/images/g/hpwAAOSwR6xnkh~u/s-l1600.webp,https://i.ebayimg.com/images/g/BYQAAOSwgv1nkh~x/s-l1600.webp,https://i.ebayimg.com/images/g/0moAAOSwTgFnkh~u/s-l1600.webp,https://i.ebayimg.com/images/g/W0wAAOSww6dnkh~t/s-l1600.webp,https://i.ebayimg.com/images/g/V2MAAOSwDuNnkiAm/s-l1600.webp,https://i.ebayimg.com/images/g/eqYAAOSwfH9nkiAX/s-l1600.webp,https://i.ebayimg.com/images/g/Z50AAOSwcV9lsS8K/s-l1600.webp,,,,,,,
https://www.ebay.com/itm/356713762780?itmmeta=01JW68R8NWJYG458YAJXYN153X&hash=item530dcc0fdc:g:z-IAAOSwk-dn5WK-,Wedding Festival Bollywood Kurta Palazzo Dupatta Set – 3-Piece,US $36.89,New without tags,Yes Fully Stitched,"Wedding , Festival , Partywear , Travel , Puja",Cotton,Handmade,Embroidery Work And Printed,Salwar Kameez,"Winter , Summer And Spring",Straight Kurta With Pant & Dupatta,3/4 Sleeve,Blue,Women,Knee,No,V Neck,India,https://i.ebayimg.com/images/g/z-IAAOSwk-dn5WK-/s-l1600.webp,https://i.ebayimg.com/images/g/poAAAOSwla9n5WLA/s-l1600.webp,https://i.ebayimg.com/images/g/YokAAOSwaiFn5WK9/s-l1600.webp,https://i.ebayimg.com/images/g/RdgAAOSw9rRn5WK9/s-l1600.webp,https://i.ebayimg.com/images/g/GpsAAOSw3nRn5WLD/s-l1600.webp,https://i.ebayimg.com/images/g/htUAAOSwUT9n5WLA/s-l1600.webp,https://i.ebayimg.com/images/g/Z50AAOSwcV9lsS8K/s-l1600.webp,,,,,,,,
https://www.ebay.com/itm/356367589849?itmmeta=01JW69BT2MFWPX4V5PMW0V0A1V&hash=item52f929e1d9:g:SFIAAOSwC~xnWqlQ,Elegant Bollywood Kurta Palazzo Dupatta Set – Wedding Tunic Wear,US $36.89,New without tags,Yes Fully Stitched,"Wedding , Festival , Partywear , Travel , Puja",Cotton,Handmade,Hand Embroidery Work And Printed,Salwar Kameez,"Winter , Summer And Spring",Straight Kurta With Pant & Dupatta,3/4 Sleeve,Yellow,Women,Knee,No,Round Neck,India,https://i.ebayimg.com/images/g/SFIAAOSwC~xnWqlQ/s-l1600.webp,https://i.ebayimg.com/images/g/mVkAAOSw0bFnWqlS/s-l1600.webp,https://i.ebayimg.com/images/g/P3MAAOSwU3BnWqlP/s-l1600.webp,https://i.ebayimg.com/images/g/er0AAOSwUXBnWqlQ/s-l1600.webp,https://i.ebayimg.com/images/g/Z50AAOSwcV9lsS8K/s-l1600.webp,,,,,,,,,,
https://www.ebay.com/itm/356913125013?itmmeta=01JW68R8NWKQ62GT24SSZNSMWC&hash=item5319ae1695:g:fLcAAOSwLt9oKFBh,Green Kurta Pant Set – Wedding Designer Dupatta Salwar Kameez,US $36.89,New without tags,Yes Fully Stitched,"Wedding , Festival , Partywear , Travel , Puja",Cotton,Handmade,Embroidery Work,Salwar Kameez,"Winter , Summer And Spring",Anarkali Style Kurta With Pant & Dupatta,3/4 Sleeve,Green,Women,Below The Knee (46inch),No,V Neck,India,https://i.ebayimg.com/images/g/fLcAAOSwLt9oKFBh/s-l1600.webp,https://i.ebayimg.com/images/g/-0UAAOSwtdpoKFBg/s-l1600.webp,https://i.ebayimg.com/images/g/FSsAAOSwvgZoKFBh/s-l1600.webp,https://i.ebayimg.com/images/g/014AAOSwWb5oKFBj/s-l1600.webp,https://i.ebayimg.com/images/g/BwkAAOSwYSRoKFBj/s-l1600.webp,https://i.ebayimg.com/images/g/Z50AAOSwcV9lsS8K/s-l1600.webp,,,,,,,,,
https://www.ebay.com/itm/356401441872?itmmeta=01JW69BT2PZ6JYDTJ4VNJJR2ZC&hash=item52fb2e6c50:g:4r0AAOSwWY5naTaZ,Velvet Kurta Palazzo Dupatta Set – Winter Wedding Kurtis Kurta,US $52.47,New without tags,Yes Fully Stitched,"Wedding , Festival , Partywear , Travel","Net Dupatta, Velvet",Handmade,No,Salwar Kameez,"Winter , Summer And Spring",Short Kurta With Palazzo & Dupatta,Full Sleeve,Brown,Women,Above the Knee (32inch),Embroidery Sequence Work,Round Neck,India,https://i.ebayimg.com/images/g/4r0AAOSwWY5naTaZ/s-l1600.webp,https://i.ebayimg.com/images/g/b6kAAOSwN-lnaTaU/s-l1600.webp,https://i.ebayimg.com/images/g/LhUAAOSwj6ZnaTaa/s-l1600.webp,https://i.ebayimg.com/images/g/ioQAAOSwhFtnaTaZ/s-l1600.webp,https://i.ebayimg.com/images/g/s7gAAOSwICRnaTab/s-l1600.webp,https://i.ebayimg.com/images/g/~8AAAOSwfeZm9Rxf/s-l1600.webp,,,,,,,,,
https://www.ebay.com/itm/356447545805?itmmeta=01JW68R8NVTV4VS1WZWTX15KR9&hash=item52fdede9cd:g:vvwAAOSwb5JnfnPS,Pakistani Eid Kurta Palazzo Dupatta Set – Readymade Salwar Suit,US $37.71,New without tags,Yes Fully Stitched,"Wedding , Festival , Partywear , Travel",Cotton,Handmade,No,Salwar Kameez,"Winter , Summer And Spring",Flared Kurta With Pant & Dupatta,3/4 Sleeve,Blue,Women,Full (50inch),Sequence Embroidery Work,V Neck,India,https://i.ebayimg.com/images/g/vvwAAOSwb5JnfnPS/s-l1600.webp,https://i.ebayimg.com/images/g/vQcAAOSwPbtnfnPS/s-l1600.webp,https://i.ebayimg.com/images/g/7doAAOSwOyVnfnPT/s-l1600.webp,https://i.ebayimg.com/images/g/WGMAAOSw3rlnfnPV/s-l1600.webp,https://i.ebayimg.com/images/g/~q8AAOSwolFnfnP0/s-l1600.webp,https://i.ebayimg.com/images/g/Z50AAOSwcV9lsS8K/s-l1600.webp,,,,,,,,,
https://www.ebay.com/itm/356781360773?itmmeta=01JW69BT2P9TE9JT6F1YZXB8RV&hash=item5311d38685:g:AosAAOSwaOJn~iQ0,Readymade Salwar Kameez – Straight Kurta Palazzo Dupatta Set,US $36.89,New without tags,Yes Fully Stitched,"Wedding , Festival , Partywear , Travel",Cotton,Handmade,Embroidery Work And Printed,V Neck,India,Straight Kurta With Pant & Dupatta,3/4 Sleeve,Multi-Color,Women,Knee,Salwar Kameez,"Winter , Summer And Spring",,https://i.ebayimg.com/images/g/AosAAOSwaOJn~iQ0/s-l1600.webp,https://i.ebayimg.com/images/g/rKIAAOSw69Jn~iQ0/s-l1600.webp,https://i.ebayimg.com/images/g/yPkAAOSw6XFn~iQ0/s-l1600.webp,https://i.ebayimg.com/images/g/pbEAAOSwzAtn~iQ0/s-l1600.webp,https://i.ebayimg.com/images/g/Ne0AAOSwM6Nn~iQ1/s-l1600.webp,https://i.ebayimg.com/images/g/siwAAOSwLbxn~iQ1/s-l1600.webp,https://i.ebayimg.com/images/g/t9cAAOSwJqVn~iQy/s-l1600.webp,https://i.ebayimg.com/images/g/7Z4AAOSwtmplsS8H/s-l1600.webp,,,,,,,
https://www.ebay.com/itm/356713754543?itmmeta=01JW68R8NRRQW61FPD6VKFE7VR&hash=item530dcbefaf:g:xiUAAOSwB3Rn5WGI,Hand Block Printed Kurta Palazzo Dupatta Set – Salwar Kameez,US $36.89,New without tags,Yes Fully Stitched,"Wedding , Festival , Partywear , Travel , Puja",Cotton,Handmade,Printed,Salwar Kameez,"Winter , Summer And Spring",Straight Kurta With Pant & Dupatta,3/4 Sleeve,Multi-Color,Women,Knee,No,Round Neck,India,https://i.ebayimg.com/images/g/xiUAAOSwB3Rn5WGI/s-l1600.webp,https://i.ebayimg.com/images/g/QKAAAOSwRX1n5WGG/s-l1600.webp,https://i.ebayimg.com/images/g/uA4AAOSwTvBn5WGH/s-l1600.webp,https://i.ebayimg.com/images/g/1jAAAOSwBLhn5WGK/s-l1600.webp,https://i.ebayimg.com/images/g/urMAAOSwOCRn5WGL/s-l1600.webp,https://i.ebayimg.com/images/g/Z50AAOSwcV9lsS8K/s-l1600.webp,,,,,,,,,
https://www.ebay.com/itm/356713762780?itmmeta=01JW69BT2MBD2KRHEYRNJQDJZR&hash=item530dcc0fdc:g:z-IAAOSwk-dn5WK-,Wedding Festival Bollywood Kurta Palazzo Dupatta Set – 3-Piece,US $36.89,New without tags,Yes Fully Stitched,"Wedding , Festival , Partywear , Travel , Puja",Cotton,Handmade,Embroidery Work And Printed,Salwar Kameez,"Winter , Summer And Spring",Straight Kurta With Pant & Dupatta,3/4 Sleeve,Blue,Women,Knee,No,V Neck,India,https://i.ebayimg.com/images/g/z-IAAOSwk-dn5WK-/s-l1600.webp,https://i.ebayimg.com/images/g/poAAAOSwla9n5WLA/s-l1600.webp,https://i.ebayimg.com/images/g/YokAAOSwaiFn5WK9/s-l1600.webp,https://i.ebayimg.com/images/g/RdgAAOSw9rRn5WK9/s-l1600.webp,https://i.ebayimg.com/images/g/GpsAAOSw3nRn5WLD/s-l1600.webp,https://i.ebayimg.com/images/g/htUAAOSwUT9n5WLA/s-l1600.webp,https://i.ebayimg.com/images/g/Z50AAOSwcV9lsS8K/s-l1600.webp,,,,,,,,
https://www.ebay.com/itm/355404758564?itmmeta=01JW68R8NXKP3W3NBNP3TKD0QT&hash=item52bfc63e24:g:VvUAAOSwAk1lr4XQ,Anarkali Flared Kurta Pant Dupatta Set – Wedding Kurtis Kurta,US $36.89,New without tags,Yes Fully Stitched,"Wedding , Festival , Partywear , Travel",Rayon,Handmade,Gotta Lace Work,V Neck,India,Flared Kurta With Pant & Dupatta,3/4 Sleeve,Wine,Women,Below The Knee,Salwar Kameez,"Winter , Summer And Spring",,https://i.ebayimg.com/images/g/VvUAAOSwAk1lr4XQ/s-l1600.webp,https://i.ebayimg.com/images/g/mZoAAOSwnMNlr4Xg/s-l1600.webp,https://i.ebayimg.com/images/g/WxoAAOSw7DRlr4Xa/s-l1600.webp,https://i.ebayimg.com/images/g/7NQAAOSwMZNlr4XV/s-l1600.webp,https://i.ebayimg.com/images/g/w28AAOSwdVhlr4Xk/s-l1600.webp,https://i.ebayimg.com/images/g/-dwAAOSwE~5lr4W1/s-l1600.webp,https://i.ebayimg.com/images/g/E94AAOSwucVlr4W-/s-l1600.webp,https://i.ebayimg.com/images/g/ptYAAOSwH5plr4XL/s-l1600.webp,https://i.ebayimg.com/images/g/7Z4AAOSwtmplsS8H/s-l1600.webp,,,,,,
https://www.ebay.com/itm/356007597454?itmmeta=01JW68N2RXMZC7B7P3KC64KHSN&hash=item52e3b4d58e:g:gZUAAOSwlexm1gWc,Festival Kurta Palazzo Dupatta Set – Readymade Suits for Diwali,US $36.89,New without tags,Yes Fully Stitched,"Wedding , Festival , Partywear , Travel",Cotton,Handmade,No,Salwar Kameez,"Winter , Summer And Spring",Straight Kurta With Pant & Dupatta,3/4 Sleeve,Yellow,Women,Knee,Printed And Hand Work,V Neck,India,https://i.ebayimg.com/images/g/gZUAAOSwlexm1gWc/s-l1600.webp,https://i.ebayimg.com/images/g/Id4AAOSw8fpm1gWe/s-l1600.webp,https://i.ebayimg.com/images/g/Ff4AAOSwFaxm1gWl/s-l1600.webp,https://i.ebayimg.com/images/g/H~gAAOSwqFdm1gVw/s-l1600.webp,https://i.ebayimg.com/images/g/SWgAAOSwi49m1gXF/s-l1600.webp,https://i.ebayimg.com/images/g/Z50AAOSwcV9lsS8K/s-l1600.webp,,,,,,,,,
https://www.ebay.com/itm/356447520012?itmmeta=01JW68N2RZ3M6SKN03MWXTR67S&hash=item52fded850c:g:EVMAAOSwKZdnfnHH,White Kurta Palazzo Dupatta Set – Bollywood Readymade Kurtis,US $37.71,New with tags,Yes Fully Stitched,"Wedding , Festival , Partywear , Travel",Cotton,Handmade,No,Salwar Kameez,"Winter , Summer And Spring",Straight Kurta With Pant & Dupatta,3/4 Sleeve,White,Women,Below The Knee (46inch),Embroidery Work,Round Neck,India,https://i.ebayimg.com/images/g/EVMAAOSwKZdnfnHH/s-l1600.webp,https://i.ebayimg.com/images/g/BR8AAOSwsM9nfnHH/s-l1600.webp,https://i.ebayimg.com/images/g/f0EAAOSwQmBnfnHH/s-l1600.webp,https://i.ebayimg.com/images/g/MPkAAOSwp0dnfnHG/s-l1600.webp,https://i.ebayimg.com/images/g/TmUAAOSwqxJnfnHH/s-l1600.webp,https://i.ebayimg.com/images/g/Z50AAOSwcV9lsS8K/s-l1600.webp,,,,,,,,,
https://www.ebay.com/itm/355982218138?itmmeta=01JW68N2S0J97E9DW3MNXVGC5X&hash=item52e231939a:g:xBgAAOSwOYxmyeYs,Red Kurta Palazzo Set – Designer Dupatta Festival Readymade Suit,US $36.89,New without tags,Yes Fully Stitched,"Wedding , Festival , Partywear , Travel",Cotton,Handmade,No,Salwar Kameez,"Winter , Summer And Spring",Flared Kurta With Pant & Dupatta,3/4 Sleeve,Red,Women,Below The Knee (49inch),Printed And Hand Work,V Neck,India,https://i.ebayimg.com/images/g/xBgAAOSwOYxmyeYs/s-l1600.webp,https://i.ebayimg.com/images/g/kGkAAOSw3admyeYe/s-l1600.webp,https://i.ebayimg.com/images/g/v8sAAOSwqR1myeYv/s-l1600.webp,https://i.ebayimg.com/images/g/zR8AAOSwOkpmyeYo/s-l1600.webp,https://i.ebayimg.com/images/g/M7MAAOSwyJZmyeYa/s-l1600.webp,https://i.ebayimg.com/images/g/FvsAAOSwOmBmyeYT/s-l1600.webp,https://i.ebayimg.com/images/g/p-gAAOSwsTpmyeax/s-l1600.webp,https://i.ebayimg.com/images/g/Z50AAOSwcV9lsS8K/s-l1600.webp,,,,,,,
https://www.ebay.com/itm/355691663114?itmmeta=01JW69BT2QR7AYSKSMHR837FDJ&hash=item52d0e00f0a:g:XLUAAOSwnqtmOHDr,Salwar Kameez – Ready to Wear Straight Kurta Pant Dupatta Set,US $36.89,New without tags,Yes Fully Stitched,"Wedding , Festival , Partywear , Travel",Cotton,Handmade,Printed And Embroidery Work,Round Neck,India,Straight Kurta With Pant & Dupatta,3/4 Sleeve,Blue,Women,Knee,Salwar Kameez,"Winter , Summer And Spring",,https://i.ebayimg.com/images/g/XLUAAOSwnqtmOHDr/s-l1600.webp,https://i.ebayimg.com/images/g/liUAAOSwkyFmOHDh/s-l1600.webp,https://i.ebayimg.com/images/g/sRcAAOSwp9ZmOHDe/s-l1600.webp,https://i.ebayimg.com/images/g/RD0AAOSwn~tmOHDU/s-l1600.webp,https://i.ebayimg.com/images/g/Vt8AAOSwQHlmOHDX/s-l1600.webp,https://i.ebayimg.com/images/g/82AAAOSw-bZmOHDa/s-l1600.webp,https://i.ebayimg.com/images/g/7Z4AAOSwtmplsS8H/s-l1600.webp,,,,,,,,
https://www.ebay.com/itm/356783414155?itmmeta=01JW68N2S1YMM7V2EEAJDMG8RP&hash=item5311f2db8b:g:fNkAAOSwLP1n~okX,Pink Pakistani Salwar Kameez – Readymade Kurta Palazzo Dupatta,US $36.89,New without tags,Yes Fully Stitched,"Wedding , Festival , Partywear , Travel , Puja","Cotton, Silk Dupatta",Handmade,Embroidery Work And Printed Dupatta,Salwar Kameez,"Winter , Summer And Spring",Straight Kurta With Pant & Dupatta,3/4 Sleeve,Pink,Women,Knee,No,Round Neck,India,https://i.ebayimg.com/images/g/fNkAAOSwLP1n~okX/s-l1600.webp,https://i.ebayimg.com/images/g/ujIAAOSw1DVn~okU/s-l1600.webp,https://i.ebayimg.com/images/g/c1sAAOSwhgxn~oka/s-l1600.webp,https://i.ebayimg.com/images/g/xwQAAOSwB7dn~okb/s-l1600.webp,https://i.ebayimg.com/images/g/kvcAAOSwi65n~oka/s-l1600.webp,https://i.ebayimg.com/images/g/ZC8AAOSwW6Rn~okZ/s-l1600.webp,https://i.ebayimg.com/images/g/3r0AAOSwexxn~oka/s-l1600.webp,https://i.ebayimg.com/images/g/XVQAAOSwy-ln~olP/s-l1600.webp,https://i.ebayimg.com/images/g/Z50AAOSwcV9lsS8K/s-l1600.webp,,,,,,
https://www.ebay.com/itm/356499576347?itmmeta=01JW68N2S1RMJB9YP8JYQMFRM2&hash=item530107d61b:g:pC0AAOSwuUpnk00x,Pakistani Salwar Kameez – Readymade Kurta Palazzo Dupatta Set,US $37.71,New without tags,Yes Fully Stitched,"Wedding , Festival , Partywear , Travel , Puja","Cotton, Silk Dupatta",Handmade,Embroidery Work And Printed Dupatta,Salwar Kameez,"Winter , Summer And Spring",Straight Kurta With Pant & Dupatta,3/4 Sleeve,Blue,Women,Knee,No,Round Neck,India,https://i.ebayimg.com/images/g/pC0AAOSwuUpnk00x/s-l1600.webp,https://i.ebayimg.com/images/g/wVYAAOSwHNxnk00s/s-l1600.webp,https://i.ebayimg.com/images/g/luoAAOSweGZnk00q/s-l1600.webp,https://i.ebayimg.com/images/g/fYcAAOSwNe5nk00s/s-l1600.webp,https://i.ebayimg.com/images/g/-CgAAOSwFpVnk00t/s-l1600.webp,https://i.ebayimg.com/images/g/5RwAAOSwFCRnk01Z/s-l1600.webp,https://i.ebayimg.com/images/g/yT0AAOSwcbBnk01h/s-l1600.webp,https://i.ebayimg.com/images/g/Z50AAOSwcV9lsS8K/s-l1600.webp,,,,,,,
https://www.ebay.com/itm/356048255091?itmmeta=01JW68N2S2E89A9SKJ4AEYZXGN&hash=item52e6213873:g:rlUAAOSwB6Vm5p4O,Palazzo Kurta Set – Festival Dresses Gift for Her Cotton Suits,US $36.89,New without tags,Yes Fully Stitched,"Wedding , Festival , Partywear , Travel , Puja",Cotton,Handmade,Printed,Salwar Kameez,"Winter , Summer And Spring",Straight Kurta With Pant & Dupatta,3/4 Sleeve,Multi-Color,Women,Knee,Yes,V Neck,India,https://i.ebayimg.com/images/g/rlUAAOSwB6Vm5p4O/s-l1600.webp,https://i.ebayimg.com/images/g/Q18AAOSw97Rm5p4l/s-l1600.webp,https://i.ebayimg.com/images/g/9S0AAOSw9u9m5p4G/s-l1600.webp,https://i.ebayimg.com/images/g/8AMAAOSwtrhm5p3u/s-l1600.webp,https://i.ebayimg.com/images/g/Z50AAOSwcV9lsS8K/s-l1600.webp,,,,,,,,,,
https://www.ebay.com/itm/355880248724?itmmeta=01JW68N2S0XP3T4XVFQW38PX6H&hash=item52dc1da594:g:sKsAAOSwb-1mmO75,Wedding Palazzo Kurta Dupatta Set – Designer Salwar Kameez,US $36.89,New without tags,Yes Fully Stitched,"Wedding , Festival , Partywear , Travel",Cotton,Handmade,No,Salwar Kameez,"Winter , Summer And Spring",Straight Kurta With Pant & Dupatta,3/4 Sleeve,Pink,Women,Knee,Embroidery Work,V Neck,India,https://i.ebayimg.com/images/g/sKsAAOSwb-1mmO75/s-l1600.webp,https://i.ebayimg.com/images/g/ZToAAOSwjspmmO7x/s-l1600.webp,https://i.ebayimg.com/images/g/w8wAAOSwkj1mmO78/s-l1600.webp,https://i.ebayimg.com/images/g/dicAAOSw6eZmmO7u/s-l1600.webp,https://i.ebayimg.com/images/g/ic0AAOSwJj5mmO7r/s-l1600.webp,https://i.ebayimg.com/images/g/5VYAAOSwOhZmmO71/s-l1600.webp,https://i.ebayimg.com/images/g/JRQAAOSwogRlzMF3/s-l1600.webp,,,,,,,,
https://www.ebay.com/itm/356907907548?itmmeta=01JW68N2S0HJC7JC07N0YP465B&hash=item53195e79dc:g:YngAAOSw~yJoJ1Rh,Cotton Kurta Pant Set with Dupatta – Readymade Salwar Suits,US $36.89,New without tags,Yes Fully Stitched,"Wedding , Festival , Partywear , Travel , Puja",Cotton,Handmade,Sequence Work & Printed,Salwar Kameez,"Winter , Summer And Spring",Straight Long Kurta With Pant & Dupatta,3/4 Sleeve,Multi-Color,Women,Below The Knee,No,Round Neck,India,https://i.ebayimg.com/images/g/YngAAOSw~yJoJ1Rh/s-l1600.webp,https://i.ebayimg.com/images/g/PqsAAOSwzYpoJ1Rf/s-l1600.webp,https://i.ebayimg.com/images/g/fbwAAOSwLyJoJ1Rg/s-l1600.webp,https://i.ebayimg.com/images/g/13EAAOSwZr1oJ1Rm/s-l1600.webp,https://i.ebayimg.com/images/g/bMwAAOSwoFFoJ1Rq/s-l1600.webp,https://i.ebayimg.com/images/g/Z50AAOSwcV9lsS8K/s-l1600.webp,,,,,,,,,
https://www.ebay.com/itm/355907797943?itmmeta=01JW68N2S3XPFQQGPMMDKK2MVP&hash=item52ddc203b7:g:gUcAAOSwwjZmpxZA,Handmade Kurta Palazzo Set – Cotton Salwar Kameez Dupatta,US $37.71,New without tags,Yes Fully Stitched,"Wedding , Festival , Partywear , Travel , Puja","Cotton Linen, Kota Doriya, Chanderi silk",Handmade,Hand Embroidery Work,Salwar Kameez,"Winter , Summer And Spring",Straight Kurta With Pant & Dupatta,3/4 Sleeve,Please Check Real Image,Women,Knee,No,Round Neck,India,https://i.ebayimg.com/images/g/gUcAAOSwwjZmpxZA/s-l1600.webp,https://i.ebayimg.com/images/g/qWYAAOSwhKNmpxY9/s-l1600.webp,https://i.ebayimg.com/images/g/oskAAOSwPkZmpxY8/s-l1600.webp,https://i.ebayimg.com/images/g/Qv0AAOSwtyZmpxY4/s-l1600.webp,https://i.ebayimg.com/images/g/LrQAAOSw5OdmpxY3/s-l1600.webp,https://i.ebayimg.com/images/g/~GkAAOSwPthmpxY1/s-l1600.webp,https://i.ebayimg.com/images/g/Z50AAOSwcV9lsS8K/s-l1600.webp,,,,,,,,
https://www.ebay.com/itm/356753555794?itmmeta=01JW68N2S0Q9HY67BWJY1PKWDR&hash=item53102b4152:g:5u8AAOSwdr5n9ihW,Bollywood Party Kurta Palazzo Dupatta Set – Readymade Salwar,US $36.89,New without tags,Yes Fully Stitched,"Wedding , Festival , Partywear , Travel",Cotton,Handmade,No,Salwar Kameez,"Winter , Summer And Spring",Straight Kurta With Pant & Dupatta,3/4 Sleeve,Peach,Women,Knee,Embroidery Work,V Neck,India,https://i.ebayimg.com/images/g/5u8AAOSwdr5n9ihW/s-l1600.webp,https://i.ebayimg.com/images/g/obEAAOSwSWNn9ihW/s-l1600.webp,https://i.ebayimg.com/images/g/h20AAOSwCcFn9ihW/s-l1600.webp,https://i.ebayimg.com/images/g/ktMAAOSwMohn9ihW/s-l1600.webp,https://i.ebayimg.com/images/g/k3gAAOSwystn9ihV/s-l1600.webp,https://i.ebayimg.com/images/g/Z50AAOSwcV9lsS8K/s-l1600.webp,,,,,,,,,
https://www.ebay.com/itm/356003426025?itmmeta=01JW68R8NSPQZ5T5NV3HB3GREA&hash=item52e3752ee9:g:~PMAAOSwOoZm1EoF,Traditional Kurta Palazzo Dupatta Set – Readymade Salwar Suits,US $36.07,New without tags,Yes Fully Stitched,"Wedding , Festival , Partywear , Travel , Puja",Cotton,Handmade,Embroidery Thread Work,Salwar Kameez,"Winter , Summer And Spring",Straight Kurta With Pant & Dupatta,3/4 Sleeve,Black,Women,Below The Knee (47inch),No,V Neck,India,https://i.ebayimg.com/images/g/~PMAAOSwOoZm1EoF/s-l1600.webp,https://i.ebayimg.com/images/g/lncAAOSwk4dm1EoY/s-l1600.webp,https://i.ebayimg.com/images/g/UmQAAOSw0xNm1EoU/s-l1600.webp,https://i.ebayimg.com/images/g/bdMAAOSwO3Bm1EoO/s-l1600.webp,https://i.ebayimg.com/images/g/gX4AAOSwMnBm1EoI/s-l1600.webp,https://i.ebayimg.com/images/g/c8kAAOSwbPxm1EoA/s-l1600.webp,https://i.ebayimg.com/images/g/iUgAAOSwH39m1En9/s-l1600.webp,https://i.ebayimg.com/images/g/Z50AAOSwcV9lsS8K/s-l1600.webp,,,,,,,
https://www.ebay.com/itm/356440838177?itmmeta=01JW68R8NXFPXZDTS0Y6FXWYDG&hash=item52fd879021:g:bNAAAOSw4WVne7bd,Black Kurta Palazzo Dupatta Set – Plus Size Upto 7XL Kurtis,US $37.71,New without tags,Yes Fully Stitched,"Wedding , Festival , Partywear , Travel",Cotton,Handmade,No,Salwar Kameez,"Winter , Summer And Spring",Flared Kurta With Pant & Dupatta,3/4 Sleeve,Black,Women,Below The Knee,Printed,Round Neck,India,https://i.ebayimg.com/images/g/bNAAAOSw4WVne7bd/s-l1600.webp,https://i.ebayimg.com/images/g/qqcAAOSwitZne7be/s-l1600.webp,https://i.ebayimg.com/images/g/PkcAAOSwuPVne7bc/s-l1600.webp,https://i.ebayimg.com/images/g/zk0AAOSwpgJne7bf/s-l1600.webp,https://i.ebayimg.com/images/g/rtMAAOSwIOtlsS0o/s-l1600.webp,,,,,,,,,,
https://www.ebay.com/itm/356388839568?itmmeta=01JW68R8NXD9BHPR00PFXENS5Z&hash=item52fa6e2090:g:5eMAAOSwglVnY-Z8,Embroidered Kurta Palazzo Dupatta Set – Wedding Readymade Wear,US $51.65,New without tags,Yes Fully Stitched,"Wedding , Festival , Partywear , Travel",Chinon Silk,Handmade,No,Salwar Kameez,"Winter , Summer And Spring",Straight Kurta With Palazzo & Dupatta,3/4 Sleeve,Blue,Women,Below The Knee (48inch),Embroidery Sequence Work,Round Neck,India,https://i.ebayimg.com/images/g/5eMAAOSwglVnY-Z8/s-l1600.webp,https://i.ebayimg.com/images/g/R9oAAOSw-rhnY-Z9/s-l1600.webp,https://i.ebayimg.com/images/g/wu8AAOSwu2ZnY-Z~/s-l1600.webp,https://i.ebayimg.com/images/g/cPMAAOSwMIpnY-Z~/s-l1600.webp,https://i.ebayimg.com/images/g/rMEAAOSws7RnY-Z-/s-l1600.webp,https://i.ebayimg.com/images/g/~8AAAOSwfeZm9Rxf/s-l1600.webp,,,,,,,,,
https://www.ebay.com/itm/355984731163?itmmeta=01JW68N2RVY9BGHPCW7WAQZ8NF&hash=item52e257ec1b:g:YAAAAOSwdCJmy1tt,White Kurta Pant Dupatta Set – Festival Readymade Salwar Kameez,US $36.89,New without tags,Yes Fully Stitched,"Wedding , Festival , Partywear , Travel",Cotton,Handmade,Hand Printed,Round Neck,India,Flared Kurta With Pant & Dupatta,3/4 Sleeve,White,Women,Full (50inch),Salwar Kameez,"Winter , Summer And Spring",,https://i.ebayimg.com/images/g/YAAAAOSwdCJmy1tt/s-l1600.webp,https://i.ebayimg.com/images/g/E-sAAOSwcIZmy1tp/s-l1600.webp,https://i.ebayimg.com/images/g/ZvQAAOSwuhVmy1tm/s-l1600.webp,https://i.ebayimg.com/images/g/Oq8AAOSwRq9my1tk/s-l1600.webp,https://i.ebayimg.com/images/g/940AAOSwlMBmy1th/s-l1600.webp,https://i.ebayimg.com/images/g/7Z4AAOSwtmplsS8H/s-l1600.webp,,,,,,,,,
https://www.ebay.com/itm/355489788294?itmmeta=01JW68R8NT527BS6TC5TCCFQ6B&hash=item52c4d7b186:g:W9kAAOSwyGdl2jG-,Pakistani Embroidered Salwar Kameez – Festival Palazzo Kurta Set,US $37.71,New without tags,Yes Fully Stitched,"Wedding , Festival , Partywear , Travel","Rayon, Organza",Handmade,Embroidery Work,Round Neck,India,Straight Kurta With Pant & Dupatta,3/4 Sleeve,Purple,Women,Knee,Salwar Kameez,"Winter , Summer And Spring",,https://i.ebayimg.com/images/g/W9kAAOSwyGdl2jG-/s-l1600.webp,https://i.ebayimg.com/images/g/ayEAAOSwkzpl2jG2/s-l1600.webp,https://i.ebayimg.com/images/g/ne4AAOSwt7Nl2jG6/s-l1600.webp,https://i.ebayimg.com/images/g/ewcAAOSwolll2jGx/s-l1600.webp,https://i.ebayimg.com/images/g/FDoAAOSwrJpl2jID/s-l1600.webp,https://i.ebayimg.com/images/g/-EkAAOSw5mRl2jIO/s-l1600.webp,https://i.ebayimg.com/images/g/7Z4AAOSwtmplsS8H/s-l1600.webp,,,,,,,,
https://www.ebay.com/itm/356388941362?itmmeta=01JW68N2RYDA63FDYYDSWZJSXP&hash=item52fa6fae32:g:-R8AAOSwMONnY~CH,Silk Kurta Palazzo Dupatta Set – Wedding Kurtis & Kurta Wear,US $38.53,New without tags,Yes Fully Stitched,"Wedding , Festival , Partywear , Travel",Silk,Handmade,No,Salwar Kameez,"Winter , Summer And Spring",Straight Kurta With Pant & Dupatta,3/4 Sleeve,Multi-Color,Women,Knee,Hand Work And Stone Work,Round Neck,India,https://i.ebayimg.com/images/g/-R8AAOSwMONnY~CH/s-l1600.webp,https://i.ebayimg.com/images/g/uTsAAOSwv7FnY~CH/s-l1600.webp,https://i.ebayimg.com/images/g/wtIAAOSwkLlnY~CH/s-l1600.webp,https://i.ebayimg.com/images/g/hzkAAOSw9gZnY~CH/s-l1600.webp,https://i.ebayimg.com/images/g/bf0AAOSwudtnY~CG/s-l1600.webp,https://i.ebayimg.com/images/g/oVwAAOSw-YVnY~CI/s-l1600.webp,https://i.ebayimg.com/images/g/Qi4AAOSw-RtnY~C7/s-l1600.webp,https://i.ebayimg.com/images/g/Z50AAOSwcV9lsS8K/s-l1600.webp,,,,,,,
https://www.ebay.com/itm/355762269567?itmmeta=01JW69BT2QS1RP0G7FP0FBYAQ7&hash=item52d5156d7f:g:PY4AAOSw9X5m9j~s,Readymade Salwar Kameez Suit – Ethnic Palazzo Kurta Set,US $36.89,New without tags,Yes Fully Stitched,"Wedding , Festival , Partywear , Travel , Puja",Cotton,Handmade,Embroidery Work,Salwar Kameez,"Winter , Summer And Spring",Straight Kurta With Pant & Dupatta,3/4 Sleeve,Multi-Color,Women,Knee,No,V Neck,India,https://i.ebayimg.com/images/g/PY4AAOSw9X5m9j~s/s-l1600.webp,https://i.ebayimg.com/images/g/UkwAAOSw-eRm9j~p/s-l1600.webp,https://i.ebayimg.com/images/g/rucAAOSwMqpmXSia/s-l1600.webp,https://i.ebayimg.com/images/g/EgUAAOSw~iFmXSiZ/s-l1600.webp,https://i.ebayimg.com/images/g/iWQAAOSw61lmXSiX/s-l1600.webp,https://i.ebayimg.com/images/g/5asAAOSwENtmXSid/s-l1600.webp,https://i.ebayimg.com/images/g/ZDkAAOSwAilmXSic/s-l1600.webp,https://i.ebayimg.com/images/g/~jUAAOSwiZ9mXSib/s-l1600.webp,https://i.ebayimg.com/images/g/cyAAAOSwPJNmXSii/s-l1600.webp,https://i.ebayimg.com/images/g/-PoAAOSwMbtmXSih/s-l1600.webp,https://i.ebayimg.com/images/g/~YEAAOSwrupmXSif/s-l1600.webp,https://i.ebayimg.com/images/g/Z50AAOSwcV9lsS8K/s-l1600.webp,https://i.ebayimg.com/images/g/Qq0AAOSwBAZmXSjb/s-l1600.webp,https://i.ebayimg.com/images/g/PSAAAOSwFUBmXSjh/s-l1600.webp,https://i.ebayimg.com/images/g/faMAAOSwzbtmXSjo/s-l1600.webp
https://www.ebay.com/itm/356395200827?itmmeta=01JW69BT2RAJHPCJNM20K33X2T&hash=item52facf313b:g:g3cAAOSwaUVnZppm,Rayon Kurta Sharara Dupatta Set – Gotta Patti Red Kurtis Kurta,US $38.53,New with tags,Yes Fully Stitched,"Wedding , Festival , Partywear , Travel",Rayon,Handmade,No,Salwar Kameez,"Winter , Summer And Spring",Straight Kurta With Sharara & Dupatta,3/4 Sleeve,Red,Women,Knee,Hand Work And Gotta Patti Work,V Neck,India,https://i.ebayimg.com/images/g/g3cAAOSwaUVnZppm/s-l1600.webp,https://i.ebayimg.com/images/g/Rn0AAOSwscxnZppi/s-l1600.webp,https://i.ebayimg.com/images/g/nGUAAOSwTiZnZppm/s-l1600.webp,https://i.ebayimg.com/images/g/C7gAAOSwmMNnZppk/s-l1600.webp,https://i.ebayimg.com/images/g/Z50AAOSwcV9lsS8K/s-l1600.webp,,,,,,,,,,
https://www.ebay.com/itm/355464072193?itmmeta=01JW68R8NWW8SZHGWVPH2AG4ZF&hash=item52c34f4c01:g:biIAAOSw8dJlzLn~,Wedding Anarkali Kurta Pant Dupatta Set – Diwali Salwar Kameez,US $40.17,New without tags,Yes Fully Stitched,"Wedding , Festival , Partywear , Travel",Chinon,Handmade,No,Salwar Kameez,"Winter , Summer And Spring",Flared Kurta With Pant & Dupatta,3/4 Sleeve,Purple,Women,Below The Knee,Printed And Embroidery Work,V Neck,India,https://i.ebayimg.com/images/g/biIAAOSw8dJlzLn~/s-l1600.webp,https://i.ebayimg.com/images/g/I5wAAOSwgtxlzLn6/s-l1600.webp,https://i.ebayimg.com/images/g/XiUAAOSwj9VlzLn2/s-l1600.webp,https://i.ebayimg.com/images/g/LbUAAOSwtxhlzLnw/s-l1600.webp,https://i.ebayimg.com/images/g/4aUAAOSwcgtlzLnr/s-l1600.webp,https://i.ebayimg.com/images/g/Z50AAOSwcV9lsS8K/s-l1600.webp,,,,,,,,,
https://www.ebay.com/itm/356456812911?itmmeta=01JW68R8NRM8SK8CTX8WP3244B&hash=item52fe7b516f:g:-MoAAOSw3EBnghj1,Festival Kurta Palazzo Dupatta Set – Alia Cut Kurta for Eid,US $46.73,New without tags,Yes Fully Stitched,"Wedding , Festival , Partywear , Travel","Roman Silk, Organza Dupatta",Handmade,No,Salwar Kameez,"Winter , Summer And Spring",Nyra Cut Kurta & Palazzo And Dupatta,3/4 Sleeve,Multi-Color,Women,Below The Knee (48inch),Sequence And Thread Embroidery Work,V Neck,India,https://i.ebayimg.com/images/g/-MoAAOSw3EBnghj1/s-l1600.webp,https://i.ebayimg.com/images/g/6cUAAOSwG8dnghjn/s-l1600.webp,https://i.ebayimg.com/images/g/o~YAAOSwhHdnghjo/s-l1600.webp,https://i.ebayimg.com/images/g/kYwAAOSweTFnghjo/s-l1600.webp,https://i.ebayimg.com/images/g/zkMAAOSwPqBnghjo/s-l1600.webp,https://i.ebayimg.com/images/g/WeEAAOSwf79nghjw/s-l1600.webp,https://i.ebayimg.com/images/g/Pc8AAOSwTbRnghj1/s-l1600.webp,https://i.ebayimg.com/images/g/rtMAAOSwIOtlsS0o/s-l1600.webp,,,,,,,
https://www.ebay.com/itm/356336353828?itmmeta=01JW68N2RW8NJTTWEK5PTZZY8J&hash=item52f74d4224:g:HQ8AAOSwa7dnTvP6,Wedding Kurta Palazzo Dupatta Set – Readymade Salwar Gift Wear,US $36.89,New without tags,Yes Fully Stitched,"Wedding , Festival , Partywear , Travel , Puja",Cotton,Handmade,Embroidery Sequence Work,Salwar Kameez,"Winter , Summer And Spring",Straight Kurta With Pant & Dupatta,3/4 Sleeve,Orange,Women,Knee (44inch),No,Round Neck,India,https://i.ebayimg.com/images/g/HQ8AAOSwa7dnTvP6/s-l1600.webp,https://i.ebayimg.com/images/g/~1kAAOSwodFnTvP4/s-l1600.webp,https://i.ebayimg.com/images/g/VVUAAOSwbnBnTvP5/s-l1600.webp,https://i.ebayimg.com/images/g/NQAAAOSwj91nTvP-/s-l1600.webp,https://i.ebayimg.com/images/g/kIYAAOSwKuJnTvQk/s-l1600.webp,https://i.ebayimg.com/images/g/XJwAAOSwap5nTvP8/s-l1600.webp,https://i.ebayimg.com/images/g/RlwAAOSwtKNnTvP5/s-l1600.webp,https://i.ebayimg.com/images/g/Z50AAOSwcV9lsS8K/s-l1600.webp,,,,,,,
https://www.ebay.com/itm/356518620320?itmmeta=01JW68N2RZY6NVXG8QBWAN8ZFX&hash=item53022a6ca0:g:dYcAAOSwiGZnm3oR,Cotton Kurta Palazzo Dupatta Set – Wedding Festival Salwar,US $36.89,New without tags,Yes Fully Stitched,"Wedding , Festival , Partywear , Travel",Cotton,Handmade,Printed,V Neck,India,Straight Kurta With Pant & Dupatta,3/4 Sleeve,Multi-Color,Women,Knee,Salwar Kameez,"Winter , Summer And Spring",,https://i.ebayimg.com/images/g/dYcAAOSwiGZnm3oR/s-l1600.webp,https://i.ebayimg.com/images/g/09oAAOSw2QRnm3oR/s-l1600.webp,https://i.ebayimg.com/images/g/InUAAOSwsaJnm3oR/s-l1600.webp,https://i.ebayimg.com/images/g/2rsAAOSw7GFnm3oS/s-l1600.webp,https://i.ebayimg.com/images/g/UiwAAOSwMAVnm3oS/s-l1600.webp,https://i.ebayimg.com/images/g/xJwAAOSwaEJnm3ou/s-l1600.webp,https://i.ebayimg.com/images/g/7Z4AAOSwtmplsS8H/s-l1600.webp,,,,,,,,
https://www.ebay.com/itm/356914216654?itmmeta=01JW68N2S1WRVCYQ9W4MSYRMC1&hash=item5319bebece:g:fRkAAOSwffBoKIoO,Yellow 3-Piece Salwar Kameez – Readymade Kurta Palazzo Set,US $36.89,New without tags,Yes Fully Stitched,"Wedding , Festival , Partywear , Travel , Puja",Cotton,Handmade,Embroidery Work,Salwar Kameez,"Winter , Summer And Spring",Anarkali Style Kurta With Pant & Dupatta,3/4 Sleeve,Yellow,Women,Below The Knee (46inch),No,V Neck,India,https://i.ebayimg.com/images/g/fRkAAOSwffBoKIoO/s-l1600.webp,https://i.ebayimg.com/images/g/-f0AAOSwfRZoKIoL/s-l1600.webp,https://i.ebayimg.com/images/g/qC8AAOSwXA5oKIoL/s-l1600.webp,https://i.ebayimg.com/images/g/hYkAAOSwJrBoKIoI/s-l1600.webp,https://i.ebayimg.com/images/g/aoYAAOSwV0toKIoO/s-l1600.webp,https://i.ebayimg.com/images/g/Z50AAOSwcV9lsS8K/s-l1600.webp,,,,,,,,,
https://www.ebay.com/itm/356575025332?itmmeta=01JW69BT2PRYW7E6B1A7JD7B2G&hash=item53058718b4:g:b9gAAOSw8ktnsHoQ,Eid Festival Lehenga Choli Dupatta Set – Wedding Salwar Kameez,US $57.39,New without tags,Yes Fully Stitched,"Wedding , Festival , Partywear , Travel",Georgette,Handmade,No,Lengha,"Winter , Summer And Spring",Flared Lehenga With Blouse & Dupatta,Half Sleeve,Multi-Color,Women,Full (Lehenga),Sequence Work,V Neck,India,https://i.ebayimg.com/images/g/b9gAAOSw8ktnsHoQ/s-l1600.webp,https://i.ebayimg.com/images/g/cbYAAOSwtt5nsHoQ/s-l1600.webp,https://i.ebayimg.com/images/g/OyIAAOSwzlZnsHoQ/s-l1600.webp,https://i.ebayimg.com/images/g/z3UAAOSwBkdnsHoQ/s-l1600.webp,https://i.ebayimg.com/images/g/PV8AAOSwsVZnsHoe/s-l1600.webp,https://i.ebayimg.com/images/g/dzsAAOSw2a5nsHoW/s-l1600.webp,https://i.ebayimg.com/images/g/b90AAOSw8ktnsHoa/s-l1600.webp,https://i.ebayimg.com/images/g/voYAAOSwordnsHoV/s-l1600.webp,https://i.ebayimg.com/images/g/l5AAAOSwFKFnsHoY/s-l1600.webp,https://i.ebayimg.com/images/g/rtMAAOSwIOtlsS0o/s-l1600.webp,,,,,
https://www.ebay.com/itm/356090359915?itmmeta=01JW68R8NVWJYPKQAFR9MCC4BM&hash=item52e8a3b06b:g:JZIAAOSw~6Nm9YwA,Wedding Anarkali Kurta Palazzo Dupatta Set – Readymade Salwar,US $45.09,New without tags,Yes Fully Stitched,"Wedding , Festival , Partywear , Travel",Silk,Handmade,No,Salwar Kameez,"Winter , Summer And Spring",Flared Kurta With Palazzo & Dupatta,Full Sleeve,Purple,Women,Below The Knee (48inch),Embroidery Work,V Neck,India,https://i.ebayimg.com/images/g/JZIAAOSw~6Nm9YwA/s-l1600.webp,https://i.ebayimg.com/images/g/TM8AAOSw5qlm9Yv5/s-l1600.webp,https://i.ebayimg.com/images/g/i0cAAOSw5adm9Yv7/s-l1600.webp,https://i.ebayimg.com/images/g/IksAAOSwoe1m9Yv9/s-l1600.webp,https://i.ebayimg.com/images/g/~8AAAOSwfeZm9Rxf/s-l1600.webp,,,,,,,,,,
https://www.ebay.com/itm/356608483091?itmmeta=01JW68R8NTDQPXKWXZB4Q74DEM&hash=item5307859f13:g:EJ4AAOSw2p9nvfmS,Wedding Party Salwar Kameez – Readymade Palazzo Kurta Dupatta,US $38.53,New without tags,Yes Fully Stitched,"Wedding , Festival , Partywear , Travel , Puja","Cotton, Silk Dupatta",Handmade,Embroidery Chikankari Work,Salwar Kameez,"Winter , Summer And Spring",Anarkali Kurta With Pant & Dupatta,3/4 Sleeve,Off-White Kurta Pant & Multi Color Dupatta,Women,Below The Knee (51inch),No,Round Neck,India,https://i.ebayimg.com/images/g/EJ4AAOSw2p9nvfmS/s-l1600.webp,https://i.ebayimg.com/images/g/1asAAOSwUzJnvfmU/s-l1600.webp,https://i.ebayimg.com/images/g/0CwAAOSwea5nvfmS/s-l1600.webp,https://i.ebayimg.com/images/g/4~QAAOSwnyVnvfmQ/s-l1600.webp,https://i.ebayimg.com/images/g/Uw4AAOSwYU1nvfmS/s-l1600.webp,https://i.ebayimg.com/images/g/W6sAAOSwq5tnvfm6/s-l1600.webp,https://i.ebayimg.com/images/g/PN4AAOSwtHtnvfmS/s-l1600.webp,https://i.ebayimg.com/images/g/Z50AAOSwcV9lsS8K/s-l1600.webp,,,,,,,
https://www.ebay.com/itm/356589021045?itmmeta=01JW68N2RY5G76BZR1NCGEGR79&hash=item53065ca775:g:Bt0AAOSwNu5ntaTj,Bollywood Kurta Palazzo Dupatta Set – Readymade Salwar Suit,US $36.89,New without tags,Yes Fully Stitched,"Wedding , Festival , Partywear , Travel , Puja",Cotton,Handmade,Embroidery Work,Indian,"Winter , Summer And Spring",Anarkali Kurta With Pant & Dupatta,3/4 Sleeve,Multi-Color,Women,Below The Knee (46inch),No,V Neck,India,https://i.ebayimg.com/images/g/Bt0AAOSwNu5ntaTj/s-l1600.webp,https://i.ebayimg.com/images/g/NmEAAOSwn0ZntaTj/s-l1600.webp,https://i.ebayimg.com/images/g/7~EAAOSw7a9ntaTn/s-l1600.webp,https://i.ebayimg.com/images/g/dt8AAOSw-6hntaTd/s-l1600.webp,https://i.ebayimg.com/images/g/Hv8AAOSw4ixntaTi/s-l1600.webp,https://i.ebayimg.com/images/g/wZYAAOSw7j1ntaTk/s-l1600.webp,https://i.ebayimg.com/images/g/gq4AAOSwbLNntaTl/s-l1600.webp,https://i.ebayimg.com/images/g/CqUAAOSwURBntaTg/s-l1600.webp,https://i.ebayimg.com/images/g/wxYAAOSwyoJntaTl/s-l1600.webp,https://i.ebayimg.com/images/g/lXoAAOSwzstntaTh/s-l1600.webp,https://i.ebayimg.com/images/g/GEgAAOSwV5pntaTi/s-l1600.webp,https://i.ebayimg.com/images/g/Z50AAOSwcV9lsS8K/s-l1600.webp,https://i.ebayimg.com/images/g/dE0AAOSwdf5ntaTq/s-l1600.webp,https://i.ebayimg.com/images/g/SMUAAOSw~tVntaTv/s-l1600.webp,https://i.ebayimg.com/images/g/5ZoAAOSw9sBntaT0/s-l1600.webp
https://www.ebay.com/itm/355907782256?itmmeta=01JW68N2S099Z9A47ATF72JG17&hash=item52ddc1c670:g:hk0AAOSwywFmpxO4,Kurta Palazzo Dupatta Set – Handmade Readymade Salwar Kameez,US $37.71,New without tags,Yes Fully Stitched,"Wedding , Festival , Partywear , Travel , Puja",Cotton,Handmade,Printed,Salwar Kameez,"Winter , Summer And Spring",Straight Kurta With Pant & Dupatta,3/4 Sleeve,Multi-Color,Women,Knee,No,Round Neck,India,https://i.ebayimg.com/images/g/hk0AAOSwywFmpxO4/s-l1600.webp,https://i.ebayimg.com/images/g/KDIAAOSwuc9mpxO1/s-l1600.webp,https://i.ebayimg.com/images/g/jzgAAOSwlLJmpxOv/s-l1600.webp,https://i.ebayimg.com/images/g/C00AAOSwlpdmpxOz/s-l1600.webp,https://i.ebayimg.com/images/g/wmYAAOSwTSdmpxOr/s-l1600.webp,https://i.ebayimg.com/images/g/Z50AAOSwcV9lsS8K/s-l1600.webp,,,,,,,,,
https://www.ebay.com/itm/356003494995?itmmeta=01JW68R8NSAY5EDWCMT8H5NQZZ&hash=item52e3763c53:g:qSgAAOSwAd9m1FQc,Readymade Kurta Palazzo Set - Indian Printed Kurti Pant Salwar Kameez,US $31.97,New without tags,Yes Fully Stitched,"Wedding , Festival , Partywear , Travel , Puja",Cotton,Handmade,Printed,Salwar Kameez,"Winter , Summer And Spring",Straight Kurta With Pant,3/4 Sleeve,4-color,Women,Knee,No,Collar Neck,India,https://i.ebayimg.com/images/g/qSgAAOSwAd9m1FQc/s-l1600.webp,https://i.ebayimg.com/images/g/CcoAAOSw9stm1FP5/s-l1600.webp,https://i.ebayimg.com/images/g/0bkAAOSwWTZm1FQf/s-l1600.webp,https://i.ebayimg.com/images/g/IagAAOSwsTJm1FPx/s-l1600.webp,https://i.ebayimg.com/images/g/o6UAAOSwZzZm1FQG/s-l1600.webp,https://i.ebayimg.com/images/g/~F0AAOSwpGBm1FP1/s-l1600.webp,https://i.ebayimg.com/images/g/9wgAAOSwlvtm1FQD/s-l1600.webp,https://i.ebayimg.com/images/g/A-0AAOSwvIxm1FQA/s-l1600.webp,https://i.ebayimg.com/images/g/Z50AAOSwcV9lsS8K/s-l1600.webp,https://i.ebayimg.com/images/g/zqgAAOSw7SVm1FQI/s-l1600.webp,https://i.ebayimg.com/images/g/vv0AAOSwc3tm1FQc/s-l1600.webp,https://i.ebayimg.com/images/g/rjwAAOSwPLBm1FQb/s-l1600.webp,https://i.ebayimg.com/images/g/ZdUAAOSwwaRm1FQg/s-l1600.webp,,
https://www.ebay.com/itm/356905831379?itmmeta=01JW68N2RVKER5T3DZASCV32HB&hash=item53193ecbd3:g:tWYAAOSwBIRoJwA7,Cotton Printed Kurta Palazzo Dupatta Set - Bollywood Salwar Kameez,US $36.89,New without tags,Yes Fully Stitched,"Wedding , Festival , Partywear , Travel , Puja",Cotton,Handmade,Embroidery Work And Printed,Salwar Kameez,"Winter , Summer And Spring",Anarkali Kurta With Pant & Dupatta,3/4 Sleeve,Multi-Color,Women,Below The Knee,No,V Neck,India,https://i.ebayimg.com/images/g/tWYAAOSwBIRoJwA7/s-l1600.webp,https://i.ebayimg.com/images/g/YQUAAOSwP~poJwA9/s-l1600.webp,https://i.ebayimg.com/images/g/rBAAAOSwH9toJwA8/s-l1600.webp,https://i.ebayimg.com/images/g/FhkAAOSwCKxoJwA8/s-l1600.webp,https://i.ebayimg.com/images/g/VNIAAOSwYKZoJwA8/s-l1600.webp,https://i.ebayimg.com/images/g/LW0AAOSwhD1oJwA~/s-l1600.webp,https://i.ebayimg.com/images/g/C-0AAOSwNgtoJwA9/s-l1600.webp,https://i.ebayimg.com/images/g/ROkAAOSwCtdoJwA9/s-l1600.webp,https://i.ebayimg.com/images/g/Z50AAOSwcV9lsS8K/s-l1600.webp,,,,,,
https://www.ebay.com/itm/356009440473?itmmeta=01JW68N2S34GSC8KESHRW5H8CD&hash=item52e3d0f4d9:g:4D0AAOSwCedm1sVx,Designer Kurta Palazzo Set - Indian Bollywood Salwar Kameez Suit,US $36.89,New without tags,Yes Fully Stitched,"Wedding , Festival , Partywear , Travel","Cotton, Kota Doriya",Handmade,No,Salwar Kameez,"Winter , Summer And Spring",Flared Kurta With Pant & Dupatta,3/4 Sleeve,Pink,Women,Below The Knee (48inch),Printed And Lace Work,V Neck,India,https://i.ebayimg.com/images/g/4D0AAOSwCedm1sVx/s-l1600.webp,https://i.ebayimg.com/images/g/8bEAAOSwcRRm1sVR/s-l1600.webp,https://i.ebayimg.com/images/g/FL4AAOSwAWBm1sVb/s-l1600.webp,https://i.ebayimg.com/images/g/csEAAOSwu35m1sVV/s-l1600.webp,https://i.ebayimg.com/images/g/EK0AAOSwauNm1sW3/s-l1600.webp,https://i.ebayimg.com/images/g/BqwAAOSwi~Vm1sVu/s-l1600.webp,https://i.ebayimg.com/images/g/Z50AAOSwcV9lsS8K/s-l1600.webp,,,,,,,,
https://www.ebay.com/itm/356099075121?itmmeta=01JW68N2RXXHK1M1V0N8ZMHFWQ&hash=item52e928ac31:g:SlsAAOSwaxZm-S1H,Festival Wear Kurta Palazzo Dupatta Set - Designer Salwar Kameez,US $41.81,New without tags,Yes Fully Stitched,"Wedding , Festival , Partywear , Travel , Puja","Chanderi Silk, Organza Dupatta",Handmade,Embroidery Work,Salwar Kameez,"Winter , Summer And Spring",Straight Kurta With Pant & Dupatta,3/4 Sleeve,Peach,Women,Knee,Yes,Round Neck,India,https://i.ebayimg.com/images/g/SlsAAOSwaxZm-S1H/s-l1600.webp,https://i.ebayimg.com/images/g/Sd4AAOSwfphm-S1Y/s-l1600.webp,https://i.ebayimg.com/images/g/jR4AAOSwEB1m-S1T/s-l1600.webp,https://i.ebayimg.com/images/g/3UUAAOSwecdm-S1b/s-l1600.webp,https://i.ebayimg.com/images/g/X0QAAOSwNRNm-S1K/s-l1600.webp,https://i.ebayimg.com/images/g/GMQAAOSwE0xm-S1N/s-l1600.webp,https://i.ebayimg.com/images/g/3XsAAOSwVNVm-S1Q/s-l1600.webp,https://i.ebayimg.com/images/g/Z50AAOSwcV9lsS8K/s-l1600.webp,,,,,,,
https://www.ebay.com/itm/355509413714?itmmeta=01JW69BT2Q37HM864NS138GD27&hash=item52c6032752:g:haIAAOSwgVBlugGR,Premium Summer Cotton Co-ord Set - 2 Piece Stitched Casual Wear,US $33.61,New without tags,Yes Fully Stitched,"Wedding , Festival , Partywear , Travel , Puja",Cotton,Handmade,Hand Work,Salwar Kameez,"Winter , Summer And Spring",Straight Kurta With Pant,3/4 Sleeve,Off White,Women,Knee,Yes,V Neck,India,https://i.ebayimg.com/images/g/haIAAOSwgVBlugGR/s-l1600.webp,https://i.ebayimg.com/images/g/QVoAAOSwJ9JlugGy/s-l1600.webp,https://i.ebayimg.com/images/g/ryAAAOSwJwxlugHq/s-l1600.webp,https://i.ebayimg.com/images/g/wcsAAOSwKVZlugH9/s-l1600.webp,https://i.ebayimg.com/images/g/aHoAAOSwqt5lugFn/s-l1600.webp,https://i.ebayimg.com/images/g/9r4AAOSw3DxlugHU/s-l1600.webp,https://i.ebayimg.com/images/g/Z50AAOSwcV9lsS8K/s-l1600.webp,,,,,,,,
https://www.ebay.com/itm/356524074950?itmmeta=01JW69BT2QFHMP3211WDAP1YPR&hash=item53027da7c6:g:uI0AAOSwrl9nnfOG,Pure Cotton Kurta Palazzo Set - 3 Piece Tunic Combo Salwar Kameez,US $37.71,New without tags,Yes Fully Stitched,"Wedding , Festival , Partywear , Travel",Cotton,Handmade,Hand Work And Printed,Round Neck,India,Anarkali Kurta With Pant & Dupatta,3/4 Sleeve,Multi-Color,Women,Below The Knee (48inch),Salwar Kameez,"Winter , Summer And Spring",,https://i.ebayimg.com/images/g/uI0AAOSwrl9nnfOG/s-l1600.webp,https://i.ebayimg.com/images/g/sloAAOSwv6lnnfOG/s-l1600.webp,https://i.ebayimg.com/images/g/QI8AAOSweM5nnfOG/s-l1600.webp,https://i.ebayimg.com/images/g/7S8AAOSw7zZnnfN-/s-l1600.webp,https://i.ebayimg.com/images/g/aYoAAOSwjyBnnfOG/s-l1600.webp,https://i.ebayimg.com/images/g/MtsAAOSwEcxnnfOD/s-l1600.webp,https://i.ebayimg.com/images/g/aBEAAOSw-GdnnfOG/s-l1600.webp,https://i.ebayimg.com/images/g/8cgAAOSwST1nnfOJ/s-l1600.webp,https://i.ebayimg.com/images/g/7Z4AAOSwtmplsS8H/s-l1600.webp,,,,,,
https://www.ebay.com/itm/356316485789?itmmeta=01JW69BT2PP2JYR0WZMNT865TE&hash=item52f61e189d:g:hhQAAOSwAL1nSMZD,Wedding Wear Kurta Palazzo Set - Elegant Christmas Salwar Kameez,US $36.07,New without tags,Yes Fully Stitched,"Wedding , Festival , Partywear , Travel","Cotton, Kota Doriya Dupatta",Handmade,No,Salwar Kameez,"Winter , Summer And Spring",Straight Kurta With Pant & Dupatta,3/4 Sleeve,Multi-Color,Women,Knee,Handwork Work With Heavy Lace,Round Neck,India,https://i.ebayimg.com/images/g/hhQAAOSwAL1nSMZD/s-l1600.webp,https://i.ebayimg.com/images/g/HhcAAOSw~kFnSMZD/s-l1600.webp,https://i.ebayimg.com/images/g/jXkAAOSwlWRnSMZE/s-l1600.webp,https://i.ebayimg.com/images/g/qhcAAOSwYhRnSMZD/s-l1600.webp,https://i.ebayimg.com/images/g/tg0AAOSwLrxnSMZB/s-l1600.webp,https://i.ebayimg.com/images/g/Z50AAOSwcV9lsS8K/s-l1600.webp,,,,,,,,,
https://www.ebay.com/itm/356753686030?itmmeta=01JW68N2RZCVKY3X9SNS79EMTY&hash=item53102d3e0e:g:~WsAAOSwX49n9jLW,Bollywood Party Wear Kurta Palazzo Dupatta Set - Readymade Suit,US $48.37,New without tags,Yes Fully Stitched,"Wedding , Festival , Partywear , Travel",Chinon,Handmade,No,Salwar Kameez,Winter And Spring,Straight Kurta With Palazzo & Dupatta,3/4 Sleeve,Multi-Color,Women,Knee,Embroidery Sequence Work And Moti Work,Round Neck,India,https://i.ebayimg.com/images/g/~WsAAOSwX49n9jLW/s-l1600.webp,https://i.ebayimg.com/images/g/uwMAAOSwih5n9jLX/s-l1600.webp,https://i.ebayimg.com/images/g/Y04AAOSwdnJn9jLW/s-l1600.webp,https://i.ebayimg.com/images/g/UYUAAOSwmrxn9jLW/s-l1600.webp,https://i.ebayimg.com/images/g/51kAAOSwFHhn9jLV/s-l1600.webp,https://i.ebayimg.com/images/g/FngAAOSwM9Fn9jLZ/s-l1600.webp,https://i.ebayimg.com/images/g/rtMAAOSwIOtlsS0o/s-l1600.webp,,,,,,,,
https://www.ebay.com/itm/356509678077?itmmeta=01JW68R8NR9R5ET92K0K4R2FYP&hash=item5301a1f9fd:g:qEgAAOSweGZnl4nx,Yellow Kurta Palazzo Dupatta Set - Eid Festival Salwar Kameez,US $36.07,New without tags,Yes Fully Stitched,"Wedding , Festival , Partywear , Travel",Cotton,Handmade,No,Salwar Kameez,"Winter , Summer And Spring",Straight Kurta With Pant & Dupatta,3/4 Sleeve,Yellow,Women,Knee,Printed,V Neck,India,https://i.ebayimg.com/images/g/qEgAAOSweGZnl4nx/s-l1600.webp,https://i.ebayimg.com/images/g/ROkAAOSwicRnl4nx/s-l1600.webp,https://i.ebayimg.com/images/g/5D8AAOSwhflnl4nw/s-l1600.webp,https://i.ebayimg.com/images/g/~m4AAOSws9Nnl4nx/s-l1600.webp,https://i.ebayimg.com/images/g/01EAAOSwEHNnl4nz/s-l1600.webp,https://i.ebayimg.com/images/g/x6gAAOSwS41nl4ny/s-l1600.webp,https://i.ebayimg.com/images/g/LewAAOSw~z1nl4nz/s-l1600.webp,https://i.ebayimg.com/images/g/Z50AAOSwcV9lsS8K/s-l1600.webp,,,,,,,
https://www.ebay.com/itm/356735168571?itmmeta=01JW68N2RZF3BVGGEACZJM34C0&hash=item530f12b03b:g:q~gAAOSwm7tn7oDZ,Wedding Kurta Palazzo Dupatta Set - Indian Readymade Salwar Suit,US $36.89,New without tags,Yes Fully Stitched,"Wedding , Festival , Partywear , Travel",Cotton,Handmade,No,Salwar Kameez,"Winter , Summer And Spring",Straight Kurta With Pant & Dupatta,3/4 Sleeve,Blue,Women,Knee,Printed,V Neck,India,https://i.ebayimg.com/images/g/q~gAAOSwm7tn7oDZ/s-l1600.webp,https://i.ebayimg.com/images/g/~MwAAOSw5CZn7oDb/s-l1600.webp,https://i.ebayimg.com/images/g/n1kAAOSw5tJn7oDc/s-l1600.webp,https://i.ebayimg.com/images/g/Z50AAOSwcV9lsS8K/s-l1600.webp,,,,,,,,,,,
https://www.ebay.com/itm/356032063295?itmmeta=01JW68R8NVB5R9NFFK9K3WD4V4&hash=item52e52a273f:g:cIUAAOSwtdVm4FyE,Festival Anarkali Kurta Pant Dupatta Set - Readymade Salwar Suit,US $56.57,New without tags,Yes Fully Stitched,"Wedding , Festival , Partywear , Travel",Chinon Silk,Handmade,No,Salwar Kameez,"Winter , Summer And Spring",Flared Kurta With Pant & Dupatta,3/4 Sleeve,Please check real image,Women,Below The Knee (48inch),Sequence Embroidery Work,V Neck,India,https://i.ebayimg.com/images/g/cIUAAOSwtdVm4FyE/s-l1600.webp,https://i.ebayimg.com/images/g/8uUAAOSw3Sdm4Fx8/s-l1600.webp,https://i.ebayimg.com/images/g/MCQAAOSwh5xm4Fx3/s-l1600.webp,https://i.ebayimg.com/images/g/0qcAAOSwyktm4Fxx/s-l1600.webp,https://i.ebayimg.com/images/g/6xQAAOSwnVtm4Fxj/s-l1600.webp,https://i.ebayimg.com/images/g/0dAAAOSwKZlm4FxY/s-l1600.webp,https://i.ebayimg.com/images/g/mRsAAOSwoj9m4FxN/s-l1600.webp,https://i.ebayimg.com/images/g/rtMAAOSwIOtlsS0o/s-l1600.webp,,,,,,,
https://www.ebay.com/itm/356585679393?itmmeta=01JW68R8NXCG0TA626X31DG2NF&hash=item530629aa21:g:kAkAAOSwlUBntHBe,Designer Anarkali Kurta Set - Eid Festival Kurta Palazzo Dupatta,US $36.07,New without tags,Yes Fully Stitched,"Wedding , Festival , Partywear , Travel , Puja",Cotton,Handmade,Sequence Embroidery Work,Salwar Kameez,"Winter , Summer And Spring",Anarkali Kurta With Pant & Dupatta,3/4 Sleeve,Multi-Color,Women,Below The Knee (47inch),No,Round Neck,India,https://i.ebayimg.com/images/g/kAkAAOSwlUBntHBe/s-l1600.webp,https://i.ebayimg.com/images/g/1OMAAOSwNB1ntHBb/s-l1600.webp,https://i.ebayimg.com/images/g/xAQAAOSwyd5ntHBV/s-l1600.webp,https://i.ebayimg.com/images/g/4ccAAOSw8PtntHBY/s-l1600.webp,https://i.ebayimg.com/images/g/AGEAAOSwV~JntHBa/s-l1600.webp,https://i.ebayimg.com/images/g/fKoAAOSwSh5ntHBa/s-l1600.webp,https://i.ebayimg.com/images/g/Z50AAOSwcV9lsS8K/s-l1600.webp,,,,,,,,
https://www.ebay.com/itm/356003460439?itmmeta=01JW69BT2P88KFR8CJWCPNCQT3&hash=item52e375b557:g:nAgAAOSwB0Bm1FDa,Block Print Kurta Set - Summer Cotton Flared Readymade Salwar,US $31.97,New without tags,Yes Fully Stitched,"Wedding , Festival , Partywear , Travel , Puja",Cotton,Handmade,Printed,Kurtas/Kurti,"Winter , Summer And Spring",Short Flared Kurta,Half Sleeve,Pink,Women,Knee (46 inch),No,Round Neck,India,https://i.ebayimg.com/images/g/nAgAAOSwB0Bm1FDa/s-l1600.webp,https://i.ebayimg.com/images/g/QzgAAOSwuOdm1FDf/s-l1600.webp,https://i.ebayimg.com/images/g/RAsAAOSwnQdm1FDQ/s-l1600.webp,https://i.ebayimg.com/images/g/gnsAAOSwfVxm1FDV/s-l1600.webp,https://i.ebayimg.com/images/g/NrYAAOSwPzlm1FDF/s-l1600.webp,https://i.ebayimg.com/images/g/A9gAAOSwyVJm1FEA/s-l1600.webp,https://i.ebayimg.com/images/g/Z50AAOSwcV9lsS8K/s-l1600.webp,,,,,,,,
https://www.ebay.com/itm/356537287581?itmmeta=01JW68R8NXARVMMAD198YCNVYC&hash=item530347439d:g:bTsAAOSwCFdno1~T,Bollywood Style Kurta Palazzo Dupatta Set - Readymade Salwar,US $49.19,New without tags,Yes Fully Stitched,"Wedding , Festival , Partywear , Travel",Chinon Silk,Handmade,No,Salwar Kameez,"Winter , Summer And Spring",Straight Kurta With Palazzo & Dupatta,3/4 Sleeve,Sky Blue,Women,Knee (42inch),Embroidery Sequence Work,Round Neck,India,https://i.ebayimg.com/images/g/bTsAAOSwCFdno1~T/s-l1600.webp,https://i.ebayimg.com/images/g/Hx8AAOSw~tZno1~T/s-l1600.webp,https://i.ebayimg.com/images/g/G6EAAOSw649no1~U/s-l1600.webp,https://i.ebayimg.com/images/g/Z6EAAOSwak9no1~V/s-l1600.webp,https://i.ebayimg.com/images/g/gIkAAOSwrftno1~V/s-l1600.webp,https://i.ebayimg.com/images/g/rtMAAOSwIOtlsS0o/s-l1600.webp,,,,,,,,,
https://www.ebay.com/itm/356046956231?itmmeta=01JW68N2RWHAQXQX7CS4QFY004&hash=item52e60d66c7:g:fGQAAOSwnqtm5iTV,Festival Salwar Kameez - Readymade Wedding Kurta Palazzo Set,US $36.07,New without tags,Yes Fully Stitched,"Wedding , Festival , Partywear , Travel , Puja","Cotton, Silk",Handmade,Sequence Work And Hand Adda Work,Salwar Kameez,"Winter , Summer And Spring",Straight Kurta With Pant & Dupatta,3/4 Sleeve,Green,Women,Knee,Yes,V Neck,India,https://i.ebayimg.com/images/g/fGQAAOSwnqtm5iTV/s-l1600.webp,https://i.ebayimg.com/images/g/Yi4AAOSwQmFm5iTE/s-l1600.webp,https://i.ebayimg.com/images/g/4K8AAOSwQvpm5iTC/s-l1600.webp,https://i.ebayimg.com/images/g/H3sAAOSw0tZm5iTB/s-l1600.webp,https://i.ebayimg.com/images/g/vtwAAOSwXLNm5iS0/s-l1600.webp,https://i.ebayimg.com/images/g/5IwAAOSw-dVm5iS7/s-l1600.webp,https://i.ebayimg.com/images/g/Yy0AAOSwG1Nm5iS-/s-l1600.webp,https://i.ebayimg.com/images/g/ULsAAOSwkntm5iS4/s-l1600.webp,https://i.ebayimg.com/images/g/Z50AAOSwcV9lsS8K/s-l1600.webp,,,,,,
https://www.ebay.com/itm/356843727303?itmmeta=01JW68N2S2N90M2ZEAEX4Z3PE9&hash=item53158b29c7:g:I3EAAOSw10VoEd7x,Wedding Party Wear Kurta Palazzo Set - Designer Salwar Kameez,US $40.17,New without tags,Yes Fully Stitched,"Wedding , Festival , Partywear , Travel",Chanderi,Handmade,Embroidery Work,V Neck,India,Straight Kurta With Palazzo & Dupatta,Full Sleeve,White,Women,Below The Knee (48inch),Salwar Kameez,"Winter , Summer And Spring",,https://i.ebayimg.com/images/g/I3EAAOSw10VoEd7x/s-l1600.webp,https://i.ebayimg.com/images/g/m1gAAOSwp91oEd7s/s-l1600.webp,https://i.ebayimg.com/images/g/Ml4AAOSwJlJoEd7x/s-l1600.webp,https://i.ebayimg.com/images/g/KjsAAOSwZ9xoEd7v/s-l1600.webp,https://i.ebayimg.com/images/g/eh0AAOSwbHFoEd7x/s-l1600.webp,https://i.ebayimg.com/images/g/BjIAAOSwH9toEd7y/s-l1600.webp,https://i.ebayimg.com/images/g/7Z4AAOSwtmplsS8H/s-l1600.webp,,,,,,,,
https://www.ebay.com/itm/356647966820?itmmeta=01JW68N2RW2RYDPTMQWDN0JAFA&hash=item5309e01864:g:sB0AAOSwE9ZnzTcL,Wedding Kurta Palazzo Dupatta Set - Designer Readymade Salwar,US $47.55,New without tags,Yes Fully Stitched,"Wedding , Festival , Partywear , Travel",Chinon Silk,Handmade,No,Salwar Kameez,"Winter , Summer And Spring",Straight Kurta With Palazzo & Dupatta,3/4 Sleeve,Purple,Women,Knee,Embroidery Sequence Work,Round Neck,India,https://i.ebayimg.com/images/g/sB0AAOSwE9ZnzTcL/s-l1600.webp,https://i.ebayimg.com/images/g/IpUAAOSwU5xnzTcK/s-l1600.webp,https://i.ebayimg.com/images/g/DakAAOSwqC5nzTcK/s-l1600.webp,https://i.ebayimg.com/images/g/32wAAOSw-1NnzTcM/s-l1600.webp,https://i.ebayimg.com/images/g/s~EAAOSwB6hnzTcM/s-l1600.webp,https://i.ebayimg.com/images/g/rtMAAOSwIOtlsS0o/s-l1600.webp,,,,,,,,,
https://www.ebay.com/itm/356509639168?itmmeta=01JW68R8NVE8TZDV9RAM7BF9NS&hash=item5301a16200:g:qJcAAOSwrmtnl4QV,Premium Silk Kurta Palazzo Dupatta Set - Eid Salwar Kameez,US $44.27,New without tags,Yes Fully Stitched,"Wedding , Festival , Partywear , Travel",Chinon Silk,Handmade,No,Salwar Kameez,"Winter , Summer And Spring",Straight Kurta With Palazzo & Dupatta,3/4 Sleeve,Pink,Women,Knee (44inch),Embroidery Sequence Work,Round Neck,India,https://i.ebayimg.com/images/g/qJcAAOSwrmtnl4QV/s-l1600.webp,https://i.ebayimg.com/images/g/GuIAAOSwCCxnl4QV/s-l1600.webp,https://i.ebayimg.com/images/g/lF8AAOSwgqJnl4QU/s-l1600.webp,https://i.ebayimg.com/images/g/Ws4AAOSwastnl4QU/s-l1600.webp,https://i.ebayimg.com/images/g/2dQAAOSw3ypnl4QV/s-l1600.webp,https://i.ebayimg.com/images/g/JbgAAOSwNn9nl4QX/s-l1600.webp,https://i.ebayimg.com/images/g/fAUAAOSwbEJnl4QX/s-l1600.webp,https://i.ebayimg.com/images/g/en0AAOSweOhnl4QW/s-l1600.webp,https://i.ebayimg.com/images/g/rtMAAOSwIOtlsS0o/s-l1600.webp,,,,,,
https://www.ebay.com/itm/356678544197?itmmeta=01JW68R8NT70FTVYBNGCA6GGFP&hash=item530bb2ab45:g:5O4AAOSwxBtn2BK1,Haldi Yellow Kurta Palazzo Dupatta Set - Wedding Partywear Suit,US $45.91,New without tags,Yes Fully Stitched,"Wedding , Festival , Partywear , Travel , Puja",Chinon Silk,Handmade,Embroidery Work And Printed Dupatta,Salwar Kameez,"Winter , Summer And Spring",Anarkali Kurta With Palazzo & Dupatta,3/4 Sleeve,Yellow,Women,Below The Knee (48inch),No,V Neck,India,https://i.ebayimg.com/images/g/5O4AAOSwxBtn2BK1/s-l1600.webp,https://i.ebayimg.com/images/g/m6oAAOSwXCdn2BKy/s-l1600.webp,https://i.ebayimg.com/images/g/hxgAAOSwrudn2BK0/s-l1600.webp,https://i.ebayimg.com/images/g/uCQAAOSwW-Zn2BK1/s-l1600.webp,https://i.ebayimg.com/images/g/Z50AAOSwcV9lsS8K/s-l1600.webp,,,,,,,,,,
https://www.ebay.com/itm/356308737794?itmmeta=01JW69BT2R0B4YNSKQ43NJR8M7&hash=item52f5a7df02:g:5WAAAOSwAuFnRhGB,Velvet Kaftan Kurta with Dhoti Set - Winter Sale Salwar Kameez,US $51.65,New without tags,Yes Fully Stitched,"Wedding , Festival , Partywear , Travel",Velvet,Handmade,No,Salwar Kameez,"Winter , Summer And Spring",Kaftan Style Kurta & Dhoti And Potli,3/4 Sleeve,Maroon,Women,Kaftan Length (45inch),Embroidery And Fancy Lace Border Work,V Neck,India,https://i.ebayimg.com/images/g/5WAAAOSwAuFnRhGB/s-l1600.webp,https://i.ebayimg.com/images/g/XP0AAOSwU6ZnRhF9/s-l1600.webp,https://i.ebayimg.com/images/g/irEAAOSwwS1nRhGE/s-l1600.webp,https://i.ebayimg.com/images/g/JcAAAOSwAd5nRhGD/s-l1600.webp,https://i.ebayimg.com/images/g/1cgAAOSw8vxnRhGB/s-l1600.webp,https://i.ebayimg.com/images/g/9tgAAOSwXGNnRhGD/s-l1600.webp,https://i.ebayimg.com/images/g/rtMAAOSwIOtlsS0o/s-l1600.webp,,,,,,,,
https://www.ebay.com/itm/356385020119?itmmeta=01JW69BT2QPTSEA12GSBYZNT4V&hash=item52fa33d8d7:g:67EAAOSw1Z1nYqh1,Red Bandhej Anarkali Kurta Pant Dupatta Set - Hand Work Suit,US $52.47,New without tags,Yes Fully Stitched,"Wedding , Festival , Partywear , Travel","Chinon Silk, Chiffon Dupatta",Handmade,No,Salwar Kameez,"Winter , Summer And Spring",Anarkali Kurta With Pant & Dupatta,3/4 Sleeve,Red,Women,Full,Hand Work And Digital Print,V Neck,India,https://i.ebayimg.com/images/g/67EAAOSw1Z1nYqh1/s-l1600.webp,https://i.ebayimg.com/images/g/OFQAAOSwrwJnYqhz/s-l1600.webp,https://i.ebayimg.com/images/g/pzkAAOSwudtnYqhy/s-l1600.webp,https://i.ebayimg.com/images/g/-YgAAOSw7vJnYqhy/s-l1600.webp,https://i.ebayimg.com/images/g/h-0AAOSwpT5nYqhw/s-l1600.webp,https://i.ebayimg.com/images/g/rtMAAOSwIOtlsS0o/s-l1600.webp,,,,,,,,,
https://www.ebay.com/itm/356575042710?itmmeta=01JW69BT2PZN3JYTMQVZS0J9GK&hash=item5305875c96:g:~5AAAOSw4SZnsHwD,Bollywood Party Lehenga Blouse Dupatta Set - Festival Dresses,US $54.11,New without tags,Yes Fully Stitched,"Wedding , Festival , Partywear , Travel",Silkyani Slab,Handmade,No,Lengha,"Winter , Summer And Spring",Flared Lehenga With Blouse & Dupatta,Full Sleeve,Multi-Color,Women,Full (Lehenga),Thread & Sequence Work,V Neck,India,https://i.ebayimg.com/images/g/~5AAAOSw4SZnsHwD/s-l1600.webp,https://i.ebayimg.com/images/g/7CAAAOSw6TdnsHwG/s-l1600.webp,https://i.ebayimg.com/images/g/rXAAAOSwwvtnsHwH/s-l1600.webp,https://i.ebayimg.com/images/g/b~gAAOSwWPFnsHwA/s-l1600.webp,https://i.ebayimg.com/images/g/AoMAAOSwFYxnsHwI/s-l1600.webp,https://i.ebayimg.com/images/g/YncAAOSwZqNnsHwG/s-l1600.webp,https://i.ebayimg.com/images/g/SkIAAOSwiiVnsHwI/s-l1600.webp,https://i.ebayimg.com/images/g/rtMAAOSwIOtlsS0o/s-l1600.webp,,,,,,,
https://www.ebay.com/itm/356486294888?itmmeta=01JW68N2S2XB3ZQYYRK1E9PZJT&hash=item53003d2d68:g:gTgAAOSw44lnjeuh,Pure Cotton Printed Kurta Palazzo Dupatta Set - Eid Festival Wear,US $36.89,New without tags,Yes Fully Stitched,"Wedding , Festival , Partywear , Travel , Puja",Cotton,Handmade,Printed,Salwar Kameez,"Winter , Summer And Spring",Anarkali Kurta With Pant & Dupatta,3/4 Sleeve,Multi-Color,Women,Below The Knee (49inch),No,V Neck,India,https://i.ebayimg.com/images/g/gTgAAOSw44lnjeuh/s-l1600.webp,https://i.ebayimg.com/images/g/yy0AAOSwIp5njeun/s-l1600.webp,https://i.ebayimg.com/images/g/GtQAAOSw5S5njeun/s-l1600.webp,https://i.ebayimg.com/images/g/Z50AAOSwcV9lsS8K/s-l1600.webp,,,,,,,,,,,
https://www.ebay.com/itm/356462432170?itmmeta=01JW69BT2Q86STDKN82K088J7M&hash=item52fed10faa:g:AX0AAOSw0zdnhIbm,Designer Kurta Pant Silk Dupatta Set - Festival Salwar Kameez,US $37.71,New without tags,Yes Fully Stitched,"Wedding , Festival , Partywear , Travel","Cotton, Silk Dupatta",Handmade,No,Salwar Kameez,"Winter , Summer And Spring",Straight Kurta With Palazzo & Dupatta,3/4 Sleeve,White And Pink Dupatta,Women,Knee (45inch),Embroidery Work And Printed Dupatta,Round Neck,India,https://i.ebayimg.com/images/g/AX0AAOSw0zdnhIbm/s-l1600.webp,https://i.ebayimg.com/images/g/YL8AAOSw8HNnhIbk/s-l1600.webp,https://i.ebayimg.com/images/g/-V8AAOSwp2dnhIbo/s-l1600.webp,https://i.ebayimg.com/images/g/DlsAAOSwMIVnhIbh/s-l1600.webp,https://i.ebayimg.com/images/g/GykAAOSwZ09nhIbm/s-l1600.webp,https://i.ebayimg.com/images/g/nTEAAOSwmFhnhIbl/s-l1600.webp,https://i.ebayimg.com/images/g/rtMAAOSwIOtlsS0o/s-l1600.webp,,,,,,,,
https://www.ebay.com/itm/356384951283?itmmeta=01JW69BT2M00DH8C9FWQGHV2T0&hash=item52fa32cbf3:g:7iMAAOSwK-1nYqI1,Haldi Yellow Wedding Kurta Pant Dupatta Set - Designer Salwar,US $52.47,New without tags,Yes Fully Stitched,"Wedding , Festival , Partywear , Travel",Chinon Silk,Handmade,No,Salwar Kameez,"Winter , Summer And Spring",Straight Kurta With Pant & Dupatta,3/4 Sleeve,Yellow,Women,Knee (44inch),Embroidery Sequence Work And Real Mirror Work,Round Neck,India,https://i.ebayimg.com/images/g/7iMAAOSwK-1nYqI1/s-l1600.webp,https://i.ebayimg.com/images/g/iz4AAOSwFUJnYqIy/s-l1600.webp,https://i.ebayimg.com/images/g/HHsAAOSwEU5nYqIy/s-l1600.webp,https://i.ebayimg.com/images/g/LLIAAOSw2TdnYqIw/s-l1600.webp,https://i.ebayimg.com/images/g/7SkAAOSwza5nYqI0/s-l1600.webp,https://i.ebayimg.com/images/g/ekoAAOSwqOpnYqIz/s-l1600.webp,https://i.ebayimg.com/images/g/h80AAOSwIcNnYqI0/s-l1600.webp,https://i.ebayimg.com/images/g/LrYAAOSwyRtnYqI0/s-l1600.webp,https://i.ebayimg.com/images/g/rtMAAOSwIOtlsS0o/s-l1600.webp,,,,,,
https://www.ebay.com/itm/355956816152?itmmeta=01JW68N2RXHT18JVE9H17333FQ&hash=item52e0adf918:g:oKEAAOSwOLZmvdSr,Readymade Kurta Palazzo Dupatta Set - Festival Salwar Kameez,US $38.53,New without tags,Yes Fully Stitched,"Wedding , Festival , Partywear , Travel",Chanderi Silk,Handmade,Embroidery Sequence Work,V Neck,India,Straight Kurta With Pant & Dupatta,3/4 Sleeve,Peach,Women,Knee,Salwar Kameez,"Winter , Summer And Spring",,https://i.ebayimg.com/images/g/oKEAAOSwOLZmvdSr/s-l1600.webp,https://i.ebayimg.com/images/g/BZ4AAOSwsOJmvdSd/s-l1600.webp,https://i.ebayimg.com/images/g/V5EAAOSwiBpmvdSg/s-l1600.webp,https://i.ebayimg.com/images/g/AcEAAOSweoNmvdSa/s-l1600.webp,https://i.ebayimg.com/images/g/ZGMAAOSw7bBmvdSX/s-l1600.webp,https://i.ebayimg.com/images/g/uVkAAOSwwz1mvdST/s-l1600.webp,https://i.ebayimg.com/images/g/SkcAAOSwz99mvdR9/s-l1600.webp,https://i.ebayimg.com/images/g/K7QAAOSwEyVmvdSJ/s-l1600.webp,https://i.ebayimg.com/images/g/7Z4AAOSwtmplsS8H/s-l1600.webp,,,,,,
https://www.ebay.com/itm/355631283507?itmmeta=01JW69BT2PM46S1Y73G5YVQT8Q&hash=item52cd46bd33:g:RlwAAOSwFtFmGk~d,7XL Plus Size Kurti Pant Set - Heavy Rayon Readymade Salwar,US $39.35,New without tags,Yes Fully Stitched,"Wedding , Festival , Partywear , Travel",Rayon,Handmade,No,Palazzo Suit,"Winter , Summer And Spring",Straight Kurta With Palazzo,3/4 Sleeve,"White With Green , Blue And Purple",Women,Knee (45inch),Printed,V Neck,India,https://i.ebayimg.com/images/g/RlwAAOSwFtFmGk~d/s-l1600.webp,https://i.ebayimg.com/images/g/3FUAAOSwwC1mGk~Z/s-l1600.webp,https://i.ebayimg.com/images/g/-mUAAOSwap1mGk~W/s-l1600.webp,https://i.ebayimg.com/images/g/NEYAAOSw~8ZmGk~Y/s-l1600.webp,https://i.ebayimg.com/images/g/Wn4AAOSwPQpmGk~F/s-l1600.webp,https://i.ebayimg.com/images/g/PJ0AAOSwaDVmGk~H/s-l1600.webp,https://i.ebayimg.com/images/g/kHUAAOSwR9VmGk--/s-l1600.webp,https://i.ebayimg.com/images/g/FnAAAOSwFwJmGk~B/s-l1600.webp,https://i.ebayimg.com/images/g/n5gAAOSw9fJmGk~D/s-l1600.webp,https://i.ebayimg.com/images/g/8TwAAOSwNGBmGk~N/s-l1600.webp,https://i.ebayimg.com/images/g/ZbEAAOSwmDxmGk~Q/s-l1600.webp,https://i.ebayimg.com/images/g/DIUAAOSwpXpmGk~J/s-l1600.webp,https://i.ebayimg.com/images/g/MAYAAOSwohZmGk~L/s-l1600.webp,https://i.ebayimg.com/images/g/Q~QAAOSwzKdlsS7a/s-l1600.webp,https://i.ebayimg.com/images/g/mZwAAOSwVwFmGk~K/s-l1600.webp
https://www.ebay.com/itm/356419975452?itmmeta=01JW68R8NS9JMV7NZETM8SXY9T&hash=item52fc49391c:g:M1oAAOSwCSBncneb,Pakistani Bollywood Kurti Set - Designer Palazzo Kurta Salwar,US $36.89,New without tags,Yes Fully Stitched,"Wedding , Festival , Partywear , Travel , Puja",Cotton,Handmade,Embroidery Work,Salwar Kameez,"Winter , Summer And Spring",Flared Anarkali Kurta With Pant & Dupatta,3/4 Sleeve,Yellow,Women,Knee,No,V Neck,India,https://i.ebayimg.com/images/g/M1oAAOSwCSBncneb/s-l1600.webp,https://i.ebayimg.com/images/g/ftcAAOSwyjdncneb/s-l1600.webp,https://i.ebayimg.com/images/g/068AAOSwmZ5ncnef/s-l1600.webp,https://i.ebayimg.com/images/g/91YAAOSwnaVncneb/s-l1600.webp,https://i.ebayimg.com/images/g/Z50AAOSwcV9lsS8K/s-l1600.webp,,,,,,,,,,
https://www.ebay.com/itm/356062591869?itmmeta=01JW68R8NT15J52MR73SY597ZY&hash=item52e6fbfb7d:g:tIoAAOSwMHRm673y,Pakistani Wedding Kurta Palazzo Dupatta Set - 3 Piece Suit,US $36.89,New without tags,Yes Fully Stitched,"Wedding , Festival , Partywear , Travel",Cotton,Handmade,No,Salwar Kameez,"Winter , Summer And Spring",Flared Kurta With Pant & Dupatta,3/4 Sleeve,White,Women,Below The Knee,Printed And Embroidery Work,Round Neck,India,https://i.ebayimg.com/images/g/tIoAAOSwMHRm673y/s-l1600.webp,https://i.ebayimg.com/images/g/x1IAAOSwOAlm673c/s-l1600.webp,https://i.ebayimg.com/images/g/g2EAAOSw8V5m673B/s-l1600.webp,https://i.ebayimg.com/images/g/dh8AAOSwwwRm672H/s-l1600.webp,https://i.ebayimg.com/images/g/GhkAAOSwkaZm673u/s-l1600.webp,https://i.ebayimg.com/images/g/ID8AAOSwBeNm673m/s-l1600.webp,https://i.ebayimg.com/images/g/2MAAAOSw-oZm673j/s-l1600.webp,https://i.ebayimg.com/images/g/74kAAOSw8YNm675V/s-l1600.webp,https://i.ebayimg.com/images/g/PKsAAOSwORJm671L/s-l1600.webp,https://i.ebayimg.com/images/g/7eEAAOSwhUZm671f/s-l1600.webp,https://i.ebayimg.com/images/g/JRQAAOSwogRlzMF3/s-l1600.webp,,,,
https://www.ebay.com/itm/355483983779?itmmeta=01JW68N2RV9B15QJQFBWQ8V0DD&hash=item52c47f1fa3:g:U6gAAOSw66Zl1z4e,Wedding Kurta Palazzo Dupatta Set - Fully Stitched 3 Piece Suit,US $36.89,New without tags,Yes Fully Stitched,"Wedding , Festival , Partywear , Travel",Cotton,Handmade,No,Salwar Kameez,"Winter , Summer And Spring","Kurta With Pant , Dupatta",3/4 Sleeve,Multi-Color,Women,Below The Knee,Printed And Embroidery Work,V Neck,India,https://i.ebayimg.com/images/g/U6gAAOSw66Zl1z4e/s-l1600.webp,https://i.ebayimg.com/images/g/T-sAAOSwnJNl1z4d/s-l1600.webp,https://i.ebayimg.com/images/g/g5YAAOSwNoJl1z4a/s-l1600.webp,https://i.ebayimg.com/images/g/sMkAAOSwpVdl1z4Z/s-l1600.webp,https://i.ebayimg.com/images/g/2lsAAOSwVrdl1z4U/s-l1600.webp,https://i.ebayimg.com/images/g/D68AAOSw-GBl1z4X/s-l1600.webp,https://i.ebayimg.com/images/g/b-UAAOSwlwRl1z4R/s-l1600.webp,https://i.ebayimg.com/images/g/Q~QAAOSwzKdlsS7a/s-l1600.webp,,,,,,,
https://www.ebay.com/itm/355907822880?itmmeta=01JW69BT2RF9MX9THFAXRSXWE8&hash=item52ddc26520:g:wmoAAOSw2Sxmpxlk,Designer Kurti Pant Set - Readymade Salwar Kameez Gift for Women,US $36.89,New without tags,Yes Fully Stitched,"Wedding , Festival , Partywear , Travel , Puja",Cotton,Handmade,Hand Work And Printed,Salwar Kameez,"Winter , Summer And Spring",A line Kurta Pant With Dupatta,3/4 Sleeve,Blue,Women,Below The Knee,No,V Neck,India,https://i.ebayimg.com/images/g/wmoAAOSw2Sxmpxlk/s-l1600.webp,https://i.ebayimg.com/images/g/Ww4AAOSwkLFmpxll/s-l1600.webp,https://i.ebayimg.com/images/g/P~MAAOSwtGtmpxli/s-l1600.webp,https://i.ebayimg.com/images/g/MLgAAOSwtXFmpxle/s-l1600.webp,https://i.ebayimg.com/images/g/HoYAAOSwgyVmpxlZ/s-l1600.webp,https://i.ebayimg.com/images/g/zycAAOSwq8Fmpxlc/s-l1600.webp,https://i.ebayimg.com/images/g/Z50AAOSwcV9lsS8K/s-l1600.webp,,,,,,,,
https://www.ebay.com/itm/356713746817?itmmeta=01JW68R8NXBMY0KAB0KF6GS87B&hash=item530dcbd181:g:0JMAAOSwIHJn5WBK,Pakistani Salwar Kameez - Readymade 3 Piece Tunic Combo Set,US $36.07,New without tags,Yes Fully Stitched,"Wedding , Festival , Partywear , Travel , Puja",Cotton,Handmade,Embroidery Work And Printed,Salwar Kameez,"Winter , Summer And Spring",Straight Kurta With Pant & Dupatta,3/4 Sleeve,Red,Women,Knee,No,V Neck,India,https://i.ebayimg.com/images/g/0JMAAOSwIHJn5WBK/s-l1600.webp,https://i.ebayimg.com/images/g/7lkAAOSwcxVn5WBF/s-l1600.webp,https://i.ebayimg.com/images/g/6dkAAOSwoMln5WBM/s-l1600.webp,https://i.ebayimg.com/images/g/IwAAAOSwLiJn5WBM/s-l1600.webp,https://i.ebayimg.com/images/g/Z50AAOSwcV9lsS8K/s-l1600.webp,,,,,,,,,,
https://www.ebay.com/itm/355453708800?itmmeta=01JW68R8NY2XPVQGS12WWJG61R&hash=item52c2b12a00:g:kncAAOSwLPZlx2L4,Heavy Embroidery Salwar Kameez - Readymade Kurti Pant Set,US $37.71,New without tags,Yes Fully Stitched,"Wedding , Festival , Partywear , Travel",Rayon,Handmade,No,Salwar Kameez,"Winter , Summer And Spring",Side Cut Straight Kurta With Pant & Dupatta,3/4 Sleeve,"Red , Blue And Wine",Women,Below The Knee,Embroidery Sequence Work,Round Neck,India,https://i.ebayimg.com/images/g/kncAAOSwLPZlx2L4/s-l1600.webp,https://i.ebayimg.com/images/g/tx0AAOSw8Wllx2Kz/s-l1600.webp,https://i.ebayimg.com/images/g/ahcAAOSwnW1lx2LS/s-l1600.webp,https://i.ebayimg.com/images/g/1AUAAOSwuNdlx2Kx/s-l1600.webp,https://i.ebayimg.com/images/g/uqwAAOSw26Flx2Kr/s-l1600.webp,https://i.ebayimg.com/images/g/V20AAOSwEodlx2Ko/s-l1600.webp,https://i.ebayimg.com/images/g/wT4AAOSwndBlx2Kg/s-l1600.webp,https://i.ebayimg.com/images/g/9VsAAOSwLMxlx2Km/s-l1600.webp,https://i.ebayimg.com/images/g/73IAAOSw60Rlx2Kc/s-l1600.webp,https://i.ebayimg.com/images/g/5wkAAOSwjvdlx2KS/s-l1600.webp,https://i.ebayimg.com/images/g/JKsAAOSwbBdlx2KQ/s-l1600.webp,https://i.ebayimg.com/images/g/CuYAAOSwWt9lx2KZ/s-l1600.webp,https://i.ebayimg.com/images/g/Z50AAOSwcV9lsS8K/s-l1600.webp,https://i.ebayimg.com/images/g/pr0AAOSwRE5lx2Jv/s-l1600.webp,https://i.ebayimg.com/images/g/kJIAAOSw9ddlx2Jy/s-l1600.webp
https://www.ebay.com/itm/356477989874?itmmeta=01JW68N2S02QXAV4HNSQPN2HA4&hash=item52ffbe73f2:g:llQAAOSwGnZnimNw,Blue Readymade Salwar Kameez - Festival Wedding Kurta Palazzo,US $36.89,New without tags,Yes Fully Stitched,"Wedding , Festival , Partywear , Travel , Puja",Cotton,Handmade,Printed,Salwar Kameez,"Winter , Summer And Spring",Kurta With Pant & Dupatta,3/4 Sleeve,Blue,Women,Below The Knee (46inch),No,V Neck,India,https://i.ebayimg.com/images/g/llQAAOSwGnZnimNw/s-l1600.webp,https://i.ebayimg.com/images/g/ilQAAOSwF5hnimNz/s-l1600.webp,https://i.ebayimg.com/images/g/ypYAAOSwRXpnimNl/s-l1600.webp,https://i.ebayimg.com/images/g/eNYAAOSw1gxnimNp/s-l1600.webp,https://i.ebayimg.com/images/g/NKQAAOSwEp1nimNt/s-l1600.webp,https://i.ebayimg.com/images/g/ha8AAOSwP9lnimN4/s-l1600.webp,https://i.ebayimg.com/images/g/yrwAAOSwRXpnimN5/s-l1600.webp,https://i.ebayimg.com/images/g/Z50AAOSwcV9lsS8K/s-l1600.webp,,,,,,,
https://www.ebay.com/itm/355880264690?itmmeta=01JW68R8NWWED69K9G8ESZ8NG3&hash=item52dc1de3f2:g:WqwAAOSwZelmmPIj,Designer Anarkali Kurta Pant Dupatta Set - Flared Salwar Kameez,US $37.71,New without tags,Yes Fully Stitched,"Wedding , Festival , Partywear , Travel",Cotton,Handmade,No,Anarkali,"Winter , Summer And Spring",Flared Kurta With Pant & Dupatta,3/4 Sleeve,Multi-Color,Women,Below The Knee,Printed And Adda Work,V Neck,India,https://i.ebayimg.com/images/g/WqwAAOSwZelmmPIj/s-l1600.webp,https://i.ebayimg.com/images/g/eFcAAOSwQH1mmPIh/s-l1600.webp,https://i.ebayimg.com/images/g/TRwAAOSwyLRmmPIc/s-l1600.webp,https://i.ebayimg.com/images/g/5IoAAOSwmA5mmPIe/s-l1600.webp,https://i.ebayimg.com/images/g/JRQAAOSwogRlzMF3/s-l1600.webp,,,,,,,,,,
https://www.ebay.com/itm/356648025364?itmmeta=01JW68R8NW6XS9GHZ8CH98B236&hash=item5309e0fd14:g:Fz0AAOSw1EpnzUCp,Bollywood Party Kurta Palazzo Set - Festival Salwar Kameez Suit,US $48.37,New without tags,Yes Fully Stitched,"Wedding , Festival , Partywear , Travel","Chinon Silk, Soft Net Dupatta",Handmade,No,Salwar Kameez,"Winter , Summer And Spring",Straight Kurta With Palazzo & Dupatta,3/4 Sleeve,Green,Women,Knee (39inch),Embroidery Sequence Work,V Neck,India,https://i.ebayimg.com/images/g/Fz0AAOSw1EpnzUCp/s-l1600.webp,https://i.ebayimg.com/images/g/MucAAOSwSh1nzUCn/s-l1600.webp,https://i.ebayimg.com/images/g/FuEAAOSwEbxnzUCp/s-l1600.webp,https://i.ebayimg.com/images/g/U6cAAOSwkednzUCq/s-l1600.webp,https://i.ebayimg.com/images/g/XSsAAOSw3NpnzUCp/s-l1600.webp,https://i.ebayimg.com/images/g/rtMAAOSwIOtlsS0o/s-l1600.webp,,,,,,,,,
https://www.ebay.com/itm/356800913221?itmmeta=01JW68N2S1TH2V3PRBBAE58HZ3&hash=item5312fddf45:g:nGgAAOSwuN5oA8Ef,Stitched Kurta Palazzo Dupatta Set - Bollywood Salwar Kameez,US $36.89,New without tags,Yes Fully Stitched,"Wedding , Festival , Partywear , Travel , Puja",Cotton,Handmade,Embroidery Work And Printed,Salwar Kameez,"Winter , Summer And Spring",Straight Kurta With Pant & Dupatta,3/4 Sleeve,Blue,Women,Knee,No,V Neck,India,https://i.ebayimg.com/images/g/nGgAAOSwuN5oA8Ef/s-l1600.webp,https://i.ebayimg.com/images/g/FHgAAOSwbepoA8Eo/s-l1600.webp,https://i.ebayimg.com/images/g/w68AAOSw5g5oA8Es/s-l1600.webp,https://i.ebayimg.com/images/g/wOIAAOSw5QZoA8Em/s-l1600.webp,https://i.ebayimg.com/images/g/cg4AAOSwO4toA8Er/s-l1600.webp,https://i.ebayimg.com/images/g/TY4AAOSwZqJoA8Es/s-l1600.webp,https://i.ebayimg.com/images/g/Z50AAOSwcV9lsS8K/s-l1600.webp,,,,,,,,
https://www.ebay.com/itm/356596089363?itmmeta=01JW69BT2S8AEZ91VER8PNFH3H&hash=item5306c88213:g:KW8AAOSwBkdnuICc,Designer Anarkali Kurta Set - Pakistani Eid Gift Salwar Kameez,US $36.89,New with tags,Yes Fully Stitched,"Wedding , Festival , Partywear , Travel",Cotton,Handmade,No,Salwar Kameez,"Winter , Summer And Spring",Anarkali Kurta With Pant & Dupatta,3/4 Sleeve,Multi-Color,Women,Below The Knee (50Inch),Sequence Katha Work,V Neck,India,https://i.ebayimg.com/images/g/KW8AAOSwBkdnuICc/s-l1600.webp,https://i.ebayimg.com/images/g/pToAAOSwQf5nuICZ/s-l1600.webp,https://i.ebayimg.com/images/g/pU4AAOSw6mhnuICo/s-l1600.webp,https://i.ebayimg.com/images/g/cnsAAOSwjThnuICi/s-l1600.webp,https://i.ebayimg.com/images/g/Z50AAOSwcV9lsS8K/s-l1600.webp,,,,,,,,,,
https://www.ebay.com/itm/355830797324?itmmeta=01JW68N2S00RE8M66WHHN1JRYW&hash=item52d92b140c:g:QeAAAOSwRr1mgP4M,Wedding Festival Kurti Pant Set - Cotton Readymade Salwar Kameez,US $36.89,New without tags,Yes Fully Stitched,"Wedding , Festival , Partywear , Travel , Puja",Cotton,Handmade,Neck Embroidery Work,Salwar Kameez,"Winter , Summer And Spring",Straight Kurta With Pant & Dupatta,3/4 Sleeve,Multi-Color,Women,Knee,One Side,V Neck,India,https://i.ebayimg.com/images/g/QeAAAOSwRr1mgP4M/s-l1600.webp,https://i.ebayimg.com/images/g/7UcAAOSw-YVmgP4L/s-l1600.webp,https://i.ebayimg.com/images/g/QJMAAOSwq49mgP4J/s-l1600.webp,https://i.ebayimg.com/images/g/j7wAAOSwj8JmgP4F/s-l1600.webp,https://i.ebayimg.com/images/g/yNkAAOSwUWFmgP4H/s-l1600.webp,https://i.ebayimg.com/images/g/Z50AAOSwcV9lsS8K/s-l1600.webp,,,,,,,,,
https://www.ebay.com/itm/356066781837?itmmeta=01JW68N2S042R0QCZVHH81R4FT&hash=item52e73bea8d:g:FcoAAOSwJrhm7TZr,Festival Anarkali Kurta Palazzo Dupatta Set - Readymade Salwar,US $38.53,New without tags,Yes Fully Stitched,"Wedding , Festival , Partywear , Travel , Puja",Cotton,Handmade,Printed,Salwar Kameez,"Winter , Summer And Spring",Flared Kurta With Pant & Dupatta,3/4 Sleeve,Red,Women,Below The Knee (48inch),No,V Neck,India,https://i.ebayimg.com/images/g/FcoAAOSwJrhm7TZr/s-l1600.webp,https://i.ebayimg.com/images/g/Av4AAOSwTqpm7TZm/s-l1600.webp,https://i.ebayimg.com/images/g/X9QAAOSwpqhm7TZy/s-l1600.webp,https://i.ebayimg.com/images/g/~fYAAOSw7eRm7TZh/s-l1600.webp,https://i.ebayimg.com/images/g/X5YAAOSwpqhm7TZY/s-l1600.webp,https://i.ebayimg.com/images/g/SOQAAOSwq6xm7TZD/s-l1600.webp,https://i.ebayimg.com/images/g/8CYAAOSwD2pm7TZS/s-l1600.webp,https://i.ebayimg.com/images/g/Z50AAOSwcV9lsS8K/s-l1600.webp,,,,,,,
https://www.ebay.com/itm/355438849083?itmmeta=01JW68R8NXR605PSM6J1MT6AQX&hash=item52c1ce6c3b:g:85EAAOSwwTNlv9MP,Festival Kurta Palazzo Set - Diwali Black Friday Sale Salwar,US $36.89,New without tags,Yes Fully Stitched,"Wedding , Festival , Partywear , Travel , Puja","Cotton, Silk",Handmade,Embroidery Work And Printed Dupatta,Salwar Kameez,"Winter , Summer And Spring",Straight Kurta With Pant & Dupatta,3/4 Sleeve,Green,Women,Knee,No,Round Neck,India,https://i.ebayimg.com/images/g/85EAAOSwwTNlv9MP/s-l1600.webp,https://i.ebayimg.com/images/g/uJYAAOSw-pNlv9MV/s-l1600.webp,https://i.ebayimg.com/images/g/YBoAAOSwDCRlv9MS/s-l1600.webp,https://i.ebayimg.com/images/g/mQgAAOSwvZZlv9MN/s-l1600.webp,https://i.ebayimg.com/images/g/1EkAAOSw3cxlv9MK/s-l1600.webp,https://i.ebayimg.com/images/g/T1gAAOSwdvJlv9Mz/s-l1600.webp,https://i.ebayimg.com/images/g/kYUAAOSw-p5lv9MI/s-l1600.webp,https://i.ebayimg.com/images/g/etoAAOSwJyFlv9MG/s-l1600.webp,https://i.ebayimg.com/images/g/Z50AAOSwcV9lsS8K/s-l1600.webp,,,,,,
https://www.ebay.com/itm/356782440635?itmmeta=01JW69BT2N3NZMVG8K8MQ9MZDM&hash=item5311e400bb:g:eScAAOSw16pn~k1x,White Co-ord Set for Women - Stylish Kurta Pant Salwar Kameez,US $35.25,New without tags,Yes Fully Stitched,"Wedding , Festival , Partywear , Travel , Puja",Cotton Flex,Handmade,Embroidery Work,Salwar Kameez,"Winter , Summer And Spring",Straight Kurta With Pant,3/4 Sleeve,White,Women,Knee,No,Round Neck,India,https://i.ebayimg.com/images/g/eScAAOSw16pn~k1x/s-l1600.webp,https://i.ebayimg.com/images/g/mlcAAOSwcT5n~k11/s-l1600.webp,https://i.ebayimg.com/images/g/fvMAAOSwrN5n~k11/s-l1600.webp,https://i.ebayimg.com/images/g/BNwAAOSw3v5n~k1w/s-l1600.webp,https://i.ebayimg.com/images/g/K6EAAOSwJ0Rn~k13/s-l1600.webp,https://i.ebayimg.com/images/g/ojAAAOSwYsVn~k2q/s-l1600.webp,https://i.ebayimg.com/images/g/Z50AAOSwcV9lsS8K/s-l1600.webp,,,,,,,,
https://www.ebay.com/itm/356855316036?itmmeta=01JW68N2RX1QD3KXESSTQG25K8&hash=item53163bfe44:g:oKoAAOSwDiFoFkGh,Heavy Cotton Salwar Kameez - Readymade Wedding Kurta Palazzo,US $36.89,New without tags,Yes Fully Stitched,"Wedding , Festival , Partywear , Travel",Cotton,Handmade,No,Salwar Kameez,"Winter , Summer And Spring",Straight Kurta With Pant & Dupatta,3/4 Sleeve,Orange,Women,Below The Knee (49inch),Embroidery Work And Hand Work,Round Neck,India,https://i.ebayimg.com/images/g/oKoAAOSwDiFoFkGh/s-l1600.webp,https://i.ebayimg.com/images/g/ofQAAOSwnupoFkGg/s-l1600.webp,https://i.ebayimg.com/images/g/4tAAAOSw-TZoFkGa/s-l1600.webp,https://i.ebayimg.com/images/g/J4YAAOSwL4NoFkGd/s-l1600.webp,https://i.ebayimg.com/images/g/BgAAAOSwg-doFkGj/s-l1600.webp,https://i.ebayimg.com/images/g/sjcAAOSwE-FoFkGd/s-l1600.webp,https://i.ebayimg.com/images/g/Z50AAOSwcV9lsS8K/s-l1600.webp,,,,,,,,
https://www.ebay.com/itm/356419957995?itmmeta=01JW68R8NYM26WMNPTPX35TN9Z&hash=item52fc48f4eb:g:Fa8AAOSw4tZncnW3,Embroidered Anarkali Kurta Pant Dupatta Set - Designer Suit,US $36.89,New without tags,Yes Fully Stitched,"Wedding , Festival , Partywear , Travel , Puja",Cotton,Handmade,Embroidery Work,Salwar Kameez,"Winter , Summer And Spring",Flared Anarkali Kurta With Pant & Dupatta,3/4 Sleeve,Pink,Women,Knee,No,V Neck,India,https://i.ebayimg.com/images/g/Fa8AAOSw4tZncnW3/s-l1600.webp,https://i.ebayimg.com/images/g/kRAAAOSwEqhncnW5/s-l1600.webp,https://i.ebayimg.com/images/g/dQ0AAOSwayNncnXh/s-l1600.webp,https://i.ebayimg.com/images/g/Z50AAOSwcV9lsS8K/s-l1600.webp,,,,,,,,,,,
https://www.ebay.com/itm/356633989435?itmmeta=01JW69BT2RK38MX3HD1M0D5HDB&hash=item53090ad13b:g:mvgAAOSwsUFnxyEY,Bollywood Kurta Kurti Set - Pakistani Eid Gift Salwar Kameez,US $40.17,New without tags,Yes Fully Stitched,"Wedding , Festival , Partywear , Travel","Chinon Silk, Micro Cotton Pant",Handmade,No,Salwar Kameez,"Winter , Summer And Spring",Anarkali Kurta With Pant & Dupatta,3/4 Sleeve,Please Check Real Image,Women,Full (52inch),Embroidery Sequence Work,V Neck,India,https://i.ebayimg.com/images/g/mvgAAOSwsUFnxyEY/s-l1600.webp,https://i.ebayimg.com/images/g/NiIAAOSwp8hnxyEK/s-l1600.webp,https://i.ebayimg.com/images/g/j8QAAOSwP9BnxyEU/s-l1600.webp,https://i.ebayimg.com/images/g/WAEAAOSwHhtnxyET/s-l1600.webp,https://i.ebayimg.com/images/g/nBgAAOSwoNxnxyEQ/s-l1600.webp,https://i.ebayimg.com/images/g/mAcAAOSwHQJnxyET/s-l1600.webp,https://i.ebayimg.com/images/g/L-QAAOSw~DNnxyEQ/s-l1600.webp,https://i.ebayimg.com/images/g/8N4AAOSw4JpnxyET/s-l1600.webp,https://i.ebayimg.com/images/g/rtMAAOSwIOtlsS0o/s-l1600.webp,,,,,,
https://www.ebay.com/itm/355458997678?itmmeta=01JW69BT2RDX1X2V5AC5SS9Q88&hash=item52c301ddae:g:rQkAAOSwvg1lyhW4,Pakistani Kurta Pant Dupatta Set - Readymade Designer Salwar,US $40.99,New without tags,Yes Fully Stitched,"Wedding , Festival , Partywear , Travel",Muslin,Handmade,No,Salwar Kameez,"Winter , Summer And Spring",Aliya Cut Kurta With Pant & Dupatta,3/4 Sleeve,Multi-Color,Women,Below The Knee,Printed And Hand Embroidery Work,V Neck,India,https://i.ebayimg.com/images/g/rQkAAOSwvg1lyhW4/s-l1600.webp,https://i.ebayimg.com/images/g/hKQAAOSwMGNlyhW6/s-l1600.webp,https://i.ebayimg.com/images/g/E4IAAOSwSxxlyhW8/s-l1600.webp,https://i.ebayimg.com/images/g/hbMAAOSwlfZlyhW2/s-l1600.webp,https://i.ebayimg.com/images/g/2p0AAOSwofFlyhWw/s-l1600.webp,https://i.ebayimg.com/images/g/bV8AAOSwX1NlyhW0/s-l1600.webp,https://i.ebayimg.com/images/g/prQAAOSwUJllyhWq/s-l1600.webp,https://i.ebayimg.com/images/g/A-4AAOSwNSdlyhWl/s-l1600.webp,https://i.ebayimg.com/images/g/Z50AAOSwcV9lsS8K/s-l1600.webp,,,,,,
https://www.ebay.com/itm/355887862779?itmmeta=01JW68N2S33J1KYSJPB3CYMJGN&hash=item52dc91d3fb:g:JEYAAOSwFXNmnP4L,Embroidery Work Salwar Kameez - Readymade Kurta Palazzo Dupatta,US $38.53,New without tags,Yes Fully Stitched,"Wedding , Festival , Partywear , Travel",Rayon,Handmade,No,Salwar Kameez,"Winter , Summer And Spring",Straight Kurta With Pant & Dupatta,3/4 Sleeve,Purple,Women,Knee,Hand Embroidery Work,Round Neck,India,https://i.ebayimg.com/images/g/JEYAAOSwFXNmnP4L/s-l1600.webp,https://i.ebayimg.com/images/g/5W4AAOSwiiFmnP4R/s-l1600.webp,https://i.ebayimg.com/images/g/yGoAAOSwdrxmnP39/s-l1600.webp,https://i.ebayimg.com/images/g/yxgAAOSwSdlmnP4O/s-l1600.webp,https://i.ebayimg.com/images/g/pd4AAOSwaPNmnP37/s-l1600.webp,https://i.ebayimg.com/images/g/6VoAAOSwV-BnaScF/s-l1600.webp,https://i.ebayimg.com/images/g/VwoAAOSwBmJmnP33/s-l1600.webp,https://i.ebayimg.com/images/g/Q~QAAOSwzKdlsS7a/s-l1600.webp,,,,,,,
https://www.ebay.com/itm/356855267877?itmmeta=01JW68N2S0X6NTSAZ3YSARGQ7E&hash=item53163b4225:g:sQcAAOSwrxJoFkC7,Summer Cotton Kurta Palazzo Dupatta Set - Readymade Salwar Suit,US $36.89,New without tags,Yes Fully Stitched,"Wedding , Festival , Partywear , Travel",Cotton,Handmade,No,Salwar Kameez,"Winter , Summer And Spring",Straight Kurta With Pant & Dupatta,3/4 Sleeve,Pink,Women,Below The Knee (49inch),Embroidery Work And Hand Work,Round Neck,India,https://i.ebayimg.com/images/g/sQcAAOSwrxJoFkC7/s-l1600.webp,https://i.ebayimg.com/images/g/SfkAAOSwbOpoFkDA/s-l1600.webp,https://i.ebayimg.com/images/g/9NAAAOSwiztoFkC-/s-l1600.webp,https://i.ebayimg.com/images/g/OfsAAOSwS1NoFkDA/s-l1600.webp,https://i.ebayimg.com/images/g/Z50AAOSwcV9lsS8K/s-l1600.webp,,,,,,,,,,
https://www.ebay.com/itm/356512127622?itmmeta=01JW68R8NS8XGE0Z5J1CQD86J5&hash=item5301c75a86:g:obYAAOSwwKhnmLBc,Readymade Kurta Pant Set - Kurti Dupatta Salwar Kameez Combo,US $36.07,New without tags,Yes Fully Stitched,"Wedding , Festival , Partywear , Travel",Cotton,Handmade,No,Salwar Kameez,"Winter , Summer And Spring",Straight Kurta With Pant & Dupatta,3/4 Sleeve,Blue,Women,Knee,Printed,Round Neck,India,https://i.ebayimg.com/images/g/obYAAOSwwKhnmLBc/s-l1600.webp,https://i.ebayimg.com/images/g/G-MAAOSwY2VnmLBc/s-l1600.webp,https://i.ebayimg.com/images/g/oLsAAOSw5DFnmLBb/s-l1600.webp,https://i.ebayimg.com/images/g/0gEAAOSw1WRnmLBf/s-l1600.webp,https://i.ebayimg.com/images/g/h9UAAOSwmZxnmLBd/s-l1600.webp,https://i.ebayimg.com/images/g/Z50AAOSwcV9lsS8K/s-l1600.webp,,,,,,,,,
https://www.ebay.com/itm/356914325191?itmmeta=01JW68N2S2SCFZYKNHRD08X3F4&hash=item5319c066c7:g:dSAAAOSwBqpoKIzt,Stitched Kurta Pant Dupatta Set - Designer Salwar Kameez Women,US $36.89,New without tags,Yes Fully Stitched,"Wedding , Festival , Partywear , Travel , Puja",Cotton,Handmade,Printed,Salwar Kameez,"Winter , Summer And Spring",A-line Kurta Pant With Dupatta,3/4 Sleeve,Multi-Color,Women,Below The Knee (46inch),No,V Neck,India,https://i.ebayimg.com/images/g/dSAAAOSwBqpoKIzt/s-l1600.webp,https://i.ebayimg.com/images/g/NC8AAOSwpu9oKIzi/s-l1600.webp,https://i.ebayimg.com/images/g/fFIAAOSw269oKIzi/s-l1600.webp,https://i.ebayimg.com/images/g/hbEAAOSwjlNoKIzr/s-l1600.webp,https://i.ebayimg.com/images/g/MJMAAOSw1EFoKIzp/s-l1600.webp,https://i.ebayimg.com/images/g/Z50AAOSwcV9lsS8K/s-l1600.webp,,,,,,,,,
https://www.ebay.com/itm/356185586659?itmmeta=01JW68R8NVWH7F4E7Q55BV8M9C&hash=item52ee50bbe3:g:69IAAOSwJLlnGhCH,Pakistani Embroidered Salwar Kameez - Readymade Kurta Palazzo,US $36.89,New without tags,Yes Fully Stitched,"Wedding , Festival , Partywear , Travel , Puja","Cotton, Chffion Dupatta",Handmade,Embroidery Work,Salwar Kameez,"Winter , Summer And Spring",Straight Kurta With Pant & Dupatta,3/4 Sleeve,Multi-Color,Women,Knee (46 inch),No,Round Neck,India,https://i.ebayimg.com/images/g/69IAAOSwJLlnGhCH/s-l1600.webp,https://i.ebayimg.com/images/g/GYEAAOSwgzFnGhCG/s-l1600.webp,https://i.ebayimg.com/images/g/5hcAAOSw6fFnGhCG/s-l1600.webp,https://i.ebayimg.com/images/g/~30AAOSwkFBnGhCI/s-l1600.webp,https://i.ebayimg.com/images/g/g3sAAOSwxo5nGhCA/s-l1600.webp,https://i.ebayimg.com/images/g/0jIAAOSw2llnGhCG/s-l1600.webp,https://i.ebayimg.com/images/g/~EQAAOSwFP9nGhCG/s-l1600.webp,https://i.ebayimg.com/images/g/Z50AAOSwcV9lsS8K/s-l1600.webp,,,,,,,
https://www.ebay.com/itm/355722057431?itmmeta=01JW69BT2PMQTECQ1F029WECTP&hash=item52d2afd6d7:g:xA0AAOSwtVJmR6X-,Festival Kurta Pant Set - 100% Cotton Dresses for Women & Girls,US $21.31,New without tags,Yes Fully Stitched,"Wedding , Festival , Partywear , Travel",Cotton,Handmade,No,Salwar Kameez,"Winter , Summer And Spring",Flared Kurta With Pant,3/4 Sleeve,Multi-Color,Women,Below The Knee (46 inch),Embroidery Work On Neck,V Neck,India,https://i.ebayimg.com/images/g/xA0AAOSwtVJmR6X-/s-l1600.webp,https://i.ebayimg.com/images/g/LFkAAOSwsPBmR6YA/s-l1600.webp,https://i.ebayimg.com/images/g/njwAAOSwKo9mR6YC/s-l1600.webp,https://i.ebayimg.com/images/g/dg8AAOSw~DJmR6X6/s-l1600.webp,https://i.ebayimg.com/images/g/bjcAAOSw4qlmR6Xz/s-l1600.webp,https://i.ebayimg.com/images/g/BygAAOSwwRFmR6Yo/s-l1600.webp,https://i.ebayimg.com/images/g/JRQAAOSwogRlzMF3/s-l1600.webp,,,,,,,,
https://www.ebay.com/itm/355488676030?itmmeta=01JW69BT2NTBZ4SQ060M5DBTS9&hash=item52c4c6b8be:g:vVYAAOSwEi9l2bJ6,Bollywood Wedding Kurta Pant Dupatta Set - Designer Salwar Suit,US $36.89,New without tags,Yes Fully Stitched,"Wedding , Festival , Partywear , Travel","Cotton, Kota Doriya",Handmade,Embroidery Work And Printed Dupatta,Round Neck,India,Straight Kurta With Pant & Dupatta,3/4 Sleeve,Pink,Women,Knee,Salwar Kameez,"Winter , Summer And Spring",,https://i.ebayimg.com/images/g/vVYAAOSwEi9l2bJ6/s-l1600.webp,https://i.ebayimg.com/images/g/vmIAAOSwsJxl2bJ-/s-l1600.webp,https://i.ebayimg.com/images/g/JKEAAOSwjjtl2bJ8/s-l1600.webp,https://i.ebayimg.com/images/g/NpAAAOSwqRVl2bJ4/s-l1600.webp,https://i.ebayimg.com/images/g/19EAAOSwQ4Nl2bKY/s-l1600.webp,https://i.ebayimg.com/images/g/7Z4AAOSwtmplsS8H/s-l1600.webp,,,,,,,,,
https://www.ebay.com/itm/356311554964?itmmeta=01JW69BT2N3S8MXDZ7F8AGFXBD&hash=item52f5d2db94:g:Id8AAOSwHLpnRxNF,Readymade Kurta Pant Dupatta Set - Wedding Partywear Kurtis,US $37.71,New without tags,Yes Fully Stitched,"Wedding , Festival , Partywear , Travel","Cotton, Organza Dupatta",Handmade,No,Salwar Kameez,"Winter , Summer And Spring",Flared Kurta With Pant & Dupatta,3/4 Sleeve,Green,Women,Below The Knee,Gotta Lace Work,V Neck,India,https://i.ebayimg.com/images/g/Id8AAOSwHLpnRxNF/s-l1600.webp,https://i.ebayimg.com/images/g/yIwAAOSw4vVnRxNG/s-l1600.webp,https://i.ebayimg.com/images/g/Z50AAOSwcV9lsS8K/s-l1600.webp,,,,,,,,,,,,
https://www.ebay.com/itm/355722172968?itmmeta=01JW69BT2M101507TEQG5T6NQ7&hash=item52d2b19a28:g:h5EAAOSw2kpmR7XJ,100% Cotton Anarkali Kurta Pant Set - Designer Salwar Kameez,US $21.31,New without tags,Yes Fully Stitched,"Wedding , Festival , Partywear , Travel",Cotton,Handmade,No,Salwar Kameez,"Winter , Summer And Spring",Flared Kurta With Pant,3/4 Sleeve,Multi-Color,Women,Below The Knee (46 inch),Embroidery Work On Neck,V Neck,India,https://i.ebayimg.com/images/g/h5EAAOSw2kpmR7XJ/s-l1600.webp,https://i.ebayimg.com/images/g/v7oAAOSwNutmR7XL/s-l1600.webp,https://i.ebayimg.com/images/g/QjYAAOSwqrZmR7XG/s-l1600.webp,https://i.ebayimg.com/images/g/NW8AAOSwgVhmR7XD/s-l1600.webp,https://i.ebayimg.com/images/g/TJ8AAOSw-2lmR7Xe/s-l1600.webp,https://i.ebayimg.com/images/g/bb0AAOSwEuZmR7XC/s-l1600.webp,https://i.ebayimg.com/images/g/JRQAAOSwogRlzMF3/s-l1600.webp,,,,,,,,
https://www.ebay.com/itm/355438864715?itmmeta=01JW68R8NWWK2JG8T0H9VYCHYV&hash=item52c1cea94b:g:LCMAAOSwNL5lv9Uo,Handmade Alia Cut Kurta Palazzo Set - Partywear Salwar Kameez,US $33.61,New without tags,Yes Fully Stitched,"Wedding , Festival , Partywear , Travel , Puja",Cotton,Handmade,Printed,Kurtas/Kurti,"Winter , Summer And Spring",Alia Cut Kurta With Pant,3/4 Sleeve,Multi-Color,Women,Below The Knee,No,V Neck,India,https://i.ebayimg.com/images/g/LCMAAOSwNL5lv9Uo/s-l1600.webp,https://i.ebayimg.com/images/g/7fwAAOSwU35lv9Um/s-l1600.webp,https://i.ebayimg.com/images/g/2zUAAOSwsJJlv9Uk/s-l1600.webp,https://i.ebayimg.com/images/g/tDIAAOSwO3hlv9Ui/s-l1600.webp,https://i.ebayimg.com/images/g/hwYAAOSwARxlv9Uf/s-l1600.webp,https://i.ebayimg.com/images/g/7PgAAOSw4kFlv9Ud/s-l1600.webp,https://i.ebayimg.com/images/g/Z50AAOSwcV9lsS8K/s-l1600.webp,,,,,,,,
https://www.ebay.com/itm/356066802698?itmmeta=01JW68N2RZGMF732NNPGS3KKGY&hash=item52e73c3c0a:g:Vd8AAOSwGyVm7Tf6,Pakistani Shalwar Kameez - Readymade Wedding Kurta Palazzo Set,US $38.53,New without tags,Yes Fully Stitched,"Wedding , Festival , Partywear , Travel , Puja",Cotton,Handmade,Printed,Salwar Kameez,"Winter , Summer And Spring",Flared Kurta With Pant & Dupatta,3/4 Sleeve,Yellow,Women,Below The Knee (48inch),No,Round Neck,India,https://i.ebayimg.com/images/g/Vd8AAOSwGyVm7Tf6/s-l1600.webp,https://i.ebayimg.com/images/g/99EAAOSwO~dm7Tfv/s-l1600.webp,https://i.ebayimg.com/images/g/pD0AAOSwPMNm7Tfy/s-l1600.webp,https://i.ebayimg.com/images/g/Y8IAAOSwk3Zm7Tfj/s-l1600.webp,https://i.ebayimg.com/images/g/B2EAAOSwk9Rm7TgP/s-l1600.webp,https://i.ebayimg.com/images/g/Z50AAOSwcV9lsS8K/s-l1600.webp,,,,,,,,,
https://www.ebay.com/itm/356435289606?itmmeta=01JW68N2S1DR4HPVXN9QTVWZ3G&hash=item52fd32e606:g:OWgAAOSw6OtneVh0,7XL Plus Size Kurta Palazzo Dupatta Set - Eid Salwar Kameez,US $38.53,New without tags,Yes Fully Stitched,"Wedding , Festival , Partywear , Travel , Puja",Rayon,Handmade,Printed And Gotta Lace Work,Salwar Kameez,"Winter , Summer And Spring",Flared Kurta With Pant & Dupatta,3/4 Sleeve,Green,Women,Full (52inch),No,Round Neck,India,https://i.ebayimg.com/images/g/OWgAAOSw6OtneVh0/s-l1600.webp,https://i.ebayimg.com/images/g/sTcAAOSwexlneVhx/s-l1600.webp,https://i.ebayimg.com/images/g/lEMAAOSw~bxneVhy/s-l1600.webp,https://i.ebayimg.com/images/g/FZcAAOSw7XBneVhz/s-l1600.webp,https://i.ebayimg.com/images/g/hyMAAOSwPlNneVhx/s-l1600.webp,https://i.ebayimg.com/images/g/BX0AAOSw8odneVhx/s-l1600.webp,https://i.ebayimg.com/images/g/e2YAAOSwji1neVhw/s-l1600.webp,https://i.ebayimg.com/images/g/yKYAAOSwARNneVhy/s-l1600.webp,https://i.ebayimg.com/images/g/EpkAAOSwzahneVhy/s-l1600.webp,https://i.ebayimg.com/images/g/Z50AAOSwcV9lsS8K/s-l1600.webp,,,,,
https://www.ebay.com/itm/356705485506?itmmeta=01JW68N2S1FKGQ7HAFJDV8Z93K&hash=item530d4dc2c2:g:z9YAAOSwK6tn4Z8T,Premium Chinon Silk Kurta Palazzo Dupatta Set - Wedding Salwar,US $38.53,New without tags,Yes Fully Stitched,"Wedding , Festival , Partywear , Travel , Puja",Chinon Silk,Handmade,Embroidery Work,Salwar Kameez,"Winter , Summer And Spring",Straight Kurta With Palazzo & Dupatta,3/4 Sleeve,Blue,Women,Below The Knee (48inch),No,V Neck,India,https://i.ebayimg.com/images/g/z9YAAOSwK6tn4Z8T/s-l1600.webp,https://i.ebayimg.com/images/g/VqQAAOSwC8ln4Z8U/s-l1600.webp,https://i.ebayimg.com/images/g/C~IAAOSw8Kxn4Z8Y/s-l1600.webp,https://i.ebayimg.com/images/g/g60AAOSwLedn4Z8Q/s-l1600.webp,https://i.ebayimg.com/images/g/f3sAAOSw7A9n4Z8V/s-l1600.webp,https://i.ebayimg.com/images/g/4rwAAOSwcqRn4Z8S/s-l1600.webp,https://i.ebayimg.com/images/g/pHIAAOSwRBZn4Z8V/s-l1600.webp,https://i.ebayimg.com/images/g/9toAAOSwOYtn4Z8O/s-l1600.webp,https://i.ebayimg.com/images/g/Z50AAOSwcV9lsS8K/s-l1600.webp,,,,,,
https://www.ebay.com/itm/356007111134?itmmeta=01JW68N2S1AFADV5E3NFJ1BZ46&hash=item52e3ad69de:g:PLsAAOSwvCtlvkEs,Readymade Kurta Sharara Dupatta Set - Festival Salwar Kameez,US $57.39,New without tags,Yes Fully Stitched,"Wedding , Festival , Partywear , Travel",Georgette,Handmade,No,Salwar Kameez,"Winter , Summer And Spring",Straight Kurta With Sharara & Dupatta,3/4 Sleeve,Purple And Sky Blue,Women,Above The Knee (30inch),Sequence And Thread Embroidery Work,Round Neck,India,https://i.ebayimg.com/images/g/PLsAAOSwvCtlvkEs/s-l1600.webp,https://i.ebayimg.com/images/g/cT0AAOSw~kBlvkD1/s-l1600.webp,https://i.ebayimg.com/images/g/QOIAAOSwxVplvkD7/s-l1600.webp,https://i.ebayimg.com/images/g/V8cAAOSwr3FlvkD4/s-l1600.webp,https://i.ebayimg.com/images/g/rtMAAOSwIOtlsS0o/s-l1600.webp,https://i.ebayimg.com/images/g/CB8AAOSwP8NlvkE2/s-l1600.webp,https://i.ebayimg.com/images/g/8tIAAOSw54tlvkFU/s-l1600.webp,,,,,,,,
https://www.ebay.com/itm/356691563086?itmmeta=01JW69BT2QTAXBDZBG06A1FQWN&hash=item530c79524e:g:0RMAAOSw3JFn3C7D,Bollywood Party Kurta Pant Set - Designer Dupatta Salwar Kameez,US $36.07,New without tags,Yes Fully Stitched,"Wedding , Festival , Partywear , Travel",Cotton,Handmade,Embroidery & Hand Work And Printed,Round Neck,India,Straight Kurta With Pant & Dupatta,Cut Dori Sleeve,Blue,Women,Knee (45inch),Salwar Kameez,"Winter , Summer And Spring",,https://i.ebayimg.com/images/g/0RMAAOSw3JFn3C7D/s-l1600.webp,https://i.ebayimg.com/images/g/lTwAAOSw6Spn3C69/s-l1600.webp,https://i.ebayimg.com/images/g/yq0AAOSwk4Bn3C69/s-l1600.webp,https://i.ebayimg.com/images/g/7Z4AAOSwtmplsS8H/s-l1600.webp,,,,,,,,,,,
https://www.ebay.com/itm/356045809927?itmmeta=01JW68N2RZQ96W84NTQFC71TV6&hash=item52e5fbe907:g:E7gAAOSwhCRm5a3y,Readymade Kurta Palazzo Dupatta Set - Festival Salwar Kameez,US $37.71,New without tags,Yes Fully Stitched,"Wedding , Festival , Partywear , Travel , Puja",Cotton,Handmade,Printed,Salwar Kameez,"Winter , Summer And Spring",Flared Kurta With Pant & Dupatta,3/4 Sleeve,Multi-Color,Women,Below The Knee (49inch),No,V Neck,India,https://i.ebayimg.com/images/g/E7gAAOSwhCRm5a3y/s-l1600.webp,https://i.ebayimg.com/images/g/OCcAAOSw~ytm5a30/s-l1600.webp,https://i.ebayimg.com/images/g/WrgAAOSwJXhm5a32/s-l1600.webp,https://i.ebayimg.com/images/g/fl8AAOSwzUBm5a3r/s-l1600.webp,https://i.ebayimg.com/images/g/N~EAAOSw~qJm5a3u/s-l1600.webp,https://i.ebayimg.com/images/g/s0cAAOSwcNFm5a5d/s-l1600.webp,https://i.ebayimg.com/images/g/DFMAAOSw2ehm5a3i/s-l1600.webp,https://i.ebayimg.com/images/g/qq8AAOSw~Jhm5a49/s-l1600.webp,,,,,,,
https://www.ebay.com/itm/356185543904?itmmeta=01JW68N2S1E2GWJ9R13K59FQHR&hash=item52ee5014e0:g:xzsAAOSw1~VnGgoX,Readymade Palazzo Kurta Set - Diwali Christmas Salwar Kameez,US $34.43,New without tags,Yes Fully Stitched,"Wedding , Festival , Partywear , Travel , Puja",Cotton,Handmade,Mirror And Embroidery Work,Salwar Kameez,"Winter , Summer And Spring",Straight Kurta With Pant & Dupatta,3/4 Sleeve,White,Women,Knee,No,Round Neck,India,https://i.ebayimg.com/images/g/xzsAAOSw1~VnGgoX/s-l1600.webp,https://i.ebayimg.com/images/g/KC4AAOSw9HtnGgoX/s-l1600.webp,https://i.ebayimg.com/images/g/4xIAAOSw0eFnGgoX/s-l1600.webp,https://i.ebayimg.com/images/g/BZ0AAOSwL4NnGgoX/s-l1600.webp,https://i.ebayimg.com/images/g/f0wAAOSwy61nGgoV/s-l1600.webp,https://i.ebayimg.com/images/g/RsIAAOSwDsZnGgoX/s-l1600.webp,https://i.ebayimg.com/images/g/42UAAOSwldtnGgoX/s-l1600.webp,https://i.ebayimg.com/images/g/Z50AAOSwcV9lsS8K/s-l1600.webp,,,,,,,
https://www.ebay.com/itm/356454430608?itmmeta=01JW68N2S0QRR0FRMTCNVC3KBW&hash=item52fe56f790:g:4S0AAOSwrRFngSIa,Bollywood Kurta Palazzo Dupatta Set - Pakistani Shalwar Kameez,US $36.07,New with tags,Yes Fully Stitched,"Wedding , Festival , Partywear , Travel",Cotton,Handmade,No,Salwar Kameez,"Winter , Summer And Spring","Kurta With Palazzo , Dupatta",3/4 Sleeve,Purple,Women,Knee (44inch),Sequence Embroidery Work,V Neck,India,https://i.ebayimg.com/images/g/4S0AAOSwrRFngSIa/s-l1600.webp,https://i.ebayimg.com/images/g/ZTEAAOSwgPRngSIc/s-l1600.webp,https://i.ebayimg.com/images/g/xbgAAOSwoelngSIc/s-l1600.webp,https://i.ebayimg.com/images/g/nocAAOSwjOVngSIc/s-l1600.webp,https://i.ebayimg.com/images/g/XvkAAOSwBAVngSIc/s-l1600.webp,https://i.ebayimg.com/images/g/Z50AAOSwcV9lsS8K/s-l1600.webp,,,,,,,,,
https://www.ebay.com/itm/356851447759?itmmeta=01JW69BT2Q2YW57S2F6E5R9EBM&hash=item531600f7cf:g:ZVQAAOSwJcpoFNhl,Pakistani Embroidered Salwar Kameez - Readymade Kurta Kurti Set,US $37.71,New without tags,Yes Fully Stitched,"Wedding , Festival , Partywear , Travel",Cotton,Handmade,No,Salwar Kameez,"Winter , Summer And Spring",Anarkali Kurta With Pant & Dupatta,3/4 Sleeve,Red,Women,Below The Knee (46inch),Embroidery Work And Printed,Round Neck,India,https://i.ebayimg.com/images/g/ZVQAAOSwJcpoFNhl/s-l1600.webp,https://i.ebayimg.com/images/g/TJcAAOSwFKxoFNhr/s-l1600.webp,https://i.ebayimg.com/images/g/79UAAOSw2SloFNjQ/s-l1600.webp,https://i.ebayimg.com/images/g/sPgAAOSwyQNoFNhr/s-l1600.webp,https://i.ebayimg.com/images/g/Z50AAOSwcV9lsS8K/s-l1600.webp,,,,,,,,,,
https://www.ebay.com/itm/356781360773?itmmeta=01JW68R8NXN3AG61E9AKMH5W09&hash=item5311d38685:g:AosAAOSwaOJn~iQ0,Readymade Salwar Kameez - Straight Kurta Palazzo Dupatta Set,US $36.89,New without tags,Yes Fully Stitched,"Wedding , Festival , Partywear , Travel",Cotton,Handmade,Embroidery Work And Printed,V Neck,India,Straight Kurta With Pant & Dupatta,3/4 Sleeve,Multi-Color,Women,Knee,Salwar Kameez,"Winter , Summer And Spring",,https://i.ebayimg.com/images/g/AosAAOSwaOJn~iQ0/s-l1600.webp,https://i.ebayimg.com/images/g/rKIAAOSw69Jn~iQ0/s-l1600.webp,https://i.ebayimg.com/images/g/yPkAAOSw6XFn~iQ0/s-l1600.webp,https://i.ebayimg.com/images/g/pbEAAOSwzAtn~iQ0/s-l1600.webp,https://i.ebayimg.com/images/g/Ne0AAOSwM6Nn~iQ1/s-l1600.webp,https://i.ebayimg.com/images/g/siwAAOSwLbxn~iQ1/s-l1600.webp,https://i.ebayimg.com/images/g/t9cAAOSwJqVn~iQy/s-l1600.webp,https://i.ebayimg.com/images/g/7Z4AAOSwtmplsS8H/s-l1600.webp,,,,,,,
https://www.ebay.com/itm/355430577972?itmmeta=01JW69BT2R258QG1KWWJ03RPD7&hash=item52c1503734:g:h~UAAOSwO6plu73E,Haldi Yellow Kurta Pant Set - Designer Aari Work Combo Suits,US $33.61,New without tags,Yes Fully Stitched,"Wedding , Festival , Partywear , Travel , Puja",Cotton,Handmade,Aari Work,Salwar Kameez,"Winter , Summer And Spring",Straight Kurta With Pant,3/4 Sleeve,Yellow,Women,Knee,Yes,Round Neck,India,https://i.ebayimg.com/images/g/h~UAAOSwO6plu73E/s-l1600.webp,https://i.ebayimg.com/images/g/xz8AAOSwv~Nlu73B/s-l1600.webp,https://i.ebayimg.com/images/g/qz8AAOSwOptlu729/s-l1600.webp,https://i.ebayimg.com/images/g/-88AAOSwxk1lu72~/s-l1600.webp,https://i.ebayimg.com/images/g/QP4AAOSwktRlu727/s-l1600.webp,https://i.ebayimg.com/images/g/HLoAAOSwLctlu723/s-l1600.webp,https://i.ebayimg.com/images/g/mVcAAOSwNLVlu72y/s-l1600.webp,https://i.ebayimg.com/images/g/Z50AAOSwcV9lsS8K/s-l1600.webp,,,,,,,
https://www.ebay.com/itm/356388890453?itmmeta=01JW68R8NVW2FBNZH5K0VDDKR6&hash=item52fa6ee755:g:7o8AAOSwDWJnY-ul,White Chikankari Kurta Palazzo Dupatta Set - Wedding Wear Suit,US $36.07,New without tags,Yes Fully Stitched,"Wedding , Festival , Partywear , Travel","Cotton, Malmal Dupatta",Handmade,No,Salwar Kameez,"Winter , Summer And Spring",Straight Kurta With Pant & Dupatta,3/4 Sleeve,White,Women,Knee (45inch),Chikankari Work With Hand Printed,Round Neck,India,https://i.ebayimg.com/images/g/7o8AAOSwDWJnY-ul/s-l1600.webp,https://i.ebayimg.com/images/g/W6oAAOSw9hJnY-ul/s-l1600.webp,https://i.ebayimg.com/images/g/YtQAAOSwSZJnY-uk/s-l1600.webp,https://i.ebayimg.com/images/g/5Z0AAOSw2XZnY-ul/s-l1600.webp,https://i.ebayimg.com/images/g/u4gAAOSwngpnY-ul/s-l1600.webp,https://i.ebayimg.com/images/g/6twAAOSwwZdnY-ul/s-l1600.webp,https://i.ebayimg.com/images/g/Z50AAOSwcV9lsS8K/s-l1600.webp,,,,,,,,
https://www.ebay.com/itm/355713392307?itmmeta=01JW68R8NT3Z4FV3S66Q813XE8&hash=item52d22b9eb3:g:NwgAAOSw72lmQ1-W,Readymade Salwar Kameez - Kurta Palazzo Dupatta Set 3 Piece,US $37.71,New without tags,Yes Fully Stitched,"Wedding , Festival , Partywear , Travel","Cotton, Kota Doriya",Handmade,No,Salwar Kameez,"Winter , Summer And Spring",Straight Kurta With Pant & Dupatta,3/4 Sleeve,Multi-Color,Women,Knee (44 inch),Embroidery Work And Printed,Round Neck,India,https://i.ebayimg.com/images/g/NwgAAOSw72lmQ1-W/s-l1600.webp,https://i.ebayimg.com/images/g/-MwAAOSwVk1mQ1-U/s-l1600.webp,https://i.ebayimg.com/images/g/auUAAOSwO89mQ1-a/s-l1600.webp,https://i.ebayimg.com/images/g/VXQAAOSwizlmQ1-Q/s-l1600.webp,https://i.ebayimg.com/images/g/LygAAOSw-pBmQ1-S/s-l1600.webp,https://i.ebayimg.com/images/g/N38AAOSw4uBmQ1-O/s-l1600.webp,https://i.ebayimg.com/images/g/RL4AAOSwjD5mQ1-x/s-l1600.webp,https://i.ebayimg.com/images/g/5VIAAOSw2DlmQ1-M/s-l1600.webp,https://i.ebayimg.com/images/g/rtMAAOSwIOtlsS0o/s-l1600.webp,,,,,,
https://www.ebay.com/itm/356543120768?itmmeta=01JW69BT2R7F3DYWXS389TWXBH&hash=item5303a04580:g:YQcAAOSw0gZnpbQL,Bollywood Party Salwar Kameez - Readymade Kurta Palazzo Dupatta,US $50.83,New without tags,Yes Fully Stitched,"Wedding , Festival , Partywear , Travel",Georgette,Handmade,No,Salwar Kameez,"Winter , Summer And Spring",Straight Kurta With Palazzo & Dupatta,3/4 Sleeve,Black,Women,Above The Knee ( 35inch),Heavy Embroidery Work,Round Neck,India,https://i.ebayimg.com/images/g/YQcAAOSw0gZnpbQL/s-l1600.webp,https://i.ebayimg.com/images/g/qrMAAOSwBohnpbQU/s-l1600.webp,https://i.ebayimg.com/images/g/4ZsAAOSwbQlnpbQR/s-l1600.webp,https://i.ebayimg.com/images/g/4SkAAOSwAKlnpbQQ/s-l1600.webp,https://i.ebayimg.com/images/g/rtMAAOSwIOtlsS0o/s-l1600.webp,,,,,,,,,,
https://www.ebay.com/itm/356739028912?itmmeta=01JW68N2S2WYSET1WE52V00S44&hash=item530f4d97b0:g:qisAAOSwDJdn8Crf,Pure Cotton Readymade Palazzo Kurta Dupatta Set - Designer Suit,US $36.89,New without tags,Yes Fully Stitched,"Wedding , Festival , Partywear , Travel",Cotton,Handmade,No,Salwar Kameez,"Winter , Summer And Spring",Straight Kurta With Pant & Dupatta,3/4 Sleeve,Please Check Real Image,Women,Knee (45inch),Embroidery Work,Round Neck,India,https://i.ebayimg.com/images/g/qisAAOSwDJdn8Crf/s-l1600.webp,https://i.ebayimg.com/images/g/WHMAAOSwMzBn8Crf/s-l1600.webp,https://i.ebayimg.com/images/g/bCgAAOSwpkdn8Cre/s-l1600.webp,https://i.ebayimg.com/images/g/3rsAAOSwjyln8Crf/s-l1600.webp,https://i.ebayimg.com/images/g/dhIAAOSwKZtn8Crg/s-l1600.webp,https://i.ebayimg.com/images/g/jxgAAOSw2oBn8CsZ/s-l1600.webp,https://i.ebayimg.com/images/g/yDAAAOSwK8Jn8CsY/s-l1600.webp,https://i.ebayimg.com/images/g/Z50AAOSwcV9lsS8K/s-l1600.webp,,,,,,,
https://www.ebay.com/itm/355762308685?itmmeta=01JW68R8NTWDDYQDCB06V3X7WF&hash=item52d516064d:g:wRIAAOSwGTRmXSzZ,Ethnic Festival Kurta Pant Set - Ready to Wear Salwar Kameez,US $37.71,New without tags,Yes Fully Stitched,"Wedding , Festival , Partywear , Travel , Puja",Cotton,Handmade,Printed,Salwar Kameez,"Winter , Summer And Spring",Flared Kurta With Pant & Dupatta,3/4 Sleeve,Blue,Women,Knee,No,Round Neck,India,https://i.ebayimg.com/images/g/wRIAAOSwGTRmXSzZ/s-l1600.webp,https://i.ebayimg.com/images/g/avUAAOSwdOFmXSzD/s-l1600.webp,https://i.ebayimg.com/images/g/8vAAAOSwMCVmXSzQ/s-l1600.webp,https://i.ebayimg.com/images/g/k~YAAOSwxjtmXSym/s-l1600.webp,https://i.ebayimg.com/images/g/aPwAAOSwEthmXSy9/s-l1600.webp,https://i.ebayimg.com/images/g/Z50AAOSwcV9lsS8K/s-l1600.webp,,,,,,,,,
https://www.ebay.com/itm/356031822119?itmmeta=01JW68N2S00HB16NY4CWFSHY8Q&hash=item52e5267927:g:LqQAAOSw-dFm4EMo,Readymade Kurta Palazzo Dupatta Set - Festival Salwar Kameez,US $36.89,New without tags,Yes Fully Stitched,"Wedding , Festival , Partywear , Travel , Puja",Cotton,Handmade,No,V Neck,India,Straight Kurta With Pant & Dupatta,3/4 Sleeve,Blue,Women,Knee (45inch),Salwar Kameez,"Winter , Summer And Spring",,https://i.ebayimg.com/images/g/LqQAAOSw-dFm4EMo/s-l1600.webp,https://i.ebayimg.com/images/g/eKQAAOSwPjFm4EMv/s-l1600.webp,https://i.ebayimg.com/images/g/NTAAAOSwxXdm4EMs/s-l1600.webp,https://i.ebayimg.com/images/g/wWgAAOSwvIZm4EMj/s-l1600.webp,https://i.ebayimg.com/images/g/nqsAAOSwDKFm4EMf/s-l1600.webp,https://i.ebayimg.com/images/g/Z50AAOSwcV9lsS8K/s-l1600.webp,,,,,,,,,
https://www.ebay.com/itm/356477908486?itmmeta=01JW69BT2P548E7YEDF68BCQGH&hash=item52ffbd3606:g:CcAAAOSw2gVnilxF,Readymade Kurta Palazzo Dupatta Set - 3 Piece Salwar Combo Set,US $37.71,New without tags,Yes Fully Stitched,"Wedding , Festival , Partywear , Travel , Puja",Cotton,Handmade,Adda Work And Printed,Salwar Kameez,"Winter , Summer And Spring",Anarkali Kurta With Pant & Dupatta,3/4 Sleeve,Multi-Color,Women,Knee,No,Round Neck,India,https://i.ebayimg.com/images/g/CcAAAOSw2gVnilxF/s-l1600.webp,https://i.ebayimg.com/images/g/TY4AAOSwcf5nilw5/s-l1600.webp,https://i.ebayimg.com/images/g/K20AAOSwjepnilxA/s-l1600.webp,https://i.ebayimg.com/images/g/K~UAAOSwsXtnilw2/s-l1600.webp,https://i.ebayimg.com/images/g/jK8AAOSwcsZnilxE/s-l1600.webp,https://i.ebayimg.com/images/g/MokAAOSwS2JnilxD/s-l1600.webp,https://i.ebayimg.com/images/g/P-YAAOSwLPJnilxE/s-l1600.webp,https://i.ebayimg.com/images/g/2vYAAOSwWeRnilxJ/s-l1600.webp,https://i.ebayimg.com/images/g/Z50AAOSwcV9lsS8K/s-l1600.webp,,,,,,
https://www.ebay.com/itm/355474568685?itmmeta=01JW68R8NRE5X1ATSYN383PTA1&hash=item52c3ef75ed:g:IU4AAOSw7eFl0mh7,Wedding Kurta Pant Dupatta Set - Stylish Bollywood Salwar Suit,US $36.89,New without tags,Yes Fully Stitched,"Wedding , Festival , Partywear , Travel",Cotton,Handmade,No,Salwar Kameez,"Winter , Summer And Spring",Straight Kurta With Pant & Dupatta,3/4 Sleeve,Multi-Color,Women,Knee,Printed And Adda Work,Round Neck,India,https://i.ebayimg.com/images/g/IU4AAOSw7eFl0mh7/s-l1600.webp,https://i.ebayimg.com/images/g/8K8AAOSwiOVl0mhn/s-l1600.webp,https://i.ebayimg.com/images/g/hw0AAOSw8d5l0mh2/s-l1600.webp,https://i.ebayimg.com/images/g/piIAAOSw0iZl0mhq/s-l1600.webp,https://i.ebayimg.com/images/g/Ow8AAOSwdzFl0mhc/s-l1600.webp,https://i.ebayimg.com/images/g/1bEAAOSwAq1l0mhg/s-l1600.webp,https://i.ebayimg.com/images/g/BHkAAOSw9RVl0mid/s-l1600.webp,https://i.ebayimg.com/images/g/JRQAAOSwogRlzMF3/s-l1600.webp,,,,,,,
https://www.ebay.com/itm/356048312383?itmmeta=01JW68R8NR1YJ5KNX2HSHY0F6Z&hash=item52e622183f:g:sF4AAOSwmIxm5qP6,Cotton White Kurta Palazzo Dupatta Set - Festival 3 Piece Dress,US $37.71,New without tags,Yes Fully Stitched,"Wedding , Festival , Partywear , Travel , Puja",Cotton,Handmade,Printed,Salwar Kameez,"Winter , Summer And Spring",Flared Kurta With Pant & Dupatta,3/4 Sleeve,White,Women,Below The Knee,Yes,V Neck,India,https://i.ebayimg.com/images/g/sF4AAOSwmIxm5qP6/s-l1600.webp,https://i.ebayimg.com/images/g/EjQAAOSwG1Nm5qP3/s-l1600.webp,https://i.ebayimg.com/images/g/GDIAAOSwyNVm5qP1/s-l1600.webp,https://i.ebayimg.com/images/g/n~cAAOSwDyhm5qPz/s-l1600.webp,https://i.ebayimg.com/images/g/QlcAAOSwRudm5qPw/s-l1600.webp,https://i.ebayimg.com/images/g/YMwAAOSwk1xm5qPk/s-l1600.webp,https://i.ebayimg.com/images/g/MqgAAOSwaOZm5qPq/s-l1600.webp,https://i.ebayimg.com/images/g/g1kAAOSw0z9m5qPu/s-l1600.webp,https://i.ebayimg.com/images/g/Z50AAOSwcV9lsS8K/s-l1600.webp,,,,,,
https://www.ebay.com/itm/356739078237?itmmeta=01JW68N2RWP1KPPJ6P22PB0TDH&hash=item530f4e585d:g:KAAAAOSwY0Fn8C32,Wedding Sharara Kurta Dupatta Set - Readymade Salwar Kameez,US $36.89,New without tags,Yes Fully Stitched,"Wedding , Festival , Partywear , Travel","Cotton, Chiffon Dupatta",Handmade,No,Salwar Kameez,"Winter , Summer And Spring",Straight Kurta With Sharara & Dupatta,3/4 Sleeve,Please Check Real Image,Women,Knee,Detailing Work And Printed,Round Neck,India,https://i.ebayimg.com/images/g/KAAAAOSwY0Fn8C32/s-l1600.webp,https://i.ebayimg.com/images/g/CvkAAOSwWIRn8C32/s-l1600.webp,https://i.ebayimg.com/images/g/n~sAAOSw-5Rn8C32/s-l1600.webp,https://i.ebayimg.com/images/g/FYUAAOSwbVhn8C4U/s-l1600.webp,https://i.ebayimg.com/images/g/Z50AAOSwcV9lsS8K/s-l1600.webp,,,,,,,,,,
https://www.ebay.com/itm/355413619385?itmmeta=01JW68R8NYA037JAD5HM5F56WG&hash=item52c04d72b9:g:8DwAAOSw9wxls4ao,Bollywood Kurta Palazzo Dupatta Set - Ethnic Festival Dresses,US $36.89,New without tags,Yes Fully Stitched,"Wedding , Festival , Partywear , Travel , Puja","Cotton, Rayon",Handmade,Hand Work,Salwar Kameez,"Winter , Summer And Spring",Straight Kurta With Pant & Dupatta,3/4 Sleeve,Yellow,Women,Knee,No,Round Neck,India,https://i.ebayimg.com/images/g/8DwAAOSw9wxls4ao/s-l1600.webp,https://i.ebayimg.com/images/g/nUkAAOSwy7Rls4al/s-l1600.webp,https://i.ebayimg.com/images/g/63YAAOSwUoZls4am/s-l1600.webp,https://i.ebayimg.com/images/g/1QMAAOSwxitls4aj/s-l1600.webp,https://i.ebayimg.com/images/g/Z50AAOSwcV9lsS8K/s-l1600.webp,,,,,,,,,,
https://www.ebay.com/itm/356854343462?itmmeta=01JW68R8NSC1EKW8S3D8PBY3EM&hash=item53162d2726:g:hvYAAOSwMn1oFetV,Bollywood Party Kurta Palazzo Dupatta Set - Designer Salwar Suit,US $36.89,New without tags,Yes Fully Stitched,"Wedding , Festival , Partywear , Travel","Cotton, Kota Doria Dupatta",Handmade,No,Salwar Kameez,"Winter , Summer And Spring",Long Kurta With Pant & Dupatta,3/4 Sleeve,Multi-Color,Women,Below The Knee (48inch),Embroidery Work,Round Neck,India,https://i.ebayimg.com/images/g/hvYAAOSwMn1oFetV/s-l1600.webp,https://i.ebayimg.com/images/g/6xwAAOSwYDpoFetW/s-l1600.webp,https://i.ebayimg.com/images/g/AiQAAOSwqYFoFetW/s-l1600.webp,https://i.ebayimg.com/images/g/8jkAAOSw2zNoFetT/s-l1600.webp,https://i.ebayimg.com/images/g/TV8AAOSw~F9oFetU/s-l1600.webp,https://i.ebayimg.com/images/g/Z50AAOSwcV9lsS8K/s-l1600.webp,,,,,,,,,
https://www.ebay.com/itm/356499663851?itmmeta=01JW69BT2N614W0EERS43HSA3S&hash=item5301092beb:g:vRQAAOSw33Vnk1dH,Readymade Kurta Palazzo Dupatta Set - Heavy Embroidery Salwar,US $40.99,New without tags,Yes Fully Stitched,"Wedding , Festival , Partywear , Travel",Chinon Silk,Handmade,No,Salwar Kameez,"Winter , Summer And Spring",Straight Kurta With Palazzo & Dupatta,3/4 Sleeve,Pink,Women,Knee (40inch),Embroidery Sequence Work,Round Neck,India,https://i.ebayimg.com/images/g/vRQAAOSw33Vnk1dH/s-l1600.webp,https://i.ebayimg.com/images/g/zAkAAOSworVnk1dC/s-l1600.webp,https://i.ebayimg.com/images/g/nqEAAOSwOi9nk1dC/s-l1600.webp,https://i.ebayimg.com/images/g/-PcAAOSwRphnk1dC/s-l1600.webp,https://i.ebayimg.com/images/g/a7wAAOSwLq5nk1dH/s-l1600.webp,https://i.ebayimg.com/images/g/W5AAAOSwC8lnk1dF/s-l1600.webp,https://i.ebayimg.com/images/g/TAoAAOSwyWFnk1dD/s-l1600.webp,https://i.ebayimg.com/images/g/dIYAAOSwhwFnk1dI/s-l1600.webp,https://i.ebayimg.com/images/g/rtMAAOSwIOtlsS0o/s-l1600.webp,,,,,,
https://www.ebay.com/itm/356691553047?itmmeta=01JW68N2RX8TW5JCAPPN9TMMVH&hash=item530c792b17:g:9fMAAOSwtXBn3Czi,Summer Cotton Kurta Palazzo Dupatta Set - Readymade Salwar Suit,US $36.07,New without tags,Yes Fully Stitched,"Wedding , Festival , Partywear , Travel",Cotton,Handmade,Embroidery & Hand Work And Printed,Round Neck,India,Straight Kurta With Pant & Dupatta,Cut Dori Sleeve,Multi-Color,Women,Knee (45inch),Salwar Kameez,"Winter , Summer And Spring",,https://i.ebayimg.com/images/g/9fMAAOSwtXBn3Czi/s-l1600.webp,https://i.ebayimg.com/images/g/eaMAAOSwVx9n3Czk/s-l1600.webp,https://i.ebayimg.com/images/g/19kAAOSwPK5n3Czk/s-l1600.webp,https://i.ebayimg.com/images/g/7Z4AAOSwtmplsS8H/s-l1600.webp,,,,,,,,,,,
https://www.ebay.com/itm/356654789906?itmmeta=01JW68N2S1RYKSK5SN9ZW9TSNP&hash=item530a483512:g:80kAAOSwlItn0B8z,7XL Plus Size Kurta Palazzo Dupatta Set - Wedding Salwar Kameez,US $38.53,New without tags,Yes Fully Stitched,"Wedding , Festival , Partywear , Travel",Cotton,Handmade,No,Salwar Kameez,"Winter , Summer And Spring",Long Kurta With Pant & Dupatta,3/4 Sleeve,Multi-Color,Women,Below The Knee (46inch),Mirror Hand Adda Work & Printed,Round Neck,India,https://i.ebayimg.com/images/g/80kAAOSwlItn0B8z/s-l1600.webp,https://i.ebayimg.com/images/g/LX8AAOSwJyFn0B81/s-l1600.webp,https://i.ebayimg.com/images/g/obcAAOSwvmxn0B81/s-l1600.webp,https://i.ebayimg.com/images/g/FgMAAOSwOPZn0B8w/s-l1600.webp,https://i.ebayimg.com/images/g/vBwAAOSwXuRn0B81/s-l1600.webp,https://i.ebayimg.com/images/g/-DkAAOSwM7Bn0B81/s-l1600.webp,https://i.ebayimg.com/images/g/rtMAAOSwIOtlsS0o/s-l1600.webp,,,,,,,,
https://www.ebay.com/itm/355781361856?itmmeta=01JW68R8NTMKBWY3Y3XST2K6HV&hash=item52d638c0c0:g:ZB4AAOSw9i5mZuhN,Designer Salwar Kameez - Readymade Palazzo Kurta Set for Women,US $39.35,New without tags,Yes Fully Stitched,"Wedding , Festival , Partywear , Travel",Cotton,Handmade,No,Salwar Kameez,"Winter , Summer And Spring",Flared Kurta With Palazzo & Dupatta,3/4 Sleeve,Green And Yellow,Women,Below The Knee (48inch),Printed And Hand Work,V Neck,India,https://i.ebayimg.com/images/g/ZB4AAOSw9i5mZuhN/s-l1600.webp,https://i.ebayimg.com/images/g/CrkAAOSwJjJmZug4/s-l1600.webp,https://i.ebayimg.com/images/g/jDsAAOSwewNmZuhK/s-l1600.webp,https://i.ebayimg.com/images/g/iXgAAOSw3pZmZuhD/s-l1600.webp,https://i.ebayimg.com/images/g/OgEAAOSwo45mZuhH/s-l1600.webp,https://i.ebayimg.com/images/g/xAsAAOSwx3xmZug1/s-l1600.webp,https://i.ebayimg.com/images/g/9hwAAOSwWJdmZuhQ/s-l1600.webp,https://i.ebayimg.com/images/g/Z50AAOSwcV9lsS8K/s-l1600.webp,https://i.ebayimg.com/images/g/c-wAAOSwJcBmZuhL/s-l1600.webp,https://i.ebayimg.com/images/g/aooAAOSwh7pmZuhV/s-l1600.webp,,,,,
https://www.ebay.com/itm/356543120768?itmmeta=01JW68R8NTSM1PHVJ80EH6MVBW&hash=item5303a04580:g:YQcAAOSw0gZnpbQL,Bollywood Party Salwar Kameez - Readymade Kurta Palazzo Dupatta,US $50.83,New without tags,Yes Fully Stitched,"Wedding , Festival , Partywear , Travel",Georgette,Handmade,No,Salwar Kameez,"Winter , Summer And Spring",Straight Kurta With Palazzo & Dupatta,3/4 Sleeve,Black,Women,Above The Knee ( 35inch),Heavy Embroidery Work,Round Neck,India,https://i.ebayimg.com/images/g/YQcAAOSw0gZnpbQL/s-l1600.webp,https://i.ebayimg.com/images/g/qrMAAOSwBohnpbQU/s-l1600.webp,https://i.ebayimg.com/images/g/4ZsAAOSwbQlnpbQR/s-l1600.webp,https://i.ebayimg.com/images/g/4SkAAOSwAKlnpbQQ/s-l1600.webp,https://i.ebayimg.com/images/g/rtMAAOSwIOtlsS0o/s-l1600.webp,,,,,,,,,,
https://www.ebay.com/itm/356781378019?itmmeta=01JW69BT2NC58MMDTBNR1BMFFM&hash=item5311d3c9e3:g:HuAAAOSw0h1n~iVT,Black Palazzo Kurta Dupatta Set - 3 Piece Wedding Wear Dress,US $37.71,New without tags,Yes Fully Stitched,"Wedding , Festival , Partywear , Travel",Cotton,Handmade,Embroidery Work And Printed Dupatta,Round Neck,India,Straight Kurta With Pant & Dupatta,3/4 Sleeve,Black,Women,Knee,Salwar Kameez,"Winter , Summer And Spring",,https://i.ebayimg.com/images/g/HuAAAOSw0h1n~iVT/s-l1600.webp,https://i.ebayimg.com/images/g/lXsAAOSw2L9n~iVS/s-l1600.webp,https://i.ebayimg.com/images/g/9ZcAAOSwuWln~iVS/s-l1600.webp,https://i.ebayimg.com/images/g/dE0AAOSw3hRn~iVT/s-l1600.webp,https://i.ebayimg.com/images/g/zlMAAOSwaadn~iVT/s-l1600.webp,https://i.ebayimg.com/images/g/SDQAAOSw65xn~iVT/s-l1600.webp,https://i.ebayimg.com/images/g/xcIAAOSwHB1n~iVu/s-l1600.webp,https://i.ebayimg.com/images/g/LewAAOSw8apn~iVR/s-l1600.webp,https://i.ebayimg.com/images/g/7Z4AAOSwtmplsS8H/s-l1600.webp,,,,,,
https://www.ebay.com/itm/355492113541?itmmeta=01JW69BT2R6RBXJDZZDBKW9MGD&hash=item52c4fb2c85:g:lU8AAOSwb8Vl230x,White Anarkali Kurta Kurti Set - Hand Printed Pant Suit Set,US $36.07,New without tags,Yes Fully Stitched,"Wedding , Festival , Partywear , Travel",Cotton,Handmade,Printed,V Neck,India,Flared Kurta With Pant & Dupatta,3/4 Sleeve,White,Women,Below The Knee (48inch),Salwar Kameez,"Winter , Summer And Spring",,https://i.ebayimg.com/images/g/lU8AAOSwb8Vl230x/s-l1600.webp,https://i.ebayimg.com/images/g/9AIAAOSwTjVl231C/s-l1600.webp,https://i.ebayimg.com/images/g/TYIAAOSwIctl231H/s-l1600.webp,https://i.ebayimg.com/images/g/yyIAAOSwj0ll231F/s-l1600.webp,https://i.ebayimg.com/images/g/zwIAAOSwaF5l230z/s-l1600.webp,https://i.ebayimg.com/images/g/yhQAAOSwjr9l231A/s-l1600.webp,https://i.ebayimg.com/images/g/ouYAAOSw2kBl2309/s-l1600.webp,https://i.ebayimg.com/images/g/omMAAOSwXhVl231u/s-l1600.webp,https://i.ebayimg.com/images/g/7Z4AAOSwtmplsS8H/s-l1600.webp,,,,,,
https://www.ebay.com/itm/356454440971?itmmeta=01JW69BT2R0B4RDGP80KPCMCVD&hash=item52fe57200b:g:bxYAAOSwYLxngSOe,Pakistani Embroidered Salwar Kameez - Kurta Pant Dupatta Combo,US $36.89,New with tags,Yes Fully Stitched,"Wedding , Festival , Partywear , Travel",Cotton,Handmade,No,Salwar Kameez,"Winter , Summer And Spring",Straight Kurta With Pant & Dupatta,3/4 Sleeve,Blue,Women,Knee,Embroidery Work,Round Neck,India,https://i.ebayimg.com/images/g/bxYAAOSwYLxngSOe/s-l1600.webp,https://i.ebayimg.com/images/g/gPYAAOSw4MFngSOe/s-l1600.webp,https://i.ebayimg.com/images/g/rmAAAOSwPlNngSOe/s-l1600.webp,https://i.ebayimg.com/images/g/AC8AAOSwv8BngSOf/s-l1600.webp,https://i.ebayimg.com/images/g/GgEAAOSwfTtngSOk/s-l1600.webp,https://i.ebayimg.com/images/g/hyUAAOSwQ6NngSOo/s-l1600.webp,https://i.ebayimg.com/images/g/Z50AAOSwcV9lsS8K/s-l1600.webp,,,,,,,,
https://www.ebay.com/itm/355980118017?itmmeta=01JW68R8NWYWYF2C7XXPRN8J1K&hash=item52e2118801:g:0vAAAOSwe4JmyM~N,Diwali Festival Anarkali Kurta Pant Dupatta Set - Salwar Kameez,US $53.29,New without tags,Yes Fully Stitched,"Wedding , Festival , Partywear , Travel",Chinon Silk,Handmade,No,Salwar Kameez,"Winter , Summer And Spring",Flared Kurta With Pant & Dupatta,Full Sleeve,Green,Women,Full (52inch),Embroidery Sequence Work,Round Neck,India,https://i.ebayimg.com/images/g/0vAAAOSwe4JmyM~N/s-l1600.webp,https://i.ebayimg.com/images/g/48AAAOSwMMRmyM~L/s-l1600.webp,https://i.ebayimg.com/images/g/i14AAOSwteFmyM~G/s-l1600.webp,https://i.ebayimg.com/images/g/qZIAAOSwiMBmyM~I/s-l1600.webp,https://i.ebayimg.com/images/g/rtMAAOSwIOtlsS0o/s-l1600.webp,,,,,,,,,,
https://www.ebay.com/itm/356735227852?itmmeta=01JW68R8NXZC9VQBYAJ6V3T2V9&hash=item530f1397cc:g:gpMAAOSw3qBn7obD,Cotton Slub Mehendi Green Kurta with Pant - 2 Piece Readymade,US $35.25,New without tags,Yes Fully Stitched,"Wedding , Festival , Partywear , Travel",Cotton,Handmade,No,Salwar Kameez,"Winter , Summer And Spring",Straight Kurta With Pant,3/4 Sleeve,Green,Women,Below The Knee,Embroidery Work,Round Neck,India,https://i.ebayimg.com/images/g/gpMAAOSw3qBn7obD/s-l1600.webp,https://i.ebayimg.com/images/g/I8wAAOSwvnRn7obC/s-l1600.webp,https://i.ebayimg.com/images/g/scYAAOSwEC1n7obF/s-l1600.webp,https://i.ebayimg.com/images/g/gzsAAOSwQuhn7obE/s-l1600.webp,https://i.ebayimg.com/images/g/Z50AAOSwcV9lsS8K/s-l1600.webp,,,,,,,,,,
https://www.ebay.com/itm/356308812785?itmmeta=01JW68N2RXEH555JJWJETP37FA&hash=item52f5a903f1:g:CpQAAOSwJENnRhdy,Stitched Kurta Palazzo Dupatta Set - Designer Readymade Salwar,US $37.71,New without tags,Yes Fully Stitched,"Wedding , Festival , Partywear , Travel","Cotton, Net Dupatta",Handmade,No,Salwar Kameez,"Winter , Summer And Spring",Straight Kurta With Pant & Dupatta,3/4 Sleeve,Green,Women,Knee,Embroidery Work,V Neck,India,https://i.ebayimg.com/images/g/CpQAAOSwJENnRhdy/s-l1600.webp,https://i.ebayimg.com/images/g/l0UAAOSw~uZnRhdz/s-l1600.webp,https://i.ebayimg.com/images/g/534AAOSwxApnRhdv/s-l1600.webp,https://i.ebayimg.com/images/g/S~cAAOSw4J5nRhdv/s-l1600.webp,https://i.ebayimg.com/images/g/x3MAAOSwigZnRhd0/s-l1600.webp,https://i.ebayimg.com/images/g/pLIAAOSwPTVnRhd1/s-l1600.webp,https://i.ebayimg.com/images/g/Z50AAOSwcV9lsS8K/s-l1600.webp,,,,,,,,
https://www.ebay.com/itm/356284204797?itmmeta=01JW68N2RXCVYEAZRR7DF7E95V&hash=item52f43186fd:g:NREAAOSwLURnPfwH,Wedding Kurta Palazzo Dupatta Set - Readymade Kurti Pant Sets,US $45.09,New without tags,Yes Fully Stitched,"Wedding , Festival , Partywear , Travel",Georgette,Handmade,No,Salwar Kameez,"Winter , Summer And Spring",Straight Kurta With Pant & Dupatta,3/4 Sleeve,Blue,Women,Knee,Embroidery Sequence Work,Round Neck,India,https://i.ebayimg.com/images/g/NREAAOSwLURnPfwH/s-l1600.webp,https://i.ebayimg.com/images/g/vYcAAOSwc3lnPfwv/s-l1600.webp,https://i.ebayimg.com/images/g/0aoAAOSwnX1nPfwD/s-l1600.webp,https://i.ebayimg.com/images/g/9vMAAOSw35xnPfwD/s-l1600.webp,https://i.ebayimg.com/images/g/rtMAAOSwIOtlsS0o/s-l1600.webp,,,,,,,,,,
https://www.ebay.com/itm/356637661315?itmmeta=01JW68N2RZB5J00QSP78CHX0D9&hash=item530942d883:g:fl8AAOSwc99nyLau,Women Palazzo Kurta Set - Cotton Readymade Salwar Kameez Gift,US $36.89,New without tags,Yes Fully Stitched,"Wedding , Festival , Partywear , Travel , Puja",Cotton,Handmade,Adda and Embroidery Work,Salwar Kameez,"Winter , Summer And Spring",Anarkali Kurta With Pant & Dupatta,3/4 Sleeve,Multi-Color,Women,Below The Knee (48inch),No,V Neck,India,https://i.ebayimg.com/images/g/fl8AAOSwc99nyLau/s-l1600.webp,https://i.ebayimg.com/images/g/GwQAAOSwX~ZnyLau/s-l1600.webp,https://i.ebayimg.com/images/g/~78AAOSwo0RnyLau/s-l1600.webp,https://i.ebayimg.com/images/g/Ex8AAOSw-itnyLau/s-l1600.webp,https://i.ebayimg.com/images/g/ICgAAOSwIn1nyLay/s-l1600.webp,https://i.ebayimg.com/images/g/P6gAAOSwXuxnyLav/s-l1600.webp,https://i.ebayimg.com/images/g/Z50AAOSwcV9lsS8K/s-l1600.webp,,,,,,,,
https://www.ebay.com/itm/356648000777?itmmeta=01JW68N2S3NACK7ZE63NC93FPC&hash=item5309e09d09:g:OW0AAOSwEIFnzTyV,Premium Chinon Silk Kurta Palazzo Dupatta Set - Readymade Salwar,US $46.73,New without tags,Yes Fully Stitched,"Wedding , Festival , Partywear , Travel",Chinon Silk,Handmade,No,Salwar Kameez,"Winter , Summer And Spring",Straight Kurta With Palazzo & Dupatta,3/4 Sleeve,White,Women,Knee (39inch),Embroidery Sequence Work,Round Neck,India,https://i.ebayimg.com/images/g/OW0AAOSwEIFnzTyV/s-l1600.webp,https://i.ebayimg.com/images/g/qYkAAOSwQ7FnzTyQ/s-l1600.webp,https://i.ebayimg.com/images/g/~uUAAOSwAmlnzTyR/s-l1600.webp,https://i.ebayimg.com/images/g/PPwAAOSwIA5nzTyR/s-l1600.webp,https://i.ebayimg.com/images/g/rtMAAOSwIOtlsS0o/s-l1600.webp,,,,,,,,,,
https://www.ebay.com/itm/356462474843?itmmeta=01JW68R8NRRCBEHTZZCBTXVJ1P&hash=item52fed1b65b:g:arsAAOSwAWZnhIng,Premium Muslin Kurta Palazzo Dupatta Set - Eid Festival Salwar,US $39.35,New without tags,Yes Fully Stitched,"Wedding , Festival , Partywear , Travel",Muslin,Handmade,No,Salwar Kameez,"Winter , Summer And Spring",Straight Kurta With Palazzo & Dupatta,3/4 Sleeve,Multi-Color,Women,Knee,Hand Embroidery Work And Printed,Round Neck,India,https://i.ebayimg.com/images/g/arsAAOSwAWZnhIng/s-l1600.webp,https://i.ebayimg.com/images/g/7UAAAOSw5Y5nhInh/s-l1600.webp,https://i.ebayimg.com/images/g/qjAAAOSw029nhImZ/s-l1600.webp,https://i.ebayimg.com/images/g/eMQAAOSw2RVnhImc/s-l1600.webp,https://i.ebayimg.com/images/g/xuEAAOSwg7ZnhImt/s-l1600.webp,https://i.ebayimg.com/images/g/KEUAAOSwJpdnhImV/s-l1600.webp,https://i.ebayimg.com/images/g/~XoAAOSwp2dnhIme/s-l1600.webp,https://i.ebayimg.com/images/g/P-sAAOSwYQpnhImi/s-l1600.webp,https://i.ebayimg.com/images/g/k0IAAOSwVYJnhImY/s-l1600.webp,https://i.ebayimg.com/images/g/A1AAAOSwC~xnhIm1/s-l1600.webp,https://i.ebayimg.com/images/g/nFsAAOSwdolnhImw/s-l1600.webp,https://i.ebayimg.com/images/g/8-YAAOSwJ9ZnhIm1/s-l1600.webp,https://i.ebayimg.com/images/g/HPIAAOSw17RnhIm2/s-l1600.webp,https://i.ebayimg.com/images/g/vRkAAOSwNKBnhImv/s-l1600.webp,https://i.ebayimg.com/images/g/rtMAAOSwIOtlsS0o/s-l1600.webp
https://www.ebay.com/itm/356048210366?itmmeta=01JW68N2S1V7KDH2DP0BJTBJAZ&hash=item52e62089be:g:ecwAAOSwz3lm5pb6,Women Kurta Palazzo Dupatta Set - Designer Readymade Salwar,US $38.53,New without tags,Yes Fully Stitched,"Wedding , Festival , Partywear , Travel , Puja",Cotton,Handmade,Embroidery Work,Salwar Kameez,"Winter , Summer And Spring",Flared Kurta With Pant & Dupatta,3/4 Sleeve,Red,Women,Knee,Yes,V Neck,India,https://i.ebayimg.com/images/g/ecwAAOSwz3lm5pb6/s-l1600.webp,https://i.ebayimg.com/images/g/810AAOSw8jdm5pb2/s-l1600.webp,https://i.ebayimg.com/images/g/Y2cAAOSwNzpm5pb9/s-l1600.webp,https://i.ebayimg.com/images/g/Lg0AAOSwey5m5pby/s-l1600.webp,https://i.ebayimg.com/images/g/-yEAAOSwHL9m5pbu/s-l1600.webp,https://i.ebayimg.com/images/g/7y4AAOSw9u9m5poI/s-l1600.webp,https://i.ebayimg.com/images/g/Z50AAOSwcV9lsS8K/s-l1600.webp,,,,,,,,
https://www.ebay.com/itm/355979263884?itmmeta=01JW69BT2PCJ35J41000CVGX90&hash=item52e2047f8c:g:qU8AAOSw71hmyFxR,Wedding Partywear Kurta Dupatta Set - Readymade Salwar Kameez,US $53.29,New without tags,Yes Fully Stitched,"Wedding , Festival , Partywear , Travel",Georgette,Handmade,No,Salwar Kameez,"Winter , Summer And Spring",Flared Kurta & Dupatta,3/4 Sleeve,Multi-Color,Women,Full (56inch),Embroidery Sequence Work,Round Neck,India,https://i.ebayimg.com/images/g/qU8AAOSw71hmyFxR/s-l1600.webp,https://i.ebayimg.com/images/g/62AAAOSwmLFmyFxA/s-l1600.webp,https://i.ebayimg.com/images/g/MacAAOSwNeNmyFxM/s-l1600.webp,https://i.ebayimg.com/images/g/-yMAAOSw-URmyFw0/s-l1600.webp,https://i.ebayimg.com/images/g/988AAOSwahpmyFw4/s-l1600.webp,https://i.ebayimg.com/images/g/SqQAAOSwCDRmyFw8/s-l1600.webp,https://i.ebayimg.com/images/g/rtMAAOSwIOtlsS0o/s-l1600.webp,,,,,,,,
https://www.ebay.com/itm/356572095963?itmmeta=01JW69BT2MRD170Q4YA9C6BP8E&hash=item53055a65db:g:7hsAAOSwrBRnr0D-,Pakistani Bollywood Kurti Set - Designer Palazzo Kurta Salwar,US $36.89,New without tags,Yes Fully Stitched,"Wedding , Festival , Partywear , Travel , Puja",Cotton,Handmade,Embroidery Work,Salwar Kameez,"Winter , Summer And Spring",Flared Anarkali Kurta With Pant & Dupatta,3/4 Sleeve,Brown,Women,Knee,No,V Neck,India,https://i.ebayimg.com/images/g/7hsAAOSwrBRnr0D-/s-l1600.webp,https://i.ebayimg.com/images/g/hgcAAOSwiRpnr0D~/s-l1600.webp,https://i.ebayimg.com/images/g/fF0AAOSwsatnr0D-/s-l1600.webp,https://i.ebayimg.com/images/g/aWUAAOSwpalnr0ED/s-l1600.webp,https://i.ebayimg.com/images/g/Z50AAOSwcV9lsS8K/s-l1600.webp,,,,,,,,,,
https://www.ebay.com/itm/355992827659?itmmeta=01JW68R8NWAN472C15RK3P5AVY&hash=item52e2d3770b:g:opUAAOSwHdtmz4Ln,Festival Mirror Work Kurta Palazzo Dupatta Set - Salwar Kameez,US $45.91,New without tags,Yes Fully Stitched,"Wedding , Festival , Partywear , Travel",Chinon Silk,Handmade,No,Salwar Kameez,"Winter , Summer And Spring",Straight Kurta With Sharara & Dupatta,3/4 Sleeve,Pink,Women,Knee (46 inch),"Embroidery Sequence Work , Mirror Hand Work",Round Neck,India,https://i.ebayimg.com/images/g/opUAAOSwHdtmz4Ln/s-l1600.webp,https://i.ebayimg.com/images/g/Q5AAAOSwoPRmz4Lk/s-l1600.webp,https://i.ebayimg.com/images/g/yjwAAOSwyPRmz4Lh/s-l1600.webp,https://i.ebayimg.com/images/g/Y2IAAOSwhoxmz4Lf/s-l1600.webp,https://i.ebayimg.com/images/g/rtMAAOSwIOtlsS0o/s-l1600.webp,,,,,,,,,,
https://www.ebay.com/itm/356124992212?itmmeta=01JW68N2RV86D9K2CT5637PSBS&hash=item52eab422d4:g:oFQAAOSw~0RnBAXh,Festival Kurta Palazzo Dupatta Set - Plus Size 7XL Salwar Suit,US $45.09,New without tags,Yes Fully Stitched,"Wedding , Festival , Partywear , Travel","Rayon, Silk Dupatta, Chinoc Silk",Handmade,Embroidery Work And Gold Printed,Round Neck,India,Straight Kurta With Pant & Dupatta,3/4 Sleeve,"Yellow, Blue And Orange",Women,Knee (42inch),Salwar Kameez,"Winter , Summer And Spring",,https://i.ebayimg.com/images/g/oFQAAOSw~0RnBAXh/s-l1600.webp,https://i.ebayimg.com/images/g/R9QAAOSwJOFnBAXg/s-l1600.webp,https://i.ebayimg.com/images/g/HMIAAOSwNT1nBAYC/s-l1600.webp,https://i.ebayimg.com/images/g/BYAAAOSwJxxnBAXc/s-l1600.webp,https://i.ebayimg.com/images/g/aWEAAOSwpcZnBAYP/s-l1600.webp,https://i.ebayimg.com/images/g/kJ0AAOSwpRlnBAXZ/s-l1600.webp,https://i.ebayimg.com/images/g/Z3UAAOSwhytnBAXW/s-l1600.webp,https://i.ebayimg.com/images/g/6XsAAOSwhG5nBAYa/s-l1600.webp,https://i.ebayimg.com/images/g/MfQAAOSwy-RnBAXU/s-l1600.webp,https://i.ebayimg.com/images/g/7Z4AAOSwtmplsS8H/s-l1600.webp,https://i.ebayimg.com/images/g/n6cAAOSw-tdnBAXa/s-l1600.webp,https://i.ebayimg.com/images/g/2f0AAOSwvM1nBAXe/s-l1600.webp,https://i.ebayimg.com/images/g/F7wAAOSwJiZnBAXj/s-l1600.webp,,
https://www.ebay.com/itm/356633807068?itmmeta=01JW68N2S2PEHZCNXJ80W6MHJT&hash=item53090808dc:g:MWEAAOSwbmtnxwkO,Festival Kurta Palazzo Dupatta Set - Designer Salwar Kameez,US $36.89,New without tags,Yes Fully Stitched,"Wedding , Festival , Partywear , Travel",Cotton,Handmade,Jerry Work And Printed,V Neck,India,Anarkali Kurta With Pant & Dupatta,3/4 Sleeve,Yellow,Women,Below The Knee (48inch),Salwar Kameez,"Winter , Summer And Spring",,https://i.ebayimg.com/images/g/MWEAAOSwbmtnxwkO/s-l1600.webp,https://i.ebayimg.com/images/g/F-4AAOSwHH5nxwkM/s-l1600.webp,https://i.ebayimg.com/images/g/LFwAAOSwdMpnxwkM/s-l1600.webp,https://i.ebayimg.com/images/g/gJoAAOSw6jlnxwkN/s-l1600.webp,https://i.ebayimg.com/images/g/UPcAAOSwcHpnxwkN/s-l1600.webp,https://i.ebayimg.com/images/g/bIYAAOSwclFnxwkz/s-l1600.webp,https://i.ebayimg.com/images/g/7Z4AAOSwtmplsS8H/s-l1600.webp,,,,,,,,
https://www.ebay.com/itm/356647967923?itmmeta=01JW68R8NR7T9VZ5H9E2EJYEAE&hash=item5309e01cb3:g:d5YAAOSwunVnzTgv,White Salwar Kameez - Readymade Bollywood Kurta Palazzo Dupatta,US $47.55,New without tags,Yes Fully Stitched,"Wedding , Festival , Partywear , Travel",Chinon Silk,Handmade,No,Salwar Kameez,"Winter , Summer And Spring",Straight Kurta With Palazzo & Dupatta,3/4 Sleeve,White,Women,Knee,Embroidery Sequence Work,Round Neck,India,https://i.ebayimg.com/images/g/d5YAAOSwunVnzTgv/s-l1600.webp,https://i.ebayimg.com/images/g/x4kAAOSwnPFnzTgv/s-l1600.webp,https://i.ebayimg.com/images/g/DqEAAOSw3NRnzTgv/s-l1600.webp,https://i.ebayimg.com/images/g/rtMAAOSwIOtlsS0o/s-l1600.webp,,,,,,,,,,,
https://www.ebay.com/itm/356728975563?itmmeta=01JW68R8NRHZF3NAE68AVJVVA5&hash=item530eb430cb:g:SxMAAOSwf4Rn7BNE,Pakistani Embroidered Salwar Kameez - Readymade Kurta Pant Set,US $35.25,New without tags,Yes Fully Stitched,"Wedding , Festival , Partywear , Travel",Cotton,Handmade,No,Salwar Kameez,"Winter , Summer And Spring",Short Flared Kurta With Pant,3/4 Sleeve,White,Women,Below The Knee,Embroidery Work,Round Neck,India,https://i.ebayimg.com/images/g/SxMAAOSwf4Rn7BNE/s-l1600.webp,https://i.ebayimg.com/images/g/dBgAAOSw7SVn7BNF/s-l1600.webp,https://i.ebayimg.com/images/g/SyAAAOSwLkVn7BNF/s-l1600.webp,https://i.ebayimg.com/images/g/M84AAOSwTiRn7BNF/s-l1600.webp,https://i.ebayimg.com/images/g/XvoAAOSwdyhn7BNF/s-l1600.webp,https://i.ebayimg.com/images/g/YWoAAOSwmDVn7BNF/s-l1600.webp,https://i.ebayimg.com/images/g/Z50AAOSwcV9lsS8K/s-l1600.webp,,,,,,,,
https://www.ebay.com/itm/355432738068?itmmeta=01JW68N2S21916HJA2F76Z85MB&hash=item52c1712d14:g:Kk8AAOSwYoFlvKal,Flared Anarkali Kurta Pant with Dupatta Set - Bollywood Dress,US $37.71,New without tags,Yes Fully Stitched,"Wedding , Festival , Partywear , Travel , Puja","Rayon, Nazmin",Handmade,Printed And Lace Work,Salwar Kameez,"Winter , Summer And Spring",Kurta With Pant & Dupatta,3/4 Sleeve,Red,Women,Below The Knee,No,V Neck,India,https://i.ebayimg.com/images/g/Kk8AAOSwYoFlvKal/s-l1600.webp,https://i.ebayimg.com/images/g/PsgAAOSwcExlvKap/s-l1600.webp,https://i.ebayimg.com/images/g/NRMAAOSwMcBlvKai/s-l1600.webp,https://i.ebayimg.com/images/g/sJUAAOSwC5tlvKaf/s-l1600.webp,https://i.ebayimg.com/images/g/ra0AAOSwZfVlvKac/s-l1600.webp,https://i.ebayimg.com/images/g/qggAAOSwg1tlvKaa/s-l1600.webp,https://i.ebayimg.com/images/g/Z50AAOSwcV9lsS8K/s-l1600.webp,,,,,,,,
https://www.ebay.com/itm/356675595205?itmmeta=01JW68N2RXWY5CA5RMWDK51XF8&hash=item530b85abc5:g:YiMAAOSwl0Fn1v52,Wedding Kurta Palazzo Dupatta Set - Readymade Salwar Kameez,US $40.17,New without tags,Yes Fully Stitched,"Wedding , Festival , Partywear , Travel",JACQUARD,Handmade,Embroidery Work,Round Neck,India,Straight Kurta With Pant & Dupatta,3/4 Sleeve,Multi-Color,Women,Knee,Salwar Kameez,"Winter , Summer And Spring",,https://i.ebayimg.com/images/g/YiMAAOSwl0Fn1v52/s-l1600.webp,https://i.ebayimg.com/images/g/ae0AAOSwT0Bn1v51/s-l1600.webp,https://i.ebayimg.com/images/g/ubIAAOSwDbxn1v50/s-l1600.webp,https://i.ebayimg.com/images/g/l2EAAOSwy~Zn1v51/s-l1600.webp,https://i.ebayimg.com/images/g/bdkAAOSwG15n1v53/s-l1600.webp,https://i.ebayimg.com/images/g/WBMAAOSwPSRn1v54/s-l1600.webp,https://i.ebayimg.com/images/g/lf4AAOSwFLFn1v55/s-l1600.webp,https://i.ebayimg.com/images/g/T2UAAOSwUSpn1v54/s-l1600.webp,https://i.ebayimg.com/images/g/7Z4AAOSwtmplsS8H/s-l1600.webp,,,,,,
https://www.ebay.com/itm/356045739223?itmmeta=01JW68N2S1R9FNY2H1Z3Y0PZ5Z&hash=item52e5fad4d7:g:G0kAAOSwCmRm5aeE,Readymade Kurta Patiala Dupatta Set - Festival Salwar Kameez,US $53.29,New without tags,Yes Fully Stitched,"Wedding , Festival , Partywear , Travel",Chinon Silk,Handmade,No,Salwar Kameez,"Winter , Summer And Spring",Straight Kurta With Patiala & Dupatta,3/4 Sleeve,Red And Purple,Women,Above The Knee ( 31inch),Embroidery Sequence Work,Round Neck,India,https://i.ebayimg.com/images/g/G0kAAOSwCmRm5aeE/s-l1600.webp,https://i.ebayimg.com/images/g/~3oAAOSw0kBm5adm/s-l1600.webp,https://i.ebayimg.com/images/g/KUIAAOSwTMJm5ad7/s-l1600.webp,https://i.ebayimg.com/images/g/vSEAAOSwuJJm5adU/s-l1600.webp,https://i.ebayimg.com/images/g/WCUAAOSw45Zm5adZ/s-l1600.webp,https://i.ebayimg.com/images/g/rRAAAOSwKoFm5ad-/s-l1600.webp,https://i.ebayimg.com/images/g/pzwAAOSwxXdm5adw/s-l1600.webp,https://i.ebayimg.com/images/g/rtMAAOSwIOtlsS0o/s-l1600.webp,https://i.ebayimg.com/images/g/9SEAAOSwb7Fm5adf/s-l1600.webp,https://i.ebayimg.com/images/g/3TEAAOSweFBm5adr/s-l1600.webp,,,,,
https://www.ebay.com/itm/356099117215?itmmeta=01JW68N2RW0RPC5QQ7R70J7E7A&hash=item52e929509f:g:NpAAAOSws3tm-TRX,Red Salwar Kameez - Readymade Wedding Kurta Palazzo Set,US $41.81,New without tags,Yes Fully Stitched,"Wedding , Festival , Partywear , Travel , Puja",Silk,Handmade,Hand Work And Mirror Work,Salwar Kameez,"Winter , Summer And Spring",Straight Kurta With Pant & Dupatta,3/4 Sleeve,Red,Women,Knee,Yes,Round Neck,India,https://i.ebayimg.com/images/g/NpAAAOSws3tm-TRX/s-l1600.webp,https://i.ebayimg.com/images/g/uT4AAOSwkfRm-TSJ/s-l1600.webp,https://i.ebayimg.com/images/g/udQAAOSwA~Zm-TRu/s-l1600.webp,https://i.ebayimg.com/images/g/1CAAAOSw1-hm-TPc/s-l1600.webp,https://i.ebayimg.com/images/g/kXAAAOSwfYRm-TPg/s-l1600.webp,https://i.ebayimg.com/images/g/cXEAAOSwtodm-TPj/s-l1600.webp,https://i.ebayimg.com/images/g/xQkAAOSwXB1m-TPw/s-l1600.webp,https://i.ebayimg.com/images/g/Z50AAOSwcV9lsS8K/s-l1600.webp,,,,,,,
https://www.ebay.com/itm/356828515342?itmmeta=01JW68N2S1H1Z10EQ35HGH00ZM&hash=item5314a30c0e:g:duIAAOSwOShoDK9i,Bollywood Party Kurta Palazzo Dupatta Set - Designer Salwar Suit,US $36.89,New without tags,Yes Fully Stitched,"Wedding , Festival , Partywear , Travel",Cotton,Handmade,No,Salwar Kameez,"Winter , Summer And Spring",Straight Kurta With Palazzo & Dupatta,3/4 Sleeve,Purple,Women,Knee (46 inch),Printed,V Neck,India,https://i.ebayimg.com/images/g/duIAAOSwOShoDK9i/s-l1600.webp,https://i.ebayimg.com/images/g/KCYAAOSwhnVoDK9g/s-l1600.webp,https://i.ebayimg.com/images/g/jHYAAOSwasBoDK9g/s-l1600.webp,https://i.ebayimg.com/images/g/0YsAAOSwu59oDK9e/s-l1600.webp,https://i.ebayimg.com/images/g/GZMAAOSw5g9oDK9h/s-l1600.webp,https://i.ebayimg.com/images/g/Z50AAOSwcV9lsS8K/s-l1600.webp,,,,,,,,,
https://www.ebay.com/itm/356518600478?itmmeta=01JW68R8NY925PWNK5NYTMFAKX&hash=item53022a1f1e:g:3dsAAOSwMUdnm3gh,Eid Festival Kurta Palazzo Dupatta Set - 3 Piece Wedding Combo,US $36.89,New without tags,Yes Fully Stitched,"Wedding , Festival , Partywear , Travel",Cotton,Handmade,Embroidery Work,V Neck,India,Flared Kurta With Pant & Dupatta,3/4 Sleeve,Green,Women,Below The Knee (46inch),Salwar Kameez,"Winter , Summer And Spring",,https://i.ebayimg.com/images/g/3dsAAOSwMUdnm3gh/s-l1600.webp,https://i.ebayimg.com/images/g/8v0AAOSwyPhnm3gi/s-l1600.webp,https://i.ebayimg.com/images/g/eh8AAOSwHrBnm3gh/s-l1600.webp,https://i.ebayimg.com/images/g/1OEAAOSw3E1nm3gi/s-l1600.webp,https://i.ebayimg.com/images/g/XyEAAOSwJTZnm3gj/s-l1600.webp,https://i.ebayimg.com/images/g/cbYAAOSwXxZnm3gk/s-l1600.webp,https://i.ebayimg.com/images/g/8OwAAOSwZjBnm3gf/s-l1600.webp,https://i.ebayimg.com/images/g/7Z4AAOSwtmplsS8H/s-l1600.webp,,,,,,,
https://www.ebay.com/itm/355454101108?itmmeta=01JW68N2S37G9K3XH0S6VXEHDA&hash=item52c2b72674:g:GIEAAOSwBuZlx5LO,Diwali Festival Kurta Palazzo Set - Readymade Salwar Kameez,US $37.71,New without tags,Yes Fully Stitched,"Wedding , Festival , Partywear , Travel",Rayon,Handmade,No,Salwar Kameez,"Winter , Summer And Spring",Straight Side Cut Kurta With Pant & Dupatta,3/4 Sleeve,Green,Women,Knee,Hand Work And Printed,Round Neck,India,https://i.ebayimg.com/images/g/GIEAAOSwBuZlx5LO/s-l1600.webp,https://i.ebayimg.com/images/g/sfIAAOSwga9lx5LM/s-l1600.webp,https://i.ebayimg.com/images/g/ZqsAAOSwwL1lx5LQ/s-l1600.webp,https://i.ebayimg.com/images/g/~AwAAOSw3Ttlx5LJ/s-l1600.webp,https://i.ebayimg.com/images/g/qmkAAOSwgZxlx5LT/s-l1600.webp,https://i.ebayimg.com/images/g/L-AAAOSwWM9lx5LH/s-l1600.webp,https://i.ebayimg.com/images/g/Z50AAOSwcV9lsS8K/s-l1600.webp,,,,,,,,
https://www.ebay.com/itm/356596160917?itmmeta=01JW68R8NWJ2S6F6C6E9HXQPC4&hash=item5306c99995:g:UGIAAOSwY~9nuIV-,Stitched Kurta Palazzo Dupatta Set - 3 Piece Salwar Kameez Combo,US $36.89,New with tags,Yes Fully Stitched,"Wedding , Festival , Partywear , Travel",Cotton,Handmade,No,Salwar Kameez,"Winter , Summer And Spring",Straight Kurta With Pant & Dupatta,3/4 Sleeve,Please check real image for color,Women,Knee,Bunaai Adda Work,Round Neck,India,https://i.ebayimg.com/images/g/UGIAAOSwY~9nuIV-/s-l1600.webp,https://i.ebayimg.com/images/g/XBMAAOSwlgJnuIWC/s-l1600.webp,https://i.ebayimg.com/images/g/7ugAAOSwKG9nuIV-/s-l1600.webp,https://i.ebayimg.com/images/g/VekAAOSwo~tnuIWA/s-l1600.webp,https://i.ebayimg.com/images/g/KvQAAOSwx8NnuIV-/s-l1600.webp,https://i.ebayimg.com/images/g/4P4AAOSwxp1nuIWA/s-l1600.webp,https://i.ebayimg.com/images/g/7UAAAOSwT-RnuIWB/s-l1600.webp,https://i.ebayimg.com/images/g/0scAAOSwRxxnuIWB/s-l1600.webp,https://i.ebayimg.com/images/g/MQUAAOSwjs1nuIV-/s-l1600.webp,https://i.ebayimg.com/images/g/Z50AAOSwcV9lsS8K/s-l1600.webp,,,,,
https://www.ebay.com/itm/356960531312?itmmeta=01JW68N2RVA1EZS2QCT1CPZ2QD&hash=item531c817370:g:jogAAOSwwiVoMezC,Readymade Palazzo Kurta Dupatta Set - Designer Salwar Kameez,US $38.53,New without tags,Yes Fully Stitched,"Wedding , Festival , Partywear , Travel , Puja",Cotton,Handmade,Sequence Work & Printed,Salwar Kameez,"Winter , Summer And Spring",Straight Kurta With Pant & Dupatta,3/4 Sleeve,Multi-Color,Women,Knee,No,Round Neck,India,https://i.ebayimg.com/images/g/jogAAOSwwiVoMezC/s-l1600.webp,https://i.ebayimg.com/images/g/HyEAAOSwjRtoMey-/s-l1600.webp,https://i.ebayimg.com/images/g/0LEAAOSwf~xoMezG/s-l1600.webp,https://i.ebayimg.com/images/g/rNgAAOSwvsJoMezF/s-l1600.webp,https://i.ebayimg.com/images/g/Z50AAOSwcV9lsS8K/s-l1600.webp,,,,,,,,,,
https://www.ebay.com/itm/355489795438?itmmeta=01JW69BT2P0JHMKAH8H79B5K3M&hash=item52c4d7cd6e:g:pnYAAOSwtz5l2jLp,Pakistani Embroidered Shalwar Kameez - Blue Kurta Palazzo Dupatta,US $37.71,New without tags,Yes Fully Stitched,"Wedding , Festival , Partywear , Travel","Rayon, Organza",Handmade,Embroidery Work,Round Neck,India,Straight Kurta With Pant & Dupatta,3/4 Sleeve,Blue,Women,Knee,Salwar Kameez,"Winter , Summer And Spring",,https://i.ebayimg.com/images/g/pnYAAOSwtz5l2jLp/s-l1600.webp,https://i.ebayimg.com/images/g/vZ8AAOSwWxRl2jLl/s-l1600.webp,https://i.ebayimg.com/images/g/xA8AAOSwQbJl2jLg/s-l1600.webp,https://i.ebayimg.com/images/g/E0MAAOSwUE5l2jLc/s-l1600.webp,https://i.ebayimg.com/images/g/C6wAAOSwuF5l2jL7/s-l1600.webp,https://i.ebayimg.com/images/g/DSoAAOSwaYll2jMF/s-l1600.webp,https://i.ebayimg.com/images/g/7Z4AAOSwtmplsS8H/s-l1600.webp,,,,,,,,
https://www.ebay.com/itm/356263307553?itmmeta=01JW69BT2RK9S08ZS85N2RRD5H&hash=item52f2f2a921:g:ttUAAOSwTy5nNzmX,Pakistani Embroidered Salwar Kameez - Velvet Winter Kurta Pant Set,US $53.29,New without tags,Yes Fully Stitched,"Wedding , Festival , Partywear , Travel","Organza, Velvet",Handmade,No,Salwar Kameez,"Winter , Summer And Spring",Straight Kurta With Pant & Dupatta,3/4 Sleeve,Wine,Women,Knee (44 inch),Embroidery Sequence Work,Round Neck,India,https://i.ebayimg.com/images/g/ttUAAOSwTy5nNzmX/s-l1600.webp,https://i.ebayimg.com/images/g/-R0AAOSweeJnNzmY/s-l1600.webp,https://i.ebayimg.com/images/g/808AAOSwBDFnNzmZ/s-l1600.webp,https://i.ebayimg.com/images/g/wVsAAOSw0NNnNzmf/s-l1600.webp,https://i.ebayimg.com/images/g/jroAAOSwsltnNzmb/s-l1600.webp,https://i.ebayimg.com/images/g/J4EAAOSwKo9nNzmb/s-l1600.webp,https://i.ebayimg.com/images/g/rtMAAOSwIOtlsS0o/s-l1600.webp,,,,,,,,
https://www.ebay.com/itm/355979288906?itmmeta=01JW69BT2S0AFFK3A6T4J2KB5G&hash=item52e204e14a:g:8RcAAOSwhStmyF7W,Readymade Bollywood Suit - Festival Salwar Kameez for Women,US $54.11,New without tags,Yes Fully Stitched,"Wedding , Festival , Partywear , Travel",Georgette,Handmade,No,Salwar Kameez,"Winter , Summer And Spring",Straight Kurta With Dhoti Skirt & Dupatta,3/4 Sleeve,Multi-Color,Women,Knee (37inch),Embroidery Sequence Work,Round Neck,India,https://i.ebayimg.com/images/g/8RcAAOSwhStmyF7W/s-l1600.webp,https://i.ebayimg.com/images/g/jbcAAOSwyiZmyF7f/s-l1600.webp,https://i.ebayimg.com/images/g/tgwAAOSwBIVmyF6~/s-l1600.webp,https://i.ebayimg.com/images/g/0vwAAOSwwuxmyF7c/s-l1600.webp,https://i.ebayimg.com/images/g/1jIAAOSwWhdmyF64/s-l1600.webp,https://i.ebayimg.com/images/g/70YAAOSwTaVmyF7Z/s-l1600.webp,https://i.ebayimg.com/images/g/-~gAAOSwFd5myF7K/s-l1600.webp,https://i.ebayimg.com/images/g/rtMAAOSwIOtlsS0o/s-l1600.webp,https://i.ebayimg.com/images/g/UD4AAOSwnJFmyF8X/s-l1600.webp,https://i.ebayimg.com/images/g/micAAOSw~NNmyF8e/s-l1600.webp,https://i.ebayimg.com/images/g/JhQAAOSwpyBmyF8p/s-l1600.webp,,,,
https://www.ebay.com/itm/356735232805?itmmeta=01JW68R8NYW5C7Z864PRPQ632A&hash=item530f13ab25:g:kVgAAOSwnrBn7od6,Royal Blue Kurta Pant Set - Readymade Salwar Kameez Suit,US $35.25,New without tags,Yes Fully Stitched,"Wedding , Festival , Partywear , Travel",Cotton,Handmade,No,Salwar Kameez,"Winter , Summer And Spring",Straight Kurta With Pant,3/4 Sleeve,Blue,Women,Below The Knee,Embroidery Work,Round Neck,India,https://i.ebayimg.com/images/g/kVgAAOSwnrBn7od6/s-l1600.webp,https://i.ebayimg.com/images/g/ZoMAAOSwSAJn7od5/s-l1600.webp,https://i.ebayimg.com/images/g/U10AAOSwtGdn7od7/s-l1600.webp,https://i.ebayimg.com/images/g/XqcAAOSw3RZn7od-/s-l1600.webp,https://i.ebayimg.com/images/g/Z50AAOSwcV9lsS8K/s-l1600.webp,,,,,,,,,,
https://www.ebay.com/itm/356596099691?itmmeta=01JW68N2S1MYRNZNMCAH23KAJX&hash=item5306c8aa6b:g:dvQAAOSw6~NnuIG7,Wedding Eid Festival Kurta Palazzo Dupatta Set - Salwar Kameez,US $36.89,New with tags,Yes Fully Stitched,"Wedding , Festival , Partywear , Travel",Cotton,Handmade,No,Salwar Kameez,"Winter , Summer And Spring",Anarkali Kurta With Pant & Dupatta,3/4 Sleeve,Multi-Color,Women,Below The Knee (50Inch),Sequence Katha Work,V Neck,India,https://i.ebayimg.com/images/g/dvQAAOSw6~NnuIG7/s-l1600.webp,https://i.ebayimg.com/images/g/akQAAOSw6TdnuIG6/s-l1600.webp,https://i.ebayimg.com/images/g/FbMAAOSwQzRnuIHA/s-l1600.webp,https://i.ebayimg.com/images/g/faYAAOSwU8dnuIHN/s-l1600.webp,https://i.ebayimg.com/images/g/2tYAAOSw-EdnuIHK/s-l1600.webp,https://i.ebayimg.com/images/g/Z50AAOSwcV9lsS8K/s-l1600.webp,,,,,,,,,
https://www.ebay.com/itm/356435273285?itmmeta=01JW68R8NWX4QPMBYVQDWM9HJW&hash=item52fd32a645:g:5g0AAOSwYc5neVVp,Premium Muslin Kurta Palazzo Dupatta Set - Eid Readymade Salwar,US $38.53,New without tags,Yes Fully Stitched,"Wedding , Festival , Partywear , Travel , Puja",Muslin,Handmade,Embroidery Work And Printed,Salwar Kameez,"Winter , Summer And Spring",Straight Kurta With Pant & Dupatta,3/4 Sleeve,Multi-Color,Women,Knee,No,Round Neck,India,https://i.ebayimg.com/images/g/5g0AAOSwYc5neVVp/s-l1600.webp,https://i.ebayimg.com/images/g/A7oAAOSwK79neVVs/s-l1600.webp,https://i.ebayimg.com/images/g/rdEAAOSwpNVneVVv/s-l1600.webp,https://i.ebayimg.com/images/g/buwAAOSw2VBneVVo/s-l1600.webp,https://i.ebayimg.com/images/g/93UAAOSwnfRneVVx/s-l1600.webp,https://i.ebayimg.com/images/g/oVcAAOSwEChneVV0/s-l1600.webp,https://i.ebayimg.com/images/g/aOkAAOSwO0VneVVw/s-l1600.webp,https://i.ebayimg.com/images/g/Z50AAOSwcV9lsS8K/s-l1600.webp,,,,,,,
https://www.ebay.com/itm/356407127532?itmmeta=01JW68N2RXBS3J7YCT55GR5SD0&hash=item52fb852dec:g:nwEAAOSw-h1na-g9,Wedding Kurta Palazzo Dupatta Set - Readymade Salwar Kameez,US $51.65,New without tags,Yes Fully Stitched,"Wedding , Festival , Partywear , Travel",Georgette,Handmade,No,Salwar Kameez,"Winter , Summer And Spring",Straight Kurta With Palazzo & Dupatta,3/4 Sleeve,Peach,Women,Knee (39inch),Embroidery Sequence Work,V Neck,India,https://i.ebayimg.com/images/g/nwEAAOSw-h1na-g9/s-l1600.webp,https://i.ebayimg.com/images/g/pVwAAOSwwBtna-g-/s-l1600.webp,https://i.ebayimg.com/images/g/C6IAAOSwGw1na-hC/s-l1600.webp,https://i.ebayimg.com/images/g/jF0AAOSw9hJna-hC/s-l1600.webp,https://i.ebayimg.com/images/g/~8AAAOSwfeZm9Rxf/s-l1600.webp,,,,,,,,,,
https://www.ebay.com/itm/356336320998?itmmeta=01JW68R8NX9AYY85S79NDT7GS8&hash=item52f74cc1e6:g:9f8AAOSwAUZnTvJ0,Bollywood Kurta Pant Dupatta Set - Pakistani Designer Salwar,US $39.35,New without tags,Yes Fully Stitched,"Wedding , Festival , Partywear , Travel , Puja","Cotton, Silk Dupatta",Handmade,Embroidery Sequence Work And Printed Dupatta,Salwar Kameez,"Winter , Summer And Spring",Flared Kurta With Pant & Dupatta,3/4 Sleeve,Multi-Color,Women,Full (51inch),No,Round Neck,India,https://i.ebayimg.com/images/g/9f8AAOSwAUZnTvJ0/s-l1600.webp,https://i.ebayimg.com/images/g/LasAAOSw9VNnTvJ1/s-l1600.webp,https://i.ebayimg.com/images/g/WkkAAOSwyylnTvJ2/s-l1600.webp,https://i.ebayimg.com/images/g/kFgAAOSwK7pnTvJ1/s-l1600.webp,https://i.ebayimg.com/images/g/mH4AAOSw2sVnTvJz/s-l1600.webp,https://i.ebayimg.com/images/g/sEMAAOSwhPxnTvJ1/s-l1600.webp,https://i.ebayimg.com/images/g/rBoAAOSwuShnTvKt/s-l1600.webp,https://i.ebayimg.com/images/g/Z50AAOSwcV9lsS8K/s-l1600.webp,,,,,,,
https://www.ebay.com/itm/356407176598?itmmeta=01JW68N2S2WYMHKTTNTQ8VJGX5&hash=item52fb85ed96:g:0aQAAOSwGK5na~DU,Yellow Haldi Kurta Palazzo Dupatta Set - Bollywood Wedding Wear,US $51.65,New without tags,Yes Fully Stitched,"Wedding , Festival , Partywear , Travel",Chinon Silk,Handmade,No,Salwar Kameez,"Winter , Summer And Spring",Straight Kurta With Palazzo & Dupatta,3/4 Sleeve,Yellow,Women,Below The Knee (47inch),Embroidery Sequence Work,V Neck,India,https://i.ebayimg.com/images/g/0aQAAOSwGK5na~DU/s-l1600.webp,https://i.ebayimg.com/images/g/HnQAAOSwU-lna~DU/s-l1600.webp,https://i.ebayimg.com/images/g/UfQAAOSwNMpna~DW/s-l1600.webp,https://i.ebayimg.com/images/g/hggAAOSwLylna~DS/s-l1600.webp,https://i.ebayimg.com/images/g/~8AAAOSwfeZm9Rxf/s-l1600.webp,,,,,,,,,,
https://www.ebay.com/itm/355598580539?itmmeta=01JW68R8NYME2PG1YYQCT6JAFC&hash=item52cb53bb3b:g:kJoAAOSwQPFmC~Hs,Premium Cotton Kurta Pant Dupatta Set - Yellow Readymade Salwar Kameez,US $37.71,New without tags,Yes Fully Stitched,"Wedding , Festival , Partywear , Travel , Puja","Cotton, Silk",Handmade,Embroidery Work And Printed Dupatta,Salwar Kameez,"Winter , Summer And Spring",Straight Kurta With Pant & Dupatta,3/4 Sleeve,Yellow,Women,Knee,No,Round Neck,India,https://i.ebayimg.com/images/g/kJoAAOSwQPFmC~Hs/s-l1600.webp,https://i.ebayimg.com/images/g/6fsAAOSwbxtmC~Hk/s-l1600.webp,https://i.ebayimg.com/images/g/TUUAAOSwzv9mC~Hn/s-l1600.webp,https://i.ebayimg.com/images/g/~RIAAOSwJ0RmC~Hq/s-l1600.webp,https://i.ebayimg.com/images/g/4RQAAOSw8xVmC~Hi/s-l1600.webp,https://i.ebayimg.com/images/g/8DYAAOSwYr9mC~IH/s-l1600.webp,https://i.ebayimg.com/images/g/Z50AAOSwcV9lsS8K/s-l1600.webp,,,,,,,,
https://www.ebay.com/itm/356435286402?itmmeta=01JW68R8NS68WHMAMX10EKPE4P&hash=item52fd32d982:g:7xsAAOSwGZlneVdV,Plus Size Anarkali Kurta Pant Dupatta Set - Upto 6XL Designer Kurtis,US $38.53,New without tags,Yes Fully Stitched,"Wedding , Festival , Partywear , Travel , Puja",Rayon,Handmade,Printed And Gotta Lace Work,Salwar Kameez,"Winter , Summer And Spring",Flared Kurta With Pant & Dupatta,3/4 Sleeve,Wine,Women,Full (52inch),No,Round Neck,India,https://i.ebayimg.com/images/g/7xsAAOSwGZlneVdV/s-l1600.webp,https://i.ebayimg.com/images/g/ewYAAOSwfTtneVdT/s-l1600.webp,https://i.ebayimg.com/images/g/02UAAOSwJVBneVdT/s-l1600.webp,https://i.ebayimg.com/images/g/Zy0AAOSwOepneVdX/s-l1600.webp,https://i.ebayimg.com/images/g/PLAAAOSwHdBneVdP/s-l1600.webp,https://i.ebayimg.com/images/g/E4UAAOSwOIFneVdS/s-l1600.webp,https://i.ebayimg.com/images/g/Z50AAOSwcV9lsS8K/s-l1600.webp,,,,,,,,
https://www.ebay.com/itm/356388873944?itmmeta=01JW69BT2RW9F90HET4DYX1WBD&hash=item52fa6ea6d8:g:YLwAAOSw1ctnY-kC,Pakistani Embroidered Yellow Kurta Pant Set - Readymade Haldi Wear,US $37.71,New without tags,Yes Fully Stitched,"Wedding , Festival , Partywear , Travel","Silk, Chanderi Dupatta",Handmade,No,Salwar Kameez,"Winter , Summer And Spring",Straight Kurta With Pant & Dupatta,3/4 Sleeve,Yellow,Women,Knee (45inch),Thread Embroidery Work,V Neck,India,https://i.ebayimg.com/images/g/YLwAAOSw1ctnY-kC/s-l1600.webp,https://i.ebayimg.com/images/g/yl0AAOSwn8tnY-j~/s-l1600.webp,https://i.ebayimg.com/images/g/z-AAAOSwOABnY-kB/s-l1600.webp,https://i.ebayimg.com/images/g/zVoAAOSwPC5nY-kA/s-l1600.webp,https://i.ebayimg.com/images/g/nosAAOSws5NnY-kB/s-l1600.webp,https://i.ebayimg.com/images/g/Z50AAOSwcV9lsS8K/s-l1600.webp,,,,,,,,,
https://www.ebay.com/itm/356395135304?itmmeta=01JW69BT2R23HBHM0SMJA62V2E&hash=item52face3148:g:5Y4AAOSw52NnZpIe,Pure Georgette Kurta Palazzo Dupatta Set - Embroidered Salwar Kameez,US $49.19,New with tags,Yes Fully Stitched,"Wedding , Festival , Partywear , Travel",Georgette,Handmade,No,Salwar Kameez,"Winter , Summer And Spring",Straight Kurta With Palazzo & Dupatta,3/4 Sleeve,Wine,Women,Knee,Embroidery Sequence Work,Round Neck,India,https://i.ebayimg.com/images/g/5Y4AAOSw52NnZpIe/s-l1600.webp,https://i.ebayimg.com/images/g/ZwcAAOSwdDBnZpIc/s-l1600.webp,https://i.ebayimg.com/images/g/i2MAAOSwodFnZpIe/s-l1600.webp,https://i.ebayimg.com/images/g/y58AAOSwxLFnZpIh/s-l1600.webp,https://i.ebayimg.com/images/g/Z50AAOSwcV9lsS8K/s-l1600.webp,,,,,,,,,,
https://www.ebay.com/itm/355982721258?itmmeta=01JW68N2RY8NHG1WKBXY5210XH&hash=item52e23940ea:g:qCEAAOSwX8tmyiTx,Readymade Cotton Kurta Palazzo Dupatta Set - Indian Salwar Kameez Suit,US $36.89,New without tags,Yes Fully Stitched,"Wedding , Festival , Partywear , Travel",Cotton,Handmade,No,Salwar Kameez,"Winter , Summer And Spring",Straight Kurta With Pant & Dupatta,3/4 Sleeve,Multi-Color,Women,Knee,Printed,V Neck,India,https://i.ebayimg.com/images/g/qCEAAOSwX8tmyiTx/s-l1600.webp,https://i.ebayimg.com/images/g/qPAAAOSw201myiT7/s-l1600.webp,https://i.ebayimg.com/images/g/d90AAOSwUEhmyiTs/s-l1600.webp,https://i.ebayimg.com/images/g/NokAAOSwBX9myiTm/s-l1600.webp,https://i.ebayimg.com/images/g/550AAOSwZtZmyiTU/s-l1600.webp,https://i.ebayimg.com/images/g/aT4AAOSwNypmyiTh/s-l1600.webp,https://i.ebayimg.com/images/g/aDUAAOSw5SNmyiV2/s-l1600.webp,https://i.ebayimg.com/images/g/3EsAAOSwe-VmyiVx/s-l1600.webp,https://i.ebayimg.com/images/g/XNwAAOSwbh9myiVu/s-l1600.webp,https://i.ebayimg.com/images/g/SkEAAOSwyGxmyiVm/s-l1600.webp,https://i.ebayimg.com/images/g/spMAAOSwERpmyiVp/s-l1600.webp,https://i.ebayimg.com/images/g/jUUAAOSwNmRmyiUH/s-l1600.webp,https://i.ebayimg.com/images/g/Z50AAOSwcV9lsS8K/s-l1600.webp,https://i.ebayimg.com/images/g/v80AAOSw609myiUV/s-l1600.webp,https://i.ebayimg.com/images/g/mdEAAOSwC5xmyiUY/s-l1600.webp
https://www.ebay.com/itm/356705573515?itmmeta=01JW68R8NV1HYPG0HMN1YEND37&hash=item530d4f1a8b:g:Tf8AAOSwothn4aQb,Wedding Party Wear Kurta Palazzo Dupatta Set - Designer Salwar Kameez,US $36.89,New without tags,Yes Fully Stitched,"Wedding , Festival , Partywear , Travel , Puja",Cotton,Handmade,Adda Work And Printed,Salwar Kameez,"Winter , Summer And Spring",Anarkali Kurta With Pant & Dupatta,3/4 Sleeve,Multi-Color,Women,Below The Knee (48inch),No,V Neck,India,https://i.ebayimg.com/images/g/Tf8AAOSwothn4aQb/s-l1600.webp,https://i.ebayimg.com/images/g/B30AAOSwk9Rn4aQb/s-l1600.webp,https://i.ebayimg.com/images/g/XeAAAOSw-dJn4aQb/s-l1600.webp,https://i.ebayimg.com/images/g/Z50AAOSwcV9lsS8K/s-l1600.webp,,,,,,,,,,,
https://www.ebay.com/itm/356486327783?itmmeta=01JW68N2RWPTZC81BB9GX2JXXW&hash=item53003dade7:g:yQkAAOSwxhBnje7M,Festival Wear Kurta Palazzo Dupatta Set - 3 Piece Stitched Suit Combo,US $36.89,New without tags,Yes Fully Stitched,"Wedding , Festival , Partywear , Travel , Puja",Cotton,Handmade,Printed,Salwar Kameez,"Winter , Summer And Spring",Anarkali Kurta With Pant & Dupatta,3/4 Sleeve,Multi-Color,Women,Below The Knee (49inch),No,V Neck,India,https://i.ebayimg.com/images/g/yQkAAOSwxhBnje7M/s-l1600.webp,https://i.ebayimg.com/images/g/wsAAAOSwMGZnje7S/s-l1600.webp,https://i.ebayimg.com/images/g/MAEAAOSwTd9nje7T/s-l1600.webp,https://i.ebayimg.com/images/g/Z50AAOSwcV9lsS8K/s-l1600.webp,,,,,,,,,,,
https://www.ebay.com/itm/356007463866?itmmeta=01JW68N2RZG7W4RKN82Y8H1YFX&hash=item52e3b2cbba:g:vcIAAOSw7ABm1fPl,Readymade Kurta Pant Dupatta Set - Indian Festival Wear Palazzo Kurta,US $36.89,New without tags,Yes Fully Stitched,"Wedding , Festival , Partywear , Travel",Cotton,Handmade,No,Salwar Kameez,"Winter , Summer And Spring",Straight Kurta With Pant & Dupatta,3/4 Sleeve,Please Check Real Image,Women,Knee,Printed And Hand Work,V Neck,India,https://i.ebayimg.com/images/g/vcIAAOSw7ABm1fPl/s-l1600.webp,https://i.ebayimg.com/images/g/FnIAAOSwWu9m1fPh/s-l1600.webp,https://i.ebayimg.com/images/g/AawAAOSwu35m1fPn/s-l1600.webp,https://i.ebayimg.com/images/g/qncAAOSwnQBm1fPj/s-l1600.webp,https://i.ebayimg.com/images/g/4msAAOSwSppm1fQG/s-l1600.webp,https://i.ebayimg.com/images/g/iAwAAOSwH39m1fPZ/s-l1600.webp,https://i.ebayimg.com/images/g/Z50AAOSwcV9lsS8K/s-l1600.webp,,,,,,,,
https://www.ebay.com/itm/355489648642?itmmeta=01JW69BT2MBY569FM29WNZHWY3&hash=item52c4d59002:g:TM4AAOSwoAtl2iBR,Wedding Kurta Palazzo Dupatta Set - Designer Kurtis & Kurtas Combo,US $37.71,New without tags,Yes Fully Stitched,"Wedding , Festival , Partywear , Travel",Cotton,Handmade,Embroidery Work,Round Neck,India,Straight Kurta With Pant & Dupatta,3/4 Sleeve,Lavender,Women,Knee,Salwar Kameez,"Winter , Summer And Spring",,https://i.ebayimg.com/images/g/TM4AAOSwoAtl2iBR/s-l1600.webp,https://i.ebayimg.com/images/g/OcoAAOSwrO9l2iAZ/s-l1600.webp,https://i.ebayimg.com/images/g/16IAAOSwL6Bl2iAK/s-l1600.webp,https://i.ebayimg.com/images/g/49MAAOSwinll2h~7/s-l1600.webp,https://i.ebayimg.com/images/g/bWQAAOSw4-Nl2h~u/s-l1600.webp,https://i.ebayimg.com/images/g/ttgAAOSwFNll2iBw/s-l1600.webp,https://i.ebayimg.com/images/g/rZcAAOSwdzFl2h~X/s-l1600.webp,https://i.ebayimg.com/images/g/7Z4AAOSwtmplsS8H/s-l1600.webp,,,,,,,
https://www.ebay.com/itm/356828357851?itmmeta=01JW68R8NWNFZD7VNZCV50QSR9&hash=item5314a0a4db:g:MukAAOSwjXpoDKU7,Plus Size Anarkali Kurta Palazzo Set - Upto 7XL Stitched Kurta Pant,US $36.07,New without tags,Yes Fully Stitched,"Wedding , Festival , Partywear , Travel",Rayon,Handmade,No,Salwar Kameez,"Winter , Summer And Spring",Flared Anarkali Kurta With Palazzo,3/4 Sleeve,Blue,Women,Full (50inch),Mirror Foil Hand Aari Work,V Neck,India,https://i.ebayimg.com/images/g/MukAAOSwjXpoDKU7/s-l1600.webp,https://i.ebayimg.com/images/g/idQAAOSwdSBoDKU8/s-l1600.webp,https://i.ebayimg.com/images/g/y1AAAOSwjOBoDKU6/s-l1600.webp,https://i.ebayimg.com/images/g/WwsAAOSwR5hoDKU7/s-l1600.webp,https://i.ebayimg.com/images/g/f2cAAOSwSaRoDKU7/s-l1600.webp,https://i.ebayimg.com/images/g/qUkAAOSwhotoDKU7/s-l1600.webp,https://i.ebayimg.com/images/g/m6cAAOSwZx5oDKU7/s-l1600.webp,https://i.ebayimg.com/images/g/Z50AAOSwcV9lsS8K/s-l1600.webp,,,,,,,
https://www.ebay.com/itm/355880152298?itmmeta=01JW68N2RV161X8J4KQEZZBXSV&hash=item52dc1c2cea:g:-WsAAOSwLG1mmODQ,Summer Cotton Wedding Kurta Palazzo Dupatta Set - Readymade Salwar Suit,US $37.71,New without tags,Yes Fully Stitched,"Wedding , Festival , Partywear , Travel",Cotton,Handmade,No,Salwar Kameez,"Winter , Summer And Spring",Straight Kurta With Pant & Dupatta,3/4 Sleeve,Brown,Women,Knee,Printed,V Neck,India,https://i.ebayimg.com/images/g/-WsAAOSwLG1mmODQ/s-l1600.webp,https://i.ebayimg.com/images/g/e58AAOSwvk5mmODN/s-l1600.webp,https://i.ebayimg.com/images/g/XVoAAOSwX6lmmODL/s-l1600.webp,https://i.ebayimg.com/images/g/JRQAAOSwogRlzMF3/s-l1600.webp,,,,,,,,,,,
https://www.ebay.com/itm/355432957641?itmmeta=01JW68R8NWZBN40KRZY5Y0ADBM&hash=item52c17486c9:g:WJUAAOSwgI5lvMZx,Yellow Kurta Sharara Dupatta Set - Indian Designer Wedding Special,US $37.71,New without tags,Yes Fully Stitched,"Wedding , Festival , Partywear , Travel , Puja","Rayon, Chiffon",Handmade,Gotta Patti Work,Salwar Kameez,"Winter , Summer And Spring",Short Flared Kurta With Sharara & Dupatta,3/4 Sleeve,Yellow And Pink,Women,Above The Knee,No,V Neck,India,https://i.ebayimg.com/images/g/WJUAAOSwgI5lvMZx/s-l1600.webp,https://i.ebayimg.com/images/g/-W0AAOSwTs1lvMZ2/s-l1600.webp,https://i.ebayimg.com/images/g/BxsAAOSwJwxlvMZo/s-l1600.webp,https://i.ebayimg.com/images/g/7OoAAOSwJhZlvMZ0/s-l1600.webp,https://i.ebayimg.com/images/g/~cgAAOSw0G5lvMaO/s-l1600.webp,https://i.ebayimg.com/images/g/V2EAAOSw0OVlvMZq/s-l1600.webp,https://i.ebayimg.com/images/g/Z50AAOSwcV9lsS8K/s-l1600.webp,,,,,,,,
https://www.ebay.com/itm/356556999262?itmmeta=01JW68R8NSB9A697YQEY02N7BP&hash=item5304740a5e:g:9VkAAOSwfGJnqxlb,Plus Size Kurta Palazzo Set - Upto 7XL Big Size 2 Piece Combo,US $35.25,New without tags,Yes Fully Stitched,"Wedding , Festival , Partywear , Travel",Cotton,Handmade,No,Salwar Kameez,"Winter , Summer And Spring",Long Kurta With Pant,3/4 Sleeve,Wine,Women,Below The Knee (43inch),Embroidery Work,Round Neck,India,https://i.ebayimg.com/images/g/9VkAAOSwfGJnqxlb/s-l1600.webp,https://i.ebayimg.com/images/g/rC4AAOSwaLhnqxle/s-l1600.webp,https://i.ebayimg.com/images/g/muMAAOSwtFRnqxlZ/s-l1600.webp,https://i.ebayimg.com/images/g/DPYAAOSwPJJnqxlb/s-l1600.webp,https://i.ebayimg.com/images/g/mqsAAOSwEJhnqxlc/s-l1600.webp,https://i.ebayimg.com/images/g/kz0AAOSwPSJnqxlb/s-l1600.webp,https://i.ebayimg.com/images/g/jOIAAOSw~Itnqxlc/s-l1600.webp,https://i.ebayimg.com/images/g/Ku8AAOSw-dFnqxmE/s-l1600.webp,https://i.ebayimg.com/images/g/Z50AAOSwcV9lsS8K/s-l1600.webp,,,,,,
https://www.ebay.com/itm/356600717402?itmmeta=01JW68R8NY6G3B6ZKYX04XHZQC&hash=item53070f205a:g:Ck0AAOSwtyZnutGY,Eid Festival Kurta Palazzo Dupatta Set - Wedding Wear Kurta Kurtis,US $47.55,New without tags,Yes Fully Stitched,"Wedding , Festival , Partywear , Travel",Goegette,Handmade,No,Pakistani,"Winter , Summer And Spring",Anarkali Kurta With Pant & Dupatta,3/4 Sleeve,Multi-Color,Women,Full (52inch),Embroidery Sequence Work,Round Neck,India,https://i.ebayimg.com/images/g/Ck0AAOSwtyZnutGY/s-l1600.webp,https://i.ebayimg.com/images/g/KwEAAOSwd2lnutGV/s-l1600.webp,https://i.ebayimg.com/images/g/0jgAAOSwm-pnutGW/s-l1600.webp,https://i.ebayimg.com/images/g/xzYAAOSw4JpnutGT/s-l1600.webp,https://i.ebayimg.com/images/g/UbUAAOSwWnRnutGZ/s-l1600.webp,https://i.ebayimg.com/images/g/mGEAAOSwKNdnutGT/s-l1600.webp,https://i.ebayimg.com/images/g/eyQAAOSw6mtnutGQ/s-l1600.webp,https://i.ebayimg.com/images/g/Kv4AAOSwd2lnutGS/s-l1600.webp,https://i.ebayimg.com/images/g/IMIAAOSwuFJnutGX/s-l1600.webp,https://i.ebayimg.com/images/g/zQsAAOSw9EFnutGS/s-l1600.webp,https://i.ebayimg.com/images/g/KwwAAOSwjspnutGX/s-l1600.webp,https://i.ebayimg.com/images/g/ptAAAOSwaL9nutGS/s-l1600.webp,https://i.ebayimg.com/images/g/kZcAAOSwgfVnutGb/s-l1600.webp,https://i.ebayimg.com/images/g/rtMAAOSwIOtlsS0o/s-l1600.webp,https://i.ebayimg.com/images/g/jp4AAOSwxC1nutGe/s-l1600.webp
https://www.ebay.com/itm/356753672964?itmmeta=01JW69BT2P78A7DXMCK7J63FZT&hash=item53102d0b04:g:EGYAAOSwespn9jGL,Premium Chinon Silk Kurta Palazzo Dupatta Set - Bollywood Party Wear,US $48.37,New without tags,Yes Fully Stitched,"Wedding , Festival , Partywear , Travel",Chinon,Handmade,No,Salwar Kameez,Winter And Spring,Straight Kurta With Palazzo & Dupatta,3/4 Sleeve,Yellow,Women,Knee,Embroidery Sequence Work And Moti Work,Round Neck,India,https://i.ebayimg.com/images/g/EGYAAOSwespn9jGL/s-l1600.webp,https://i.ebayimg.com/images/g/DEIAAOSwHOJn9jGM/s-l1600.webp,https://i.ebayimg.com/images/g/-rsAAOSwi8pn9jGL/s-l1600.webp,https://i.ebayimg.com/images/g/G84AAOSwYsVn9jGL/s-l1600.webp,https://i.ebayimg.com/images/g/zLYAAOSwwJpn9jGI/s-l1600.webp,https://i.ebayimg.com/images/g/lwYAAOSwTahn9jGO/s-l1600.webp,https://i.ebayimg.com/images/g/rtMAAOSwIOtlsS0o/s-l1600.webp,,,,,,,,
https://www.ebay.com/itm/356647972016?itmmeta=01JW69BT2N0XDJWFF4E0TDN3VF&hash=item5309e02cb0:g:u5EAAOSw4GhnzTjx,Hot Red Eid Special Kurta Palazzo Dupatta Set - Gift for Her Salwar Suit,US $47.55,New without tags,Yes Fully Stitched,"Wedding , Festival , Partywear , Travel",Chinon Silk,Handmade,No,Salwar Kameez,"Winter , Summer And Spring",Straight Kurta With Palazzo & Dupatta,3/4 Sleeve,Red,Women,Knee,Embroidery Sequence Work,Round Neck,India,https://i.ebayimg.com/images/g/u5EAAOSw4GhnzTjx/s-l1600.webp,https://i.ebayimg.com/images/g/wgsAAOSwtaNnzTjy/s-l1600.webp,https://i.ebayimg.com/images/g/lpEAAOSwBfFnzTjy/s-l1600.webp,https://i.ebayimg.com/images/g/rtMAAOSwIOtlsS0o/s-l1600.webp,,,,,,,,,,,
https://www.ebay.com/itm/356323781684?itmmeta=01JW68R8NXH7MF9D81ZKP19QW8&hash=item52f68d6c34:g:NDYAAOSwwDhnSxI8,Aliya Cut Kurta Palazzo Dupatta Set - Indian Designer Readymade Kurti,US $39.35,New without tags,Yes Fully Stitched,"Wedding , Festival , Partywear , Travel , Puja","Chanderi, Naylon Dupatta",Handmade,Embroidery Work And Printed Dupatta,Salwar Kameez,"Winter , Summer And Spring",Side Cut Kurta With Pant & Dupatta,3/4 Sleeve,Yellow,Women,Below The Knee,No,V Neck,India,https://i.ebayimg.com/images/g/NDYAAOSwwDhnSxI8/s-l1600.webp,https://i.ebayimg.com/images/g/0ecAAOSwA4ZnSxI6/s-l1600.webp,https://i.ebayimg.com/images/g/6UoAAOSwfPlnSxI8/s-l1600.webp,https://i.ebayimg.com/images/g/bPUAAOSw5A1nSxI8/s-l1600.webp,https://i.ebayimg.com/images/g/gCEAAOSwlwRnSxJA/s-l1600.webp,https://i.ebayimg.com/images/g/86gAAOSwSWtnSxI8/s-l1600.webp,https://i.ebayimg.com/images/g/Q6MAAOSwHF5nSxI6/s-l1600.webp,https://i.ebayimg.com/images/g/kVsAAOSwQDNnSxI3/s-l1600.webp,https://i.ebayimg.com/images/g/Si8AAOSwHutnSxI6/s-l1600.webp,https://i.ebayimg.com/images/g/Z50AAOSwcV9lsS8K/s-l1600.webp,,,,,
https://www.ebay.com/itm/356515771079?itmmeta=01JW68N2S196J0B3BWY4BE75ZK&hash=item5301fef2c7:g:UvcAAOSw1WRnmkIh,Wedding Straight Kurta Palazzo Dupatta Set - 3 Piece Readymade Dress,US $38.53,New without tags,Yes Fully Stitched,"Wedding , Festival , Partywear , Travel","Chanderi, Organza Dupatta",Handmade,Embroidery Work,Round Neck,India,Straight Kurta With Pant & Dupatta,3/4 Sleeve,Multi-Color,Women,Knee,Salwar Kameez,"Winter , Summer And Spring",,https://i.ebayimg.com/images/g/UvcAAOSw1WRnmkIh/s-l1600.webp,https://i.ebayimg.com/images/g/a-sAAOSwraFnmkIi/s-l1600.webp,https://i.ebayimg.com/images/g/GlsAAOSwjyBnmkIj/s-l1600.webp,https://i.ebayimg.com/images/g/8Z4AAOSwqpBnmkIi/s-l1600.webp,https://i.ebayimg.com/images/g/JNEAAOSwypFnmkIl/s-l1600.webp,https://i.ebayimg.com/images/g/o1YAAOSwwLlnmkIi/s-l1600.webp,https://i.ebayimg.com/images/g/GawAAOSwF1VnmkIf/s-l1600.webp,https://i.ebayimg.com/images/g/7Z4AAOSwtmplsS8H/s-l1600.webp,,,,,,,
https://www.ebay.com/itm/356323845241?itmmeta=01JW68R8NYGV2YFCTXXKWBYB47&hash=item52f68e6479:g:FvQAAOSwgfFnSxZk,Christmas Winter Collection Kurta Palazzo Dupatta Set - Salwar Suit,US $40.99,New without tags,Yes Fully Stitched,"Wedding , Festival , Partywear , Travel","Velvet, Organza Dupatta",Handmade,No,Salwar Kameez,"Winter , Summer And Spring",Straight Kurta With Pant & Dupatta,3/4 Sleeve,Maroon,Women,Knee (43inch),Embroidery Sequence Work,Round Neck,India,https://i.ebayimg.com/images/g/FvQAAOSwgfFnSxZk/s-l1600.webp,https://i.ebayimg.com/images/g/wAcAAOSwKuJnSxZh/s-l1600.webp,https://i.ebayimg.com/images/g/zT0AAOSwRD1nSxZq/s-l1600.webp,https://i.ebayimg.com/images/g/~nQAAOSwMZxnSxZn/s-l1600.webp,https://i.ebayimg.com/images/g/rtMAAOSwIOtlsS0o/s-l1600.webp,,,,,,,,,,
https://www.ebay.com/itm/356045572709?itmmeta=01JW68R8NT1RPFWMD4K3R7NCCD&hash=item52e5f84a65:g:sPIAAOSwB49m5Zjz,Designer Flared Kurta Pant Dupatta Set - Festival Wear Salwar Kameez,US $51.65,New without tags,Yes Fully Stitched,"Wedding , Festival , Partywear , Travel",Chinon Silk,Handmade,No,Salwar Kameez,"Winter , Summer And Spring",Flared Kurta With Palazzo & Dupatta,3/4 Sleeve,Maroon,Women,Full (49inch),Embroidery Work,V Neck,India,https://i.ebayimg.com/images/g/sPIAAOSwB49m5Zjz/s-l1600.webp,https://i.ebayimg.com/images/g/7iUAAOSwDPFm5Zjw/s-l1600.webp,https://i.ebayimg.com/images/g/Pu8AAOSwTZZm5Zjs/s-l1600.webp,https://i.ebayimg.com/images/g/4Q8AAOSwahdm5Zji/s-l1600.webp,https://i.ebayimg.com/images/g/rtMAAOSwIOtlsS0o/s-l1600.webp,,,,,,,,,,
https://www.ebay.com/itm/356588942291?itmmeta=01JW68R8NY7N3MB0VBV5ADGRZ5&hash=item53065b73d3:g:QD8AAOSwfGRntZ0u,Bollywood Party Kurta Sharara Dupatta Set - Eid Special Salwar Suit,US $49.19,New without tags,Yes Fully Stitched,"Wedding , Festival , Partywear , Travel",Chinon Silk,Handmade,No,Salwar Kameez,"Winter , Summer And Spring",Straight Kurta With Sharara & Dupatta,3/4 Sleeve,Peach,Women,Knee (39inch),Embroidery Sequence Work,Round Neck,India,https://i.ebayimg.com/images/g/QD8AAOSwfGRntZ0u/s-l1600.webp,https://i.ebayimg.com/images/g/Q5UAAOSwnptntZ0u/s-l1600.webp,https://i.ebayimg.com/images/g/s6YAAOSwVDpntZ0u/s-l1600.webp,https://i.ebayimg.com/images/g/jfsAAOSwJBdntZ0q/s-l1600.webp,https://i.ebayimg.com/images/g/8BYAAOSw99lntZ0w/s-l1600.webp,https://i.ebayimg.com/images/g/pbQAAOSwYCRntZ0t/s-l1600.webp,https://i.ebayimg.com/images/g/t9oAAOSwQaxntZ0x/s-l1600.webp,https://i.ebayimg.com/images/g/qiUAAOSwwNNntZ0x/s-l1600.webp,https://i.ebayimg.com/images/g/rtMAAOSwIOtlsS0o/s-l1600.webp,,,,,,
https://www.ebay.com/itm/356086751997?itmmeta=01JW68N2RXTF15P548VZMH11ZX&hash=item52e86ca2fd:g:1N0AAOSwSoNm9EsO,Wedding Palazzo Kurta Dupatta Set - Readymade Salwar Kameez for Women,US $36.89,New without tags,Yes Fully Stitched,"Wedding , Festival , Partywear , Travel",Muslin,Handmade,No,Salwar Kameez,"Winter , Summer And Spring",Straight Kurta With Pant & Dupatta,3/4 Sleeve,Multi-Color,Women,Knee,Embroidery Work,V Neck,India,https://i.ebayimg.com/images/g/1N0AAOSwSoNm9EsO/s-l1600.webp,https://i.ebayimg.com/images/g/ME8AAOSwhg9m9EsL/s-l1600.webp,https://i.ebayimg.com/images/g/WUgAAOSwiB1m9EsI/s-l1600.webp,https://i.ebayimg.com/images/g/Ut0AAOSwexxm9EsT/s-l1600.webp,https://i.ebayimg.com/images/g/kWoAAOSwg1Vm9EsA/s-l1600.webp,https://i.ebayimg.com/images/g/Z50AAOSwcV9lsS8K/s-l1600.webp,,,,,,,,,
https://www.ebay.com/itm/355721997725?itmmeta=01JW68R8NX99FB3GAER2QRJG3J&hash=item52d2aeed9d:g:HjIAAOSw33tmR235,Side Cut Kurti Pant Set - Stitched Kurta Palazzo Readymade Top Tunic,US $22.13,New without tags,Yes Fully Stitched,"Wedding , Festival , Partywear , Travel",Rayon,Handmade,No,Salwar Kameez,"Winter , Summer And Spring",Straight Naira Cut Kurta With Pant,3/4 Sleeve,Wine And Green,Women,Knee (47 inch),Printed And Hand Embroidery Work,Round Neck,India,https://i.ebayimg.com/images/g/HjIAAOSw33tmR235/s-l1600.webp,https://i.ebayimg.com/images/g/GcwAAOSwZJNmR236/s-l1600.webp,https://i.ebayimg.com/images/g/CcUAAOSwcDNmR233/s-l1600.webp,https://i.ebayimg.com/images/g/EUUAAOSwEuZmR231/s-l1600.webp,https://i.ebayimg.com/images/g/3z4AAOSwsiZmR23z/s-l1600.webp,https://i.ebayimg.com/images/g/JRQAAOSwogRlzMF3/s-l1600.webp,https://i.ebayimg.com/images/g/6mYAAOSwuN9mR24d/s-l1600.webp,https://i.ebayimg.com/images/g/TGAAAOSwg41mR24h/s-l1600.webp,,,,,,,
https://www.ebay.com/itm/356735199765?itmmeta=01JW68N2S2ZKVVEPBS6Y28C7DH&hash=item530f132a15:g:B9IAAOSwiLpn7oRv,Summer Cotton Kurti Pant Dupatta Set - Readymade Salwar Kameez for Women,US $36.89,New without tags,Yes Fully Stitched,"Wedding , Festival , Partywear , Travel",Cotton,Handmade,No,Salwar Kameez,"Winter , Summer And Spring",Straight Kurta With Pant & Dupatta,3/4 Sleeve,Green,Women,Knee,Printed,V Neck,India,https://i.ebayimg.com/images/g/B9IAAOSwiLpn7oRv/s-l1600.webp,https://i.ebayimg.com/images/g/BYwAAOSw2gJn7oRz/s-l1600.webp,https://i.ebayimg.com/images/g/-HIAAOSwMzBn7oRy/s-l1600.webp,https://i.ebayimg.com/images/g/Z50AAOSwcV9lsS8K/s-l1600.webp,,,,,,,,,,,
https://www.ebay.com/itm/356582100754?itmmeta=01JW68N2RZDYXGKS7HHHBCJVMM&hash=item5305f30f12:g:vxYAAOSwgy5nsxzk,Pure Silk Readymade Palazzo Kurta Dupatta Set - Eid Festival Salwar Suit,US $38.53,New without tags,Yes Fully Stitched,"Wedding , Festival , Partywear , Travel , Puja",Chinon Silk,Handmade,Hand Work And Pearls Moti Work,Salwar Kameez,"Winter , Summer And Spring",Straight Kurta With Pant & Dupatta,3/4 Sleeve,Purple,Women,Knee (45inch),No,Round Neck,India,https://i.ebayimg.com/images/g/vxYAAOSwgy5nsxzk/s-l1600.webp,https://i.ebayimg.com/images/g/OlgAAOSwfGJnsxzh/s-l1600.webp,https://i.ebayimg.com/images/g/LHQAAOSwjOFnsxzl/s-l1600.webp,https://i.ebayimg.com/images/g/4d4AAOSwGlZnsxzk/s-l1600.webp,https://i.ebayimg.com/images/g/CeYAAOSwsMFnsxzr/s-l1600.webp,https://i.ebayimg.com/images/g/SCYAAOSwAwpnsxzm/s-l1600.webp,https://i.ebayimg.com/images/g/F~kAAOSwXNZnsxzl/s-l1600.webp,https://i.ebayimg.com/images/g/Z50AAOSwcV9lsS8K/s-l1600.webp,,,,,,,
https://www.ebay.com/itm/356859067928?itmmeta=01JW68N2RYE9FEPXMRKQRR8006&hash=item5316753e18:g:WqYAAOSw4cdoF5h7,Wedding Kurta Palazzo Dupatta Set - Pakistani Readymade Salwar Suits,US $36.89,New without tags,Yes Fully Stitched,"Wedding , Festival , Partywear , Travel",Cotton,Handmade,No,Salwar Kameez,"Winter , Summer And Spring",Anarkali Kurta With Pant & Dupatta,3/4 Sleeve,Multi-Color,Women,Below The Knee (46inch),Sequence Embroidery Work,Round Neck,India,https://i.ebayimg.com/images/g/WqYAAOSw4cdoF5h7/s-l1600.webp,https://i.ebayimg.com/images/g/W~kAAOSw5-5oF5h-/s-l1600.webp,https://i.ebayimg.com/images/g/dSMAAOSweONoF5hz/s-l1600.webp,https://i.ebayimg.com/images/g/aOYAAOSwMoJoF5h9/s-l1600.webp,https://i.ebayimg.com/images/g/n78AAOSw7TJoF5hz/s-l1600.webp,https://i.ebayimg.com/images/g/eZ4AAOSwdSBoF5ht/s-l1600.webp,https://i.ebayimg.com/images/g/0CgAAOSwjDJoF5h6/s-l1600.webp,https://i.ebayimg.com/images/g/CMEAAOSwHApoF5h3/s-l1600.webp,https://i.ebayimg.com/images/g/YTUAAOSwGOVoF5h9/s-l1600.webp,https://i.ebayimg.com/images/g/0u8AAOSwOpFoF5hy/s-l1600.webp,https://i.ebayimg.com/images/g/UmsAAOSwMiRoF5h2/s-l1600.webp,https://i.ebayimg.com/images/g/YbIAAOSwXitoF5h2/s-l1600.webp,https://i.ebayimg.com/images/g/Z50AAOSwcV9lsS8K/s-l1600.webp,https://i.ebayimg.com/images/g/8D0AAOSwcQ1oF5h7/s-l1600.webp,https://i.ebayimg.com/images/g/-okAAOSwZZZoF5iE/s-l1600.webp
https://www.ebay.com/itm/355613033047?itmmeta=01JW68N2RXGRV1DY0J5DA601ZS&hash=item52cc304257:g:eqMAAOSwkflmEl4X,Wedding Kurta Palazzo Dupatta Set - Readymade Salwar Palazzo Combo,US $36.89,New without tags,Yes Fully Stitched,"Wedding , Festival , Partywear , Travel",Cotton,Handmade,No,Salwar Kameez,"Winter , Summer And Spring",Flared Kurta With Pant & Dupatta,3/4 Sleeve,Multi-Color,Women,Below The Knee,Printed And Hand Work,V Neck,India,https://i.ebayimg.com/images/g/eqMAAOSwkflmEl4X/s-l1600.webp,https://i.ebayimg.com/images/g/fm4AAOSwa8RmEl4T/s-l1600.webp,https://i.ebayimg.com/images/g/mMUAAOSwEAhmEl4R/s-l1600.webp,https://i.ebayimg.com/images/g/aT0AAOSwPs1mEl4V/s-l1600.webp,https://i.ebayimg.com/images/g/c5IAAOSwT2ZmEl4N/s-l1600.webp,https://i.ebayimg.com/images/g/bIEAAOSw-DxmEl4P/s-l1600.webp,https://i.ebayimg.com/images/g/Z50AAOSwcV9lsS8K/s-l1600.webp,,,,,,,,
https://www.ebay.com/itm/356477970256?itmmeta=01JW68R8NS912VJ48JCBRDGXZJ&hash=item52ffbe2750:g:De4AAOSwduJnimGg,Yellow Kurta Palazzo Dupatta Set - Bollywood Eid Festival Wear,US $37.71,New without tags,Yes Fully Stitched,"Wedding , Festival , Partywear , Travel , Puja",Cotton,Handmade,Printed,Salwar Kameez,"Winter , Summer And Spring",Straight Kurta With Pant & Dupatta,3/4 Sleeve,Multi-Color,Women,Knee,No,V Neck,India,https://i.ebayimg.com/images/g/De4AAOSwduJnimGg/s-l1600.webp,https://i.ebayimg.com/images/g/boEAAOSwrDZnimGY/s-l1600.webp,https://i.ebayimg.com/images/g/ZuwAAOSw9u9nimGX/s-l1600.webp,https://i.ebayimg.com/images/g/W44AAOSwyxFnimGl/s-l1600.webp,https://i.ebayimg.com/images/g/LjQAAOSwlURnimGc/s-l1600.webp,https://i.ebayimg.com/images/g/Z50AAOSwcV9lsS8K/s-l1600.webp,,,,,,,,,
https://www.ebay.com/itm/356585767019?itmmeta=01JW68R8NR5Q2HFPFAGJQBVE45&hash=item53062b006b:g:9lUAAOSwxRZntHaE,Festival Kurta Palazzo Dupatta Set - Designer Anarkali Kurta Kurti Set,US $36.07,New without tags,Yes Fully Stitched,"Wedding , Festival , Partywear , Travel , Puja",Cotton,Handmade,Hand Work And Printed,Salwar Kameez,"Winter , Summer And Spring",Anarkali Kurta With Pant & Dupatta,3/4 Sleeve,Multi-Color,Women,Below The Knee (48inch),No,Round Neck,India,https://i.ebayimg.com/images/g/9lUAAOSwxRZntHaE/s-l1600.webp,https://i.ebayimg.com/images/g/LYgAAOSwRX9ntHZ~/s-l1600.webp,https://i.ebayimg.com/images/g/ToMAAOSwhSJntHaI/s-l1600.webp,https://i.ebayimg.com/images/g/GlUAAOSwR61ntHaI/s-l1600.webp,https://i.ebayimg.com/images/g/Z50AAOSwcV9lsS8K/s-l1600.webp,,,,,,,,,,
https://www.ebay.com/itm/356284122990?itmmeta=01JW68N2S2PWRM0HZ2MF765E2F&hash=item52f430476e:g:2RYAAOSwfRlnPfgD,Velvet Kurta Palazzo Dupatta Set - Readymade Salwar Kameez for Women,US $45.09,New without tags,Yes Fully Stitched,"Wedding , Festival , Partywear , Travel","Velvet, Organza Dupatta",Handmade,No,Salwar Kameez,"Winter , Summer And Spring",Straight Kurta With Palazzo & Dupatta,3/4 Sleeve,Blue,Women,Knee,Embroidery Work,Round Neck,India,https://i.ebayimg.com/images/g/2RYAAOSwfRlnPfgD/s-l1600.webp,https://i.ebayimg.com/images/g/hxcAAOSw9RpnPfgD/s-l1600.webp,https://i.ebayimg.com/images/g/YZcAAOSwJMNnPfgC/s-l1600.webp,https://i.ebayimg.com/images/g/jMcAAOSwSsJnPfgE/s-l1600.webp,https://i.ebayimg.com/images/g/rtMAAOSwIOtlsS0o/s-l1600.webp,,,,,,,,,,
https://www.ebay.com/itm/356529796751?itmmeta=01JW69BT2R7G3F7K3AT81EV9FQ&hash=item5302d4f68f:g:2fAAAOSwTgFnoF38,Wedding Salwar Kameez Readymade - Bollywood Party Kurta Palazzo Set,US $49.19,New without tags,Yes Fully Stitched,"Wedding , Festival , Partywear , Travel",Georgette,Handmade,No,Salwar Kameez,"Winter , Summer And Spring",Straight Kurta With Palazzo & Dupatta,3/4 Sleeve,Blue,Women,Knee,Thread Sequence Work,Round Neck,India,https://i.ebayimg.com/images/g/2fAAAOSwTgFnoF38/s-l1600.webp,https://i.ebayimg.com/images/g/FC8AAOSw-JBnoF4E/s-l1600.webp,https://i.ebayimg.com/images/g/2fgAAOSwTgFnoF3~/s-l1600.webp,https://i.ebayimg.com/images/g/gU0AAOSwsL5noF3-/s-l1600.webp,https://i.ebayimg.com/images/g/OowAAOSwTVlnoF3-/s-l1600.webp,https://i.ebayimg.com/images/g/u40AAOSwjVdnoF39/s-l1600.webp,https://i.ebayimg.com/images/g/rtMAAOSwIOtlsS0o/s-l1600.webp,,,,,,,,
https://www.ebay.com/itm/355984710325?itmmeta=01JW69BT2PHT42M62ZG7RN6X0G&hash=item52e2579ab5:g:r14AAOSw-5Nmy1gx,Wedding Lehenga Choli Dupatta Set - Readymade Navratri Lehenga Choli,US $57.39,New without tags,Yes Fully Stitched,"Wedding , Festival , Partywear , Travel","Georgette, Micro Cotton",Handmade,No,Lengha,"Winter , Summer And Spring",Indian Lehenga Choli With Dupatta,3/4 Sleeve,White,Women,Lehenga ( 43inch ),Embroidery Sequence Work,V Neck,India,https://i.ebayimg.com/images/g/r14AAOSw-5Nmy1gx/s-l1600.webp,https://i.ebayimg.com/images/g/CT8AAOSwBERmy1g3/s-l1600.webp,https://i.ebayimg.com/images/g/RPYAAOSwGThmy1g8/s-l1600.webp,https://i.ebayimg.com/images/g/q6wAAOSwvllmy1gV/s-l1600.webp,https://i.ebayimg.com/images/g/nGIAAOSwGvtmy1gj/s-l1600.webp,https://i.ebayimg.com/images/g/rtMAAOSwIOtlsS0o/s-l1600.webp,,,,,,,,,
https://www.ebay.com/itm/355481545872?itmmeta=01JW69BT2NN2FS7N00DVQ2QN89&hash=item52c459ec90:g:QQAAAOSw719l1fQr,Pakistani Embroidered Kurta Sharara Dupatta Set - Wedding Wear,US $52.47,New without tags,Yes Fully Stitched,"Wedding , Festival , Partywear , Travel",Georgette,Handmade,No,Salwar Kameez,"Winter , Summer And Spring",Straight Kurta With Sharara & Dupatta,3/4 Sleeve,Black,Women,Knee,Golden Embroidery Work,Round Neck,India,https://i.ebayimg.com/images/g/QQAAAOSw719l1fQr/s-l1600.webp,https://i.ebayimg.com/images/g/-XUAAOSwCKxl1fQh/s-l1600.webp,https://i.ebayimg.com/images/g/7UsAAOSwQ8xl1fQn/s-l1600.webp,https://i.ebayimg.com/images/g/rtMAAOSwIOtlsS0o/s-l1600.webp,,,,,,,,,,,
https://www.ebay.com/itm/356311554964?itmmeta=01JW68R8NYG27H2MQT6SYTTFNF&hash=item52f5d2db94:g:Id8AAOSwHLpnRxNF,Readymade Kurta Pant Dupatta Set - Wedding Partywear Kurtis/Kurtas,US $37.71,New without tags,Yes Fully Stitched,"Wedding , Festival , Partywear , Travel","Cotton, Organza Dupatta",Handmade,No,Salwar Kameez,"Winter , Summer And Spring",Flared Kurta With Pant & Dupatta,3/4 Sleeve,Green,Women,Below The Knee,Gotta Lace Work,V Neck,India,https://i.ebayimg.com/images/g/Id8AAOSwHLpnRxNF/s-l1600.webp,https://i.ebayimg.com/images/g/yIwAAOSw4vVnRxNG/s-l1600.webp,https://i.ebayimg.com/images/g/Z50AAOSwcV9lsS8K/s-l1600.webp,,,,,,,,,,,,
https://www.ebay.com/itm/356395055179?itmmeta=01JW68R8NSEC2XB0BTJCA7DRTQ&hash=item52faccf84b:g:8ioAAOSwSnxnZok4,Wedding Straight Kurta Set - Readymade Salwar Kameez Combo for Women,US $51.65,New without tags,Yes Fully Stitched,"Wedding , Festival , Partywear , Travel",Velvet,Handmade,No,Salwar Kameez,"Winter , Summer And Spring",Straight Kurta With Pant & Dupatta,Full Sleeve,Green,Women,Knee (46 inch),Embroidery Sequence Work,Round Neck,India,https://i.ebayimg.com/images/g/8ioAAOSwSnxnZok4/s-l1600.webp,https://i.ebayimg.com/images/g/ZI8AAOSwm~9nZok6/s-l1600.webp,https://i.ebayimg.com/images/g/AtIAAOSw765nZok7/s-l1600.webp,https://i.ebayimg.com/images/g/MIYAAOSwi2tnZok8/s-l1600.webp,https://i.ebayimg.com/images/g/pU0AAOSwdf9nZok-/s-l1600.webp,https://i.ebayimg.com/images/g/~8AAAOSwfeZm9Rxf/s-l1600.webp,,,,,,,,,
https://www.ebay.com/itm/355956922381?itmmeta=01JW68R8NTCXP28GPHMFCKXT8W&hash=item52e0af980d:g:YqkAAOSwcnJmvebQ,Festival Wedding Kurta Palazzo Dupatta Set - Partywear Anarkali for Women,US $38.53,New without tags,Yes Fully Stitched,"Wedding , Festival , Partywear , Travel",Cotton,Handmade,Printed And Hand Work,V Neck,India,Anarkali Kurta With Pant & Dupatta,3/4 Sleeve,Multi-Color,Women,Full,Salwar Kameez,"Winter , Summer And Spring",,https://i.ebayimg.com/images/g/YqkAAOSwcnJmvebQ/s-l1600.webp,https://i.ebayimg.com/images/g/7~4AAOSw~GJmvebK/s-l1600.webp,https://i.ebayimg.com/images/g/5iAAAOSwUvJmvebS/s-l1600.webp,https://i.ebayimg.com/images/g/vqkAAOSw6qZmvebY/s-l1600.webp,https://i.ebayimg.com/images/g/7Z4AAOSwtmplsS8H/s-l1600.webp,,,,,,,,,,
https://www.ebay.com/itm/356047006371?itmmeta=01JW68N2RY96DW77Z3TKBAF9C5&hash=item52e60e2aa3:g:bXwAAOSwOqtm5ier,Readymade Kurta Palazzo Dupatta Set - Diwali Festival Salwar Kameez,US $40.99,New without tags,Yes Fully Stitched,"Wedding , Festival , Partywear , Travel , Puja",Silk,Handmade,Yes,Salwar Kameez,"Winter , Summer And Spring",Straight Kurta With Pant & Dupatta,3/4 Sleeve,Blue And White,Women,Knee,Embroidery Work And Beads Hand Adda Work,V Neck,India,https://i.ebayimg.com/images/g/bXwAAOSwOqtm5ier/s-l1600.webp,https://i.ebayimg.com/images/g/CjkAAOSw6FRm5iet/s-l1600.webp,https://i.ebayimg.com/images/g/OrkAAOSwU1dm5iep/s-l1600.webp,https://i.ebayimg.com/images/g/8iMAAOSw~ytm5ien/s-l1600.webp,https://i.ebayimg.com/images/g/K1UAAOSwZX1m5ieg/s-l1600.webp,https://i.ebayimg.com/images/g/tmYAAOSwBuRm5ied/s-l1600.webp,https://i.ebayimg.com/images/g/rXEAAOSwhJBm5iej/s-l1600.webp,https://i.ebayimg.com/images/g/kNIAAOSwt6tm5iel/s-l1600.webp,https://i.ebayimg.com/images/g/Z50AAOSwcV9lsS8K/s-l1600.webp,,,,,,
https://www.ebay.com/itm/356753705091?itmmeta=01JW68R8NV5F5BPT667XWC4QJG&hash=item53102d8883:g:mZMAAOSwTahn9jQu,Blue Embroidered Moti Palazzo Kurta Dupatta Set - Readymade Salwar Kameez,US $48.37,New without tags,Yes Fully Stitched,"Wedding , Festival , Partywear , Travel",Chinon,Handmade,No,Salwar Kameez,Winter And Spring,Straight Kurta With Palazzo & Dupatta,3/4 Sleeve,Blue,Women,Knee,Embroidery Sequence Work And Moti Work,Round Neck,India,https://i.ebayimg.com/images/g/mZMAAOSwTahn9jQu/s-l1600.webp,https://i.ebayimg.com/images/g/vPoAAOSw-1xn9jQs/s-l1600.webp,https://i.ebayimg.com/images/g/MEMAAOSwGBNn9jQs/s-l1600.webp,https://i.ebayimg.com/images/g/esIAAOSwmDNn9jQs/s-l1600.webp,https://i.ebayimg.com/images/g/jHUAAOSwtTVn9jQu/s-l1600.webp,https://i.ebayimg.com/images/g/JHwAAOSwX6Jn9jQt/s-l1600.webp,https://i.ebayimg.com/images/g/rtMAAOSwIOtlsS0o/s-l1600.webp,,,,,,,,
https://www.ebay.com/itm/356371586740?itmmeta=01JW68N2S0J6G3XGAA7AC3M5CQ&hash=item52f966deb4:g:6EYAAOSwgeZnXGVP,Readymade Kurta Pant Dupatta Set - Designer Wedding Wear for Women,US $37.71,New without tags,Yes Fully Stitched,"Wedding , Festival , Partywear , Travel , Puja",Cotton,Handmade,Embroidery Work,Salwar Kameez,"Winter , Summer And Spring",Anarkali Kurta With Pant & Dupatta,3/4 Sleeve,Green,Women,Below The Knee (46inch),No,Round Neck,India,https://i.ebayimg.com/images/g/6EYAAOSwgeZnXGVP/s-l1600.webp,https://i.ebayimg.com/images/g/MI0AAOSwg2BnXGVQ/s-l1600.webp,https://i.ebayimg.com/images/g/OVoAAOSwAwBnXGVR/s-l1600.webp,https://i.ebayimg.com/images/g/vYEAAOSwtSpnXGVQ/s-l1600.webp,https://i.ebayimg.com/images/g/3zoAAOSwI3lnXGVR/s-l1600.webp,https://i.ebayimg.com/images/g/0ncAAOSwuShnXGVQ/s-l1600.webp,https://i.ebayimg.com/images/g/Z50AAOSwcV9lsS8K/s-l1600.webp,,,,,,,,
https://www.ebay.com/itm/355432979241?itmmeta=01JW68R8NYW3Q2W2GC9AAW7MCD&hash=item52c174db29:g:i6YAAOSwnSplvMmq,Kurti Pant Set with Silk Dupatta - Pakistani Embroidered Kurta Palazzo,US $36.07,New without tags,Yes Fully Stitched,"Wedding , Festival , Partywear , Travel , Puja","Cotton, Silk",Handmade,Thread Embroidery Work And Printed Dupatta,Pakistani,"Winter , Summer And Spring",Straight Kurta With Pant & Dupatta,3/4 Sleeve,Off White,Women,Knee,No,Round Neck,India,https://i.ebayimg.com/images/g/i6YAAOSwnSplvMmq/s-l1600.webp,https://i.ebayimg.com/images/g/vo0AAOSwADFlvMmm/s-l1600.webp,https://i.ebayimg.com/images/g/H-QAAOSw~0xlvMmw/s-l1600.webp,https://i.ebayimg.com/images/g/wHwAAOSwv5plvMmt/s-l1600.webp,https://i.ebayimg.com/images/g/NBAAAOSwRYplvMmj/s-l1600.webp,https://i.ebayimg.com/images/g/j1kAAOSwi-plvMmo/s-l1600.webp,https://i.ebayimg.com/images/g/254AAOSwfC5lvMmh/s-l1600.webp,https://i.ebayimg.com/images/g/Z50AAOSwcV9lsS8K/s-l1600.webp,,,,,,,
https://www.ebay.com/itm/356447504923?itmmeta=01JW68N2RYXKD5AWAVB210BEA5&hash=item52fded4a1b:g:c2gAAOSwOcVnfnBD,Readymade Kurta Palazzo Dupatta Set - Bollywood 3 Piece Suit Combo,US $36.89,New without tags,Yes Fully Stitched,"Wedding , Festival , Partywear , Travel",Cotton,Handmade,No,Salwar Kameez,"Winter , Summer And Spring",Straight Kurta With Pant & Dupatta,3/4 Sleeve,Orange,Women,Below The Knee (46inch),Embroidery Work,Round Neck,India,https://i.ebayimg.com/images/g/c2gAAOSwOcVnfnBD/s-l1600.webp,https://i.ebayimg.com/images/g/tvMAAOSwaqFnfnBG/s-l1600.webp,https://i.ebayimg.com/images/g/whYAAOSweypnfnBD/s-l1600.webp,https://i.ebayimg.com/images/g/TEoAAOSwNClnfnBB/s-l1600.webp,https://i.ebayimg.com/images/g/Z50AAOSwcV9lsS8K/s-l1600.webp,,,,,,,,,,
https://www.ebay.com/itm/356316433651?itmmeta=01JW68N2RV00ZRGRETQB5MZ4MP&hash=item52f61d4cf3:g:S4YAAOSwFUJnSMJn,Readymade Kurta Palazzo Dupatta Set - Wedding Salwar Kameez for Women,US $37.71,New without tags,Yes Fully Stitched,"Wedding , Festival , Partywear , Travel","Cotton, Silk Dupatta",Handmade,No,Salwar Kameez,"Winter , Summer And Spring",Straight Kurta With Pant & Dupatta,3/4 Sleeve,Brown,Women,Knee,Embroidery Work And Printed Dupatta,Round Neck,India,https://i.ebayimg.com/images/g/S4YAAOSwFUJnSMJn/s-l1600.webp,https://i.ebayimg.com/images/g/IaMAAOSwYA9nSMJp/s-l1600.webp,https://i.ebayimg.com/images/g/A2MAAOSwa7dnSMJt/s-l1600.webp,https://i.ebayimg.com/images/g/yD0AAOSwSXtnSMJp/s-l1600.webp,https://i.ebayimg.com/images/g/QEwAAOSwI4JnSMJq/s-l1600.webp,https://i.ebayimg.com/images/g/5OUAAOSwyvBnSMJq/s-l1600.webp,https://i.ebayimg.com/images/g/Z50AAOSwcV9lsS8K/s-l1600.webp,,,,,,,,
https://www.ebay.com/itm/356395029257?itmmeta=01JW69BT2RNR25C5REA54AZJDG&hash=item52facc9309:g:rpMAAOSwwdZnZoXd,Black Kurta Pant with Designer Dupatta Set - Heavy Velvet Anarkali Kurta,US $51.65,New without tags,Yes Fully Stitched,"Wedding , Festival , Partywear , Travel","Soft Net Dupatta, Velvet",Handmade,No,Salwar Kameez,"Winter , Summer And Spring",Flared Kurta With Pant & Dupatta,Full Sleeve,Black,Women,Below The Knee (48inch),Embroidery Sequence Work,Round Neck,India,https://i.ebayimg.com/images/g/rpMAAOSwwdZnZoXd/s-l1600.webp,https://i.ebayimg.com/images/g/ZgEAAOSwYI1nZoXf/s-l1600.webp,https://i.ebayimg.com/images/g/W4wAAOSw~zhnZoXf/s-l1600.webp,https://i.ebayimg.com/images/g/IhQAAOSwqXlnZoXj/s-l1600.webp,https://i.ebayimg.com/images/g/9tsAAOSw8sNnZoXj/s-l1600.webp,https://i.ebayimg.com/images/g/76MAAOSwYZJnZoXk/s-l1600.webp,https://i.ebayimg.com/images/g/~8AAAOSwfeZm9Rxf/s-l1600.webp,,,,,,,,
https://www.ebay.com/itm/355984769280?itmmeta=01JW68N2RWTAHT4N5F6ZE2PBJN&hash=item52e2588100:g:J2oAAOSwh5tmy2C9,Readymade Festival Kurta Pant Set - Fully Stitched Salwar Kameez,US $36.89,New without tags,Yes Fully Stitched,"Wedding , Festival , Partywear , Travel","Cotton, Chiffon",Handmade,Hand Mirror Patti Work And Moti Work,Round Neck,India,Short Flared Kurta With Pant & Dupatta,3/4 Sleeve,White With Yellow,Women,Knee (40 inch),Salwar Kameez,"Winter , Summer And Spring",,https://i.ebayimg.com/images/g/J2oAAOSwh5tmy2C9/s-l1600.webp,https://i.ebayimg.com/images/g/2jsAAOSwVQ1my2C1/s-l1600.webp,https://i.ebayimg.com/images/g/fSwAAOSwOGtmy2C5/s-l1600.webp,https://i.ebayimg.com/images/g/NEMAAOSwLpZmy2Cq/s-l1600.webp,https://i.ebayimg.com/images/g/6CcAAOSwHJhmy2Cy/s-l1600.webp,https://i.ebayimg.com/images/g/7Z4AAOSwtmplsS8H/s-l1600.webp,,,,,,,,,
https://www.ebay.com/itm/356600656685?itmmeta=01JW69BT2MNC5D129M8VDG07DD&hash=item53070e332d:g:IX0AAOSwd2lnusdD,Pakistani Embroidered Salwar Kameez - Readymade Kurta Palazzo Dupatta,US $37.71,New without tags,Yes Fully Stitched,"Wedding , Festival , Partywear , Travel",Cotton,Handmade,No,Salwar Kameez,"Winter , Summer And Spring",Anarkali Kurta With Pant & Dupatta,3/4 Sleeve,Yellow,Women,Below The Knee,Embroidery Work,V Neck,India,https://i.ebayimg.com/images/g/IX0AAOSwd2lnusdD/s-l1600.webp,https://i.ebayimg.com/images/g/qQMAAOSw~zlnusdD/s-l1600.webp,https://i.ebayimg.com/images/g/SNUAAOSwSSVnusdD/s-l1600.webp,https://i.ebayimg.com/images/g/0zQAAOSwSyZnusdF/s-l1600.webp,https://i.ebayimg.com/images/g/RaUAAOSwL7pnusdD/s-l1600.webp,https://i.ebayimg.com/images/g/YTEAAOSwwytnusdE/s-l1600.webp,https://i.ebayimg.com/images/g/nXYAAOSwP~5nusdE/s-l1600.webp,https://i.ebayimg.com/images/g/Z50AAOSwcV9lsS8K/s-l1600.webp,,,,,,,
https://www.ebay.com/itm/356384928060?itmmeta=01JW68R8NRDQ7967R4RAWSEBK6&hash=item52fa32713c:g:3LIAAOSw5IFnYqA7,Wedding Kurta Palazzo Dupatta Set - Winter Wear Salwar Kameez for Women,US $52.47,New without tags,Yes Fully Stitched,"Wedding , Festival , Partywear , Travel",Velvet,Handmade,No,Salwar Kameez,"Winter , Summer And Spring",Straight Kurta With Pant & Dupatta,3/4 Sleeve,Please Check Real Image,Women,Knee (42inch),Embroidery Sequence Work,Round Neck,India,https://i.ebayimg.com/images/g/3LIAAOSw5IFnYqA7/s-l1600.webp,https://i.ebayimg.com/images/g/Z-0AAOSwAG9nYqA5/s-l1600.webp,https://i.ebayimg.com/images/g/TzwAAOSwlDRnYqA8/s-l1600.webp,https://i.ebayimg.com/images/g/kGMAAOSwnA1nYqA8/s-l1600.webp,https://i.ebayimg.com/images/g/BSQAAOSwAq9nYqA7/s-l1600.webp,https://i.ebayimg.com/images/g/rtMAAOSwIOtlsS0o/s-l1600.webp,,,,,,,,,
https://www.ebay.com/itm/356713739533?itmmeta=01JW68N2RXVM4HMZ8J4SQP39QF&hash=item530dcbb50d:g:ifwAAOSwlPBn5V6w,Wedding Kurta Palazzo Dupatta Set - Readymade Salwar Kameez Suit Combo,US $36.07,New without tags,Yes Fully Stitched,"Wedding , Festival , Partywear , Travel , Puja",Cotton,Handmade,Embroidery Work And Printed,Salwar Kameez,"Winter , Summer And Spring",Straight Kurta With Pant & Dupatta,3/4 Sleeve,Purple,Women,Knee,No,V Neck,India,https://i.ebayimg.com/images/g/ifwAAOSwlPBn5V6w/s-l1600.webp,https://i.ebayimg.com/images/g/9cUAAOSw-8Bn5V6y/s-l1600.webp,https://i.ebayimg.com/images/g/igUAAOSw1QFn5V6t/s-l1600.webp,https://i.ebayimg.com/images/g/f7UAAOSwP7Rn5V61/s-l1600.webp,https://i.ebayimg.com/images/g/bXUAAOSwQ0ln5V60/s-l1600.webp,https://i.ebayimg.com/images/g/Z50AAOSwcV9lsS8K/s-l1600.webp,,,,,,,,,
https://www.ebay.com/itm/356588918419?itmmeta=01JW68N2S1NG9SXPJF6MWVP8YQ&hash=item53065b1693:g:qvMAAOSwArFntZuf,Pure Silk Kurta Palazzo Dupatta Set - Eid Festival Wedding Salwar Kameez,US $49.19,New without tags,Yes Fully Stitched,"Wedding , Festival , Partywear , Travel","Silk, Organza Dupatta",Handmade,No,Salwar Kameez,"Winter , Summer And Spring",Straight Kurta With Palazzo & Dupatta,3/4 Sleeve,Multi-Color,Women,Knee (42inch),Hand Work And Fancy Moti Work,Round Neck,India,https://i.ebayimg.com/images/g/qvMAAOSwArFntZuf/s-l1600.webp,https://i.ebayimg.com/images/g/-XAAAOSw5BxntZud/s-l1600.webp,https://i.ebayimg.com/images/g/kOAAAOSwb01ntZue/s-l1600.webp,https://i.ebayimg.com/images/g/Y5kAAOSwmaZntZuf/s-l1600.webp,https://i.ebayimg.com/images/g/seoAAOSw6R5ntZuX/s-l1600.webp,https://i.ebayimg.com/images/g/uyAAAOSwSIRntZui/s-l1600.webp,https://i.ebayimg.com/images/g/ALUAAOSwyMRntZur/s-l1600.webp,https://i.ebayimg.com/images/g/ohcAAOSwH8pntZug/s-l1600.webp,https://i.ebayimg.com/images/g/rtMAAOSwIOtlsS0o/s-l1600.webp,,,,,,
https://www.ebay.com/itm/356046928553?itmmeta=01JW68N2RV3EWPF9F3SKMFK3AN&hash=item52e60cfaa9:g:-PEAAOSwz2pm5iM~,Festival Kurta Palazzo Dupatta Set - Readymade Salwar Kameez for Women,US $43.45,New without tags,Yes Fully Stitched,"Wedding , Festival , Partywear , Travel , Puja",Silk,Handmade,Embroidery Sequence Work and Hand Adda Work,Salwar Kameez,"Winter , Summer And Spring",Straight Kurta With Pant & Dupatta,3/4 Sleeve,Multi-Color,Women,Knee,Yes,Round Neck,India,https://i.ebayimg.com/images/g/-PEAAOSwz2pm5iM~/s-l1600.webp,https://i.ebayimg.com/images/g/~DUAAOSwimZm5iNB/s-l1600.webp,https://i.ebayimg.com/images/g/41EAAOSwb~9m5iM9/s-l1600.webp,https://i.ebayimg.com/images/g/yywAAOSwI0Bm5iM6/s-l1600.webp,https://i.ebayimg.com/images/g/e68AAOSwTjtm5iM4/s-l1600.webp,https://i.ebayimg.com/images/g/QHIAAOSwdRtm5iMz/s-l1600.webp,https://i.ebayimg.com/images/g/PPAAAOSw7KRm5iMw/s-l1600.webp,https://i.ebayimg.com/images/g/-qIAAOSwsWpm5iM1/s-l1600.webp,https://i.ebayimg.com/images/g/Z50AAOSwcV9lsS8K/s-l1600.webp,,,,,,
https://www.ebay.com/itm/355872915943?itmmeta=01JW68R8NW2QRA5T5ESYZ65B8E&hash=item52dbadc1e7:g:M7wAAOSwGOdmlS3Y,Bollywood Kurti Pant Dupatta Set - 3 Piece Readymade Salwar Kameez,US $40.99,New without tags,Yes Fully Stitched,"Wedding , Festival , Partywear , Travel","Silk, Linen Cotton",Handmade,No,Salwar Kameez,"Winter , Summer And Spring",Straight Kurta With Pant & Dupatta,3/4 Sleeve,Multi-Color,Women,Knee (46 inch),Hand Work,V Neck,India,https://i.ebayimg.com/images/g/M7wAAOSwGOdmlS3Y/s-l1600.webp,https://i.ebayimg.com/images/g/FX8AAOSwpWBmlS3U/s-l1600.webp,https://i.ebayimg.com/images/g/Q68AAOSwJoxmlS3S/s-l1600.webp,https://i.ebayimg.com/images/g/Lm4AAOSw3QRmlS3P/s-l1600.webp,https://i.ebayimg.com/images/g/zcYAAOSwsy1mlS3E/s-l1600.webp,https://i.ebayimg.com/images/g/fhYAAOSwlRBmlS3L/s-l1600.webp,https://i.ebayimg.com/images/g/rtMAAOSwIOtlsS0o/s-l1600.webp,,,,,,,,
https://www.ebay.com/itm/355430539633?itmmeta=01JW69BT2Q7AKF0XM1Z9MH2QN6&hash=item52c14fa171:g:ahoAAOSwTn5lu7iy,Designer Aari Work Kurta Pant Set - Pakistani Readymade Salwar Kameez,US $33.61,New without tags,Yes Fully Stitched,"Wedding , Festival , Partywear , Travel , Puja",Cotton,Handmade,Aari Work,Salwar Kameez,"Winter , Summer And Spring",Straight Kurta With Pant,3/4 Sleeve,Off White,Women,Knee,Yes,Round Neck,India,https://i.ebayimg.com/images/g/ahoAAOSwTn5lu7iy/s-l1600.webp,https://i.ebayimg.com/images/g/VnQAAOSwS1llu7i1/s-l1600.webp,https://i.ebayimg.com/images/g/kb0AAOSwEFZlu7iw/s-l1600.webp,https://i.ebayimg.com/images/g/NkcAAOSwYCVlu7iq/s-l1600.webp,https://i.ebayimg.com/images/g/FTEAAOSwzDZlu7in/s-l1600.webp,https://i.ebayimg.com/images/g/IKsAAOSwlIRlu7ik/s-l1600.webp,https://i.ebayimg.com/images/g/Z50AAOSwcV9lsS8K/s-l1600.webp,,,,,,,,
https://www.ebay.com/itm/356608461198?itmmeta=01JW68R8NWQK0WMY2SQZK8JP1Z&hash=item530785498e:g:avMAAOSwi1BnvfZQ,Yellow Eid Festival Kurta Palazzo Dupatta Set - Designer Salwar Kameez,US $36.89,New without tags,Yes Fully Stitched,"Wedding , Festival , Partywear , Travel , Puja",Cotton,Handmade,Hand Work And Printed,Salwar Kameez,"Winter , Summer And Spring",Long Kurta With Pant & Dupatta,3/4 Sleeve,Yellow,Women,Below The Knee (44inch),No,V Neck,India,https://i.ebayimg.com/images/g/avMAAOSwi1BnvfZQ/s-l1600.webp,https://i.ebayimg.com/images/g/TYoAAOSw2ElnvfZS/s-l1600.webp,https://i.ebayimg.com/images/g/giEAAOSwKxtnvfZR/s-l1600.webp,https://i.ebayimg.com/images/g/DjgAAOSw2p9nvfZT/s-l1600.webp,https://i.ebayimg.com/images/g/Z50AAOSwcV9lsS8K/s-l1600.webp,,,,,,,,,,
https://www.ebay.com/itm/356410047943?itmmeta=01JW68R8NWGT6K2W54E7CYXB5K&hash=item52fbb1bdc7:g:Us0AAOSwsednbVGv,Long Slit Aliya Cut Kurta Palazzo Dupatta Set - Eid Festival Wear,US $36.89,New without tags,Yes Fully Stitched,"Wedding , Festival , Partywear , Travel , Puja",Cotton,Handmade,Embroidery Work And Hand Work,Salwar Kameez,"Winter , Summer And Spring",Long Slit Kurta With Pant & Dupatta,3/4 Sleeve,Blue,Women,Knee (46inch),No,Round Neck,India,https://i.ebayimg.com/images/g/Us0AAOSwsednbVGv/s-l1600.webp,https://i.ebayimg.com/images/g/AvIAAOSwNe1nbVGu/s-l1600.webp,https://i.ebayimg.com/images/g/wv0AAOSwCDpnbVGt/s-l1600.webp,https://i.ebayimg.com/images/g/I6EAAOSw5g1nbVGv/s-l1600.webp,https://i.ebayimg.com/images/g/Z50AAOSwcV9lsS8K/s-l1600.webp,,,,,,,,,,
https://www.ebay.com/itm/356560558296?itmmeta=01JW68N2S0YNPTSSREXC2P0BSB&hash=item5304aa58d8:g:NB0AAOSwnqtnrE90,Readymade Eid Festival Kurta Palazzo Dupatta Set - Anarkali Flared Suit,US $37.71,New without tags,Yes Fully Stitched,"Wedding , Festival , Partywear , Travel , Puja",Cotton,Handmade,Printed,Salwar Kameez,"Winter , Summer And Spring",Anarkali Flared Kurta With Pant & Dupatta,3/4 Sleeve,Purple,Women,Below The Knee (47inch),No,Round Neck,India,https://i.ebayimg.com/images/g/NB0AAOSwnqtnrE90/s-l1600.webp,https://i.ebayimg.com/images/g/MTEAAOSwp0NnrE98/s-l1600.webp,https://i.ebayimg.com/images/g/HB8AAOSwJxNnrE92/s-l1600.webp,https://i.ebayimg.com/images/g/QFUAAOSwB0tnrE99/s-l1600.webp,https://i.ebayimg.com/images/g/Y4oAAOSwhrFnrE99/s-l1600.webp,https://i.ebayimg.com/images/g/T8gAAOSwT7tnrE-f/s-l1600.webp,https://i.ebayimg.com/images/g/Z50AAOSwcV9lsS8K/s-l1600.webp,,,,,,,,
https://www.ebay.com/itm/356678502929?itmmeta=01JW68R8NWK3W6T17JCEX32AHW&hash=item530bb20a11:g:GJUAAOSwrzRn2BA7,Gift for Her Festival Wedding Salwar Suit - Straight Kurta Palazzo Dupatta,US $36.89,New without tags,Yes Fully Stitched,"Wedding , Festival , Partywear , Travel , Puja",Cotton,Handmade,Embroidery & Pittan Work And Printed,Salwar Kameez,"Winter , Summer And Spring",Straight Side Cut Kurta With Pant & Dupatta,3/4 Sleeve,Blue,Women,Below The Knee (45inch),No,Round Neck,India,https://i.ebayimg.com/images/g/GJUAAOSwrzRn2BA7/s-l1600.webp,https://i.ebayimg.com/images/g/WCgAAOSwH~Fn2BA8/s-l1600.webp,https://i.ebayimg.com/images/g/~1oAAOSwCedn2BA8/s-l1600.webp,https://i.ebayimg.com/images/g/Hh0AAOSwkSZn2BA8/s-l1600.webp,https://i.ebayimg.com/images/g/Z50AAOSwcV9lsS8K/s-l1600.webp,,,,,,,,,,
https://www.ebay.com/itm/356828508453?itmmeta=01JW68N2RYFTJW3MW2924JBEBR&hash=item5314a2f125:g:Kb4AAOSwDGJoDK4r,Yellow Kurta Palazzo Dupatta Set - Wedding Salwar Kameez Dress Combo,US $36.89,New without tags,Yes Fully Stitched,"Wedding , Festival , Partywear , Travel",Cotton,Handmade,No,Salwar Kameez,"Winter , Summer And Spring",Straight Kurta With Pant & Dupatta,3/4 Sleeve,Yellow,Women,Knee (46 inch),Embroidery Work And Printed And Hand Work,Round Neck,India,https://i.ebayimg.com/images/g/Kb4AAOSwDGJoDK4r/s-l1600.webp,https://i.ebayimg.com/images/g/2HAAAOSwJFVoDK4s/s-l1600.webp,https://i.ebayimg.com/images/g/qvoAAOSwoeloDK4t/s-l1600.webp,https://i.ebayimg.com/images/g/-O0AAOSwhNhoDK4q/s-l1600.webp,https://i.ebayimg.com/images/g/IOgAAOSwpa5oDK4r/s-l1600.webp,https://i.ebayimg.com/images/g/Pw8AAOSwm8doDK4t/s-l1600.webp,https://i.ebayimg.com/images/g/~1cAAOSw-JloDK5X/s-l1600.webp,https://i.ebayimg.com/images/g/Z50AAOSwcV9lsS8K/s-l1600.webp,,,,,,,
https://www.ebay.com/itm/356134866165?itmmeta=01JW69BT2R0BRZ88QNTVNR9FFC&hash=item52eb4accf5:g:ki0AAOSwiSxnCBMm,Black Readymade Salwar Kameez - Bollywood Kurti Pant Fully Stitched Set,US $38.53,New without tags,Yes Fully Stitched,"Wedding , Festival , Partywear , Travel","Rayon, Organza",Handmade,No,Salwar Kameez,"Winter , Summer And Spring",Flared Kurta With Sharara & Dupatta,3/4 Sleeve,Black,Women,Below The Knee (48inch),Embroidery Work And Printed,V Neck,India,https://i.ebayimg.com/images/g/ki0AAOSwiSxnCBMm/s-l1600.webp,https://i.ebayimg.com/images/g/IewAAOSwyHFnCBMk/s-l1600.webp,https://i.ebayimg.com/images/g/O4AAAOSwrvhnCBNA/s-l1600.webp,https://i.ebayimg.com/images/g/37YAAOSwsGlnCBMc/s-l1600.webp,https://i.ebayimg.com/images/g/JRQAAOSwogRlzMF3/s-l1600.webp,,,,,,,,,,
https://www.ebay.com/itm/356062532101?itmmeta=01JW69BT2R8YXYZY6GFE31JMPA&hash=item52e6fb1205:g:EnQAAOSwradm67mn,Readymade Kurta Pant Sets - Designer Ethnic Salwar Kameez for Women,US $32.79,New without tags,Yes Fully Stitched,"Wedding , Festival , Partywear , Travel",Cotton,Handmade,No,Salwar Kameez,"Winter , Summer And Spring",Kurta With Pant,3/4 Sleeve,Yellow,Women,Knee (46 inch),Printed,Round Neck,India,https://i.ebayimg.com/images/g/EnQAAOSwradm67mn/s-l1600.webp,https://i.ebayimg.com/images/g/-4kAAOSwu8Jm67nI/s-l1600.webp,https://i.ebayimg.com/images/g/jm4AAOSw43hm67mh/s-l1600.webp,https://i.ebayimg.com/images/g/KKYAAOSw~ndm67mW/s-l1600.webp,https://i.ebayimg.com/images/g/JRQAAOSwogRlzMF3/s-l1600.webp,,,,,,,,,,
https://www.ebay.com/itm/355781351285?itmmeta=01JW68N2RZKYPFWAC7NM7CHCKG&hash=item52d6389775:g:qQQAAOSw6ctmZuWh,Wedding Wear Pink Kurta Palazzo Dupatta Set - Summer Cotton Salwar Kameez,US $37.71,New without tags,Yes Fully Stitched,"Wedding , Festival , Partywear , Travel",Cotton,Handmade,No,Palazzo Suit,"Winter , Summer And Spring",Straight Kurta With Pant & Dupatta,3/4 Sleeve,Pink,Women,Knee,Embroidery Work,V Neck,India,https://i.ebayimg.com/images/g/qQQAAOSw6ctmZuWh/s-l1600.webp,https://i.ebayimg.com/images/g/t0cAAOSwDA5mZuWU/s-l1600.webp,https://i.ebayimg.com/images/g/TeQAAOSwfudmZuWe/s-l1600.webp,https://i.ebayimg.com/images/g/yQoAAOSwwRxmZuWN/s-l1600.webp,https://i.ebayimg.com/images/g/pRUAAOSwk2pmZuW5/s-l1600.webp,https://i.ebayimg.com/images/g/sSsAAOSwrOZmZuWS/s-l1600.webp,https://i.ebayimg.com/images/g/Z50AAOSwcV9lsS8K/s-l1600.webp,,,,,,,,
https://www.ebay.com/itm/356263141901?itmmeta=01JW69BT2QXTCW05MP3PJ71V0A&hash=item52f2f0220d:g:YaAAAOSwo-JnNy3z,Readymade Kurta Sharara Dupatta Set - Pakistani Salwar Kameez for Women,US $56.57,New without tags,Yes Fully Stitched,"Wedding , Festival , Partywear , Travel",Georgette,Handmade,No,Salwar Kameez,"Winter , Summer And Spring",Straight Kurta With Sharara & Dupatta,3/4 Sleeve,Multi-Color,Women,Knee (47inch),Thread Sequence Work,Round Neck,India,https://i.ebayimg.com/images/g/YaAAAOSwo-JnNy3z/s-l1600.webp,https://i.ebayimg.com/images/g/l1cAAOSwAdhnNy3x/s-l1600.webp,https://i.ebayimg.com/images/g/-c0AAOSwZ6lnNy3w/s-l1600.webp,https://i.ebayimg.com/images/g/TEkAAOSwrSNnNy3u/s-l1600.webp,https://i.ebayimg.com/images/g/3iwAAOSwF81nNy3y/s-l1600.webp,https://i.ebayimg.com/images/g/sioAAOSwpSJnNy30/s-l1600.webp,https://i.ebayimg.com/images/g/rtMAAOSwIOtlsS0o/s-l1600.webp,,,,,,,,
https://www.ebay.com/itm/355484090645?itmmeta=01JW69BT2RZXV3XX08EDJ0XE7F&hash=item52c480c115:g:~mMAAOSwN4Nl10zm,Elegant Kurta Pant Sets - Naira Cut Palazzo Kurta 2 Piece Combo,US $32.79,New without tags,Yes Fully Stitched,"Wedding , Festival , Partywear , Travel",Rayon,Handmade,No,Salwar Kameez,"Winter , Summer And Spring",Side Cut Kurta With Pant & Dupatta,3/4 Sleeve,Multi-Color,Women,Below The Knee (47inch),Printed,Round Neck,India,https://i.ebayimg.com/images/g/~mMAAOSwN4Nl10zm/s-l1600.webp,https://i.ebayimg.com/images/g/ckAAAOSwnNZl10zZ/s-l1600.webp,https://i.ebayimg.com/images/g/~64AAOSwwWZl10zj/s-l1600.webp,https://i.ebayimg.com/images/g/zQwAAOSwNoxl10zp/s-l1600.webp,https://i.ebayimg.com/images/g/C60AAOSwoNVl10zS/s-l1600.webp,https://i.ebayimg.com/images/g/M8wAAOSwORZl10zX/s-l1600.webp,https://i.ebayimg.com/images/g/Q~QAAOSwzKdlsS7a/s-l1600.webp,,,,,,,,
https://www.ebay.com/itm/355781334908?itmmeta=01JW68R8NV726D752388SJKWH0&hash=item52d638577c:g:lWIAAOSw50pmZuDq,Designer Readymade Salwar Kameez Set - Palazzo Kurta Dupatta Top Tunic,US $37.71,New without tags,Yes Fully Stitched,"Wedding , Festival , Partywear , Travel",Cotton,Handmade,No,Indian,"Winter , Summer And Spring",Straight Kurta With Pant & Dupatta,3/4 Sleeve,Multi-Color,Women,Knee,Hand Sequence Work,V Neck,India,https://i.ebayimg.com/images/g/lWIAAOSw50pmZuDq/s-l1600.webp,https://i.ebayimg.com/images/g/ciYAAOSwdWxmZuDi/s-l1600.webp,https://i.ebayimg.com/images/g/WtMAAOSwVxRmZuDf/s-l1600.webp,https://i.ebayimg.com/images/g/F6oAAOSwPbhmZuDk/s-l1600.webp,https://i.ebayimg.com/images/g/MEgAAOSwAqxmZuDn/s-l1600.webp,https://i.ebayimg.com/images/g/yAoAAOSw5PdmZuDc/s-l1600.webp,https://i.ebayimg.com/images/g/bN8AAOSwb69mZuD-/s-l1600.webp,https://i.ebayimg.com/images/g/Z50AAOSwcV9lsS8K/s-l1600.webp,,,,,,,
https://www.ebay.com/itm/356536432047?itmmeta=01JW68R8NTSV8K25NREBFD3PJA&hash=item53033a35af:g:19MAAOSw~NtnoxUy,Pakistani Salwar Kameez Readymade - Kurta Palazzo Dupatta for Eid,US $46.73,New without tags,Yes Fully Stitched,"Wedding , Festival , Partywear , Travel",Kundan Organza,Handmade,No,Salwar Kameez,"Winter , Summer And Spring",Straight Kurta With Palazzo & Dupatta,3/4 Sleeve,Yellow,Women,Knee (45inch),Embroidery Sequence Work & Digital Printed,Round Neck,India,https://i.ebayimg.com/images/g/19MAAOSw~NtnoxUy/s-l1600.webp,https://i.ebayimg.com/images/g/JMQAAOSwvmVnoxUx/s-l1600.webp,https://i.ebayimg.com/images/g/Xr8AAOSwUvNnoxUy/s-l1600.webp,https://i.ebayimg.com/images/g/kqoAAOSwW4FnoxUz/s-l1600.webp,https://i.ebayimg.com/images/g/7GEAAOSwjvtnoxUz/s-l1600.webp,https://i.ebayimg.com/images/g/2ZoAAOSwUy1noxUz/s-l1600.webp,https://i.ebayimg.com/images/g/rtMAAOSwIOtlsS0o/s-l1600.webp,,,,,,,,
https://www.ebay.com/itm/356529951685?itmmeta=01JW68R8NVF2RJKM9R615SRYQ0&hash=item5302d753c5:g:0-IAAOSwcK1noHBK,Bollywood Party Kurta Palazzo Dupatta Set - 3 Piece Wedding Wear Combo,US $47.55,New without tags,Yes Fully Stitched,"Wedding , Festival , Partywear , Travel","Silk, Net Dupatta",Handmade,No,Salwar Kameez,"Winter , Summer And Spring",Straight Kurta With Pant & Dupatta,3/4 Sleeve,Red With Cream,Women,Knee (41inch),Embroidery Sequence Work,Round Neck,India,https://i.ebayimg.com/images/g/0-IAAOSwcK1noHBK/s-l1600.webp,https://i.ebayimg.com/images/g/A4oAAOSw68RnoHBC/s-l1600.webp,https://i.ebayimg.com/images/g/XBEAAOSw-GdnoHBZ/s-l1600.webp,https://i.ebayimg.com/images/g/pUQAAOSwEHNnoHBH/s-l1600.webp,https://i.ebayimg.com/images/g/23MAAOSw5OJnoHBH/s-l1600.webp,https://i.ebayimg.com/images/g/rtMAAOSwIOtlsS0o/s-l1600.webp,,,,,,,,,
https://www.ebay.com/itm/356127014127?itmmeta=01JW68N2S30YJWR9X0JWR13EQZ&hash=item52ead2fcef:g:~KMAAOSwU8xnBPFS,Kurta Palazzo Dupatta Set - Pakistani Embroidered Salwar Kameez for Women,US $38.53,New without tags,Yes Fully Stitched,"Wedding , Festival , Partywear , Travel","Rayon, Chanderi Dupatta",Handmade,No,Salwar Kameez,"Winter , Summer And Spring",Straight Kurta With Pant & Dupatta,3/4 Sleeve,Yellow,Women,Knee (46 inch),Embroidery Work And Printed Dupatta,Round Neck,India,https://i.ebayimg.com/images/g/~KMAAOSwU8xnBPFS/s-l1600.webp,https://i.ebayimg.com/images/g/n2YAAOSwol1nBPFK/s-l1600.webp,https://i.ebayimg.com/images/g/hWgAAOSwtVdnBPFO/s-l1600.webp,https://i.ebayimg.com/images/g/S-IAAOSwICpnBPFe/s-l1600.webp,https://i.ebayimg.com/images/g/N38AAOSwWQ1nBPFW/s-l1600.webp,https://i.ebayimg.com/images/g/z1QAAOSwKoFnBPFa/s-l1600.webp,https://i.ebayimg.com/images/g/v78AAOSw5U5nBPFF/s-l1600.webp,https://i.ebayimg.com/images/g/QhsAAOSw~FBnBPFA/s-l1600.webp,https://i.ebayimg.com/images/g/Z50AAOSwcV9lsS8K/s-l1600.webp,,,,,,
https://www.ebay.com/itm/355872987001?itmmeta=01JW69BT2RJS6SGN9X6CRAECEF&hash=item52dbaed779:g:2aMAAOSwySBmlTYS,Pakistani Wedding Salwar Kameez Suit - Indian Readymade Kurtis & Kurtas,US $36.89,New without tags,Yes Fully Stitched,"Wedding , Festival , Partywear , Travel","Cotton, 100% Silk",Handmade,Embroidery Work,Round Neck,India,Straight Kurta With Pant & Dupatta,3/4 Sleeve,Green,Women,Knee,Salwar Kameez,"Winter , Summer And Spring",,https://i.ebayimg.com/images/g/2aMAAOSwySBmlTYS/s-l1600.webp,https://i.ebayimg.com/images/g/QYEAAOSwV-BmlTYP/s-l1600.webp,https://i.ebayimg.com/images/g/M-4AAOSwmvdmlTYJ/s-l1600.webp,https://i.ebayimg.com/images/g/aX0AAOSwUZVmlTYL/s-l1600.webp,https://i.ebayimg.com/images/g/sj0AAOSwiF5mlTYp/s-l1600.webp,https://i.ebayimg.com/images/g/UAIAAOSw5gZmlTYG/s-l1600.webp,https://i.ebayimg.com/images/g/7Z4AAOSwtmplsS8H/s-l1600.webp,,,,,,,,
https://www.ebay.com/itm/356086682114?itmmeta=01JW69BT2RPAA88ZPBTCGA6MW9&hash=item52e86b9202:g:e9kAAOSwYTpm9EMw,Navratri Lehenga Choli Set - Wedding Wear Lehenga Dupatta for Women,US $54.93,New without tags,Yes Fully Stitched,"Wedding , Festival , Partywear , Travel","Georgette, Micro Cotton",Handmade,No,Lengha,"Winter , Summer And Spring",Indian Lehenga Choli With Dupatta,3/4 Sleeve,Purple,Women,Lehenga ( 43inch ),Embroidery Sequence Work,V Neck,India,https://i.ebayimg.com/images/g/e9kAAOSwYTpm9EMw/s-l1600.webp,https://i.ebayimg.com/images/g/4XEAAOSwckBm9EMt/s-l1600.webp,https://i.ebayimg.com/images/g/MJIAAOSwj91m9EMp/s-l1600.webp,https://i.ebayimg.com/images/g/YPwAAOSwe9dm9EMl/s-l1600.webp,https://i.ebayimg.com/images/g/LmAAAOSwax1m9EMe/s-l1600.webp,https://i.ebayimg.com/images/g/rtMAAOSwIOtlsS0o/s-l1600.webp,,,,,,,,,
https://www.ebay.com/itm/356509698347?itmmeta=01JW69BT2N0GTYG9TS5037V9N5&hash=item5301a2492b:g:ADQAAOSwhwtnl4vO,Pakistani Eid Special Salwar Kameez - Readymade Kurta Palazzo Set,US $36.89,New without tags,Yes Fully Stitched,"Wedding , Festival , Partywear , Travel","Cotton, Nazmin Dupatta",Handmade,No,Salwar Kameez,"Winter , Summer And Spring",Straight Kurta With Pant & Dupatta,3/4 Sleeve,Green,Women,Knee (46 inch),Embroidery Work,Round Neck,India,https://i.ebayimg.com/images/g/ADQAAOSwhwtnl4vO/s-l1600.webp,https://i.ebayimg.com/images/g/NDQAAOSw2Z9nl4vN/s-l1600.webp,https://i.ebayimg.com/images/g/DwsAAOSwByVnl4vS/s-l1600.webp,https://i.ebayimg.com/images/g/5GQAAOSwhwpnl4v4/s-l1600.webp,https://i.ebayimg.com/images/g/Z50AAOSwcV9lsS8K/s-l1600.webp,,,,,,,,,,
https://www.ebay.com/itm/356654775979?itmmeta=01JW68R8NTBJMMW41XF4Y5ZAWQ&hash=item530a47feab:g:2bEAAOSw4gxn0B3U,Festival Cotton Kurta Palazzo Dupatta Set - Readymade Salwar Kameez for Women,US $37.71,New without tags,Yes Fully Stitched,"Wedding , Festival , Partywear , Travel",Cotton,Handmade,No,Salwar Kameez,"Winter , Summer And Spring",Straight Kurta With Palazzo & Dupatta,3/4 Sleeve,Multi-Color,Women,Knee,Embroidery Work And Printed Dupatta,Round Neck,India,https://i.ebayimg.com/images/g/2bEAAOSw4gxn0B3U/s-l1600.webp,https://i.ebayimg.com/images/g/aSQAAOSw00Jn0B3S/s-l1600.webp,https://i.ebayimg.com/images/g/BC8AAOSwHHVn0B3U/s-l1600.webp,https://i.ebayimg.com/images/g/5LMAAOSwZsBn0B4G/s-l1600.webp,https://i.ebayimg.com/images/g/td4AAOSwjNFn0B3T/s-l1600.webp,https://i.ebayimg.com/images/g/q1cAAOSwUgFn0B3b/s-l1600.webp,https://i.ebayimg.com/images/g/rtMAAOSwIOtlsS0o/s-l1600.webp,,,,,,,,
https://www.ebay.com/itm/355413568692?itmmeta=01JW68R8NVG3ZQ0E0RPWM6Q7NE&hash=item52c04cacb4:g:eGUAAOSwJwxls4Ed,Readymade Salwar Kameez - Summer Cotton Kurta Palazzo Dupatta Sets,US $40.17,New without tags,Yes Fully Stitched,"Wedding , Festival , Partywear , Travel , Puja",Cotton,Handmade,No,Round Neck,India,Straight Kurta With Pant & Dupatta,3/4 Sleeve,Multi-Color,Women,Knee,Salwar Kameez,"Winter , Summer And Spring",,https://i.ebayimg.com/images/g/eGUAAOSwJwxls4Ed/s-l1600.webp,https://i.ebayimg.com/images/g/ZsUAAOSww4tls4EV/s-l1600.webp,https://i.ebayimg.com/images/g/QKYAAOSw~A1ls4ES/s-l1600.webp,https://i.ebayimg.com/images/g/k8UAAOSwdu5ls4EX/s-l1600.webp,https://i.ebayimg.com/images/g/WfEAAOSwQxtls4Ea/s-l1600.webp,https://i.ebayimg.com/images/g/NtcAAOSwsJtls4EP/s-l1600.webp,https://i.ebayimg.com/images/g/Z50AAOSwcV9lsS8K/s-l1600.webp,,,,,,,,
https://www.ebay.com/itm/356828445341?itmmeta=01JW68N2RWFWV9PTKK8VZDPJG2&hash=item5314a1fa9d:g:0W8AAOSwjOBoDKmT,Readymade Salwar Kameez - Designer Plus Size Kurta Palazzo Fully Stitched,US $36.07,New without tags,Yes Fully Stitched,"Wedding , Festival , Partywear , Travel",Rayon,Handmade,No,Salwar Kameez,"Winter , Summer And Spring",Flared Anarkali Kurta With Palazzo,3/4 Sleeve,Maroon,Women,Full (50inch),Mirror Foil Hand Aari Work,V Neck,India,https://i.ebayimg.com/images/g/0W8AAOSwjOBoDKmT/s-l1600.webp,https://i.ebayimg.com/images/g/AS8AAOSwjy9oDKmQ/s-l1600.webp,https://i.ebayimg.com/images/g/YL4AAOSwMoJoDKmQ/s-l1600.webp,https://i.ebayimg.com/images/g/pkMAAOSwoeloDKmQ/s-l1600.webp,https://i.ebayimg.com/images/g/7MQAAOSwHatoDKmQ/s-l1600.webp,https://i.ebayimg.com/images/g/Oz4AAOSwZgloDKmU/s-l1600.webp,https://i.ebayimg.com/images/g/UfwAAOSwoEJoDKmR/s-l1600.webp,https://i.ebayimg.com/images/g/Z50AAOSwcV9lsS8K/s-l1600.webp,,,,,,,
https://www.ebay.com/itm/356843742305?itmmeta=01JW68R8NWX0W4BX021K3ET2WF&hash=item53158b6461:g:y-EAAOSwjEpoEeDC,Premium Silk Kurta Palazzo Dupatta Set - Stitched Salwar Kameez Suit,US $38.53,New without tags,Yes Fully Stitched,"Wedding , Festival , Partywear , Travel","Silk, Organza Dupatta",Handmade,Embroidery Zari Work,Round Neck,India,Straight Kurta With Pant & Dupatta,3/4 Sleeve,Blue And Purple,Women,Knee,Salwar Kameez,"Winter , Summer And Spring",,https://i.ebayimg.com/images/g/y-EAAOSwjEpoEeDC/s-l1600.webp,https://i.ebayimg.com/images/g/2PgAAOSwksBoEeDI/s-l1600.webp,https://i.ebayimg.com/images/g/Ui4AAOSwxNBoEeDH/s-l1600.webp,https://i.ebayimg.com/images/g/fxcAAOSwwzJoEeDE/s-l1600.webp,https://i.ebayimg.com/images/g/jHsAAOSw4OtoEeDF/s-l1600.webp,https://i.ebayimg.com/images/g/UbwAAOSwGOVoEeDA/s-l1600.webp,https://i.ebayimg.com/images/g/uvQAAOSww4loEeDF/s-l1600.webp,https://i.ebayimg.com/images/g/y7MAAOSwp6JoEeDJ/s-l1600.webp,https://i.ebayimg.com/images/g/7Z4AAOSwtmplsS8H/s-l1600.webp,https://i.ebayimg.com/images/g/GxsAAOSwRC9oEeDa/s-l1600.webp,https://i.ebayimg.com/images/g/FjsAAOSwIuBoEeDc/s-l1600.webp,,,,
https://www.ebay.com/itm/355979379705?itmmeta=01JW68N2S37YCT5VMSN9YP5Q1T&hash=item52e20643f9:g:oL4AAOSwy5lmyGa-,Readymade Kurta Palazzo Dupatta Set - Wedding Salwar Kameez for Women,US $54.11,New without tags,Yes Fully Stitched,"Wedding , Festival , Partywear , Travel",Chinon Silk,Handmade,No,Salwar Kameez,"Winter , Summer And Spring",Straight Kurta With Palazzo & Dupatta,3/4 Sleeve,Brown,Women,Knee (37inch),Embroidery Sequence Work,Round Neck,India,https://i.ebayimg.com/images/g/oL4AAOSwy5lmyGa-/s-l1600.webp,https://i.ebayimg.com/images/g/~c8AAOSw4vFmyGaq/s-l1600.webp,https://i.ebayimg.com/images/g/YvkAAOSwaeNmyGae/s-l1600.webp,https://i.ebayimg.com/images/g/6nwAAOSwgppmyGaQ/s-l1600.webp,https://i.ebayimg.com/images/g/rtMAAOSwIOtlsS0o/s-l1600.webp,,,,,,,,,,
https://www.ebay.com/itm/356543167661?itmmeta=01JW68N2RYCWFRFH8EJNFPD749&hash=item5303a0fcad:g:fu0AAOSwiglnpbgh,Wedding Palazzo Kurta Dupatta Set - Bollywood Party Salwar Kameez Suit,US $50.83,New without tags,Yes Fully Stitched,"Wedding , Festival , Partywear , Travel",Georgette,Handmade,No,Salwar Kameez,"Winter , Summer And Spring",Straight Kurta With Palazzo & Dupatta,3/4 Sleeve,Please check real image,Women,Above The Knee ( 35inch),Heavy Embroidery Work,Round Neck,India,https://i.ebayimg.com/images/g/fu0AAOSwiglnpbgh/s-l1600.webp,https://i.ebayimg.com/images/g/m3sAAOSwcYpnpbgn/s-l1600.webp,https://i.ebayimg.com/images/g/t~QAAOSw4U9npbgn/s-l1600.webp,https://i.ebayimg.com/images/g/V8gAAOSwvD9npbgu/s-l1600.webp,https://i.ebayimg.com/images/g/pb0AAOSwKWNnpbgw/s-l1600.webp,https://i.ebayimg.com/images/g/fKgAAOSwjapnpbg3/s-l1600.webp,https://i.ebayimg.com/images/g/0a8AAOSwVbBnpbg0/s-l1600.webp,https://i.ebayimg.com/images/g/jK4AAOSw53xnpbg6/s-l1600.webp,https://i.ebayimg.com/images/g/rtMAAOSwIOtlsS0o/s-l1600.webp,,,,,,
https://www.ebay.com/itm/356633762500?itmmeta=01JW68N2RXP2QDY2RN2BPRBM9E&hash=item5309075ac4:g:gqUAAOSwWO5nxwYw,Bollywood Party Kurta Palazzo Dupatta Set - 3 Piece Salwar Kameez for Women,US $36.89,New without tags,Yes Fully Stitched,"Wedding , Festival , Partywear , Travel",Cotton,Handmade,Hand Work And Printed,V Neck,India,Straight Kurta With Pant & Dupatta,3/4 Sleeve,Multi-Color,Women,Knee,Salwar Kameez,"Winter , Summer And Spring",,https://i.ebayimg.com/images/g/gqUAAOSwWO5nxwYw/s-l1600.webp,https://i.ebayimg.com/images/g/BYcAAOSwiMJnxwYx/s-l1600.webp,https://i.ebayimg.com/images/g/8yUAAOSwbYpnxwYw/s-l1600.webp,https://i.ebayimg.com/images/g/XQwAAOSwaONnxwYs/s-l1600.webp,https://i.ebayimg.com/images/g/-88AAOSwFfhnxwY1/s-l1600.webp,https://i.ebayimg.com/images/g/uRoAAOSw-vlnxwYu/s-l1600.webp,https://i.ebayimg.com/images/g/sUsAAOSwYH1nxwYt/s-l1600.webp,https://i.ebayimg.com/images/g/UIoAAOSwCwZnxwYv/s-l1600.webp,https://i.ebayimg.com/images/g/D9QAAOSwmaZnxwYw/s-l1600.webp,https://i.ebayimg.com/images/g/VTUAAOSwdoFnxwZf/s-l1600.webp,https://i.ebayimg.com/images/g/UmcAAOSwuTdnxwYz/s-l1600.webp,https://i.ebayimg.com/images/g/YvoAAOSwyd5nxwYw/s-l1600.webp,https://i.ebayimg.com/images/g/8fkAAOSwxC1nxwY0/s-l1600.webp,https://i.ebayimg.com/images/g/5dgAAOSwrmdnxwYz/s-l1600.webp,https://i.ebayimg.com/images/g/7Z4AAOSwtmplsS8H/s-l1600.webp
https://www.ebay.com/itm/356336446692?itmmeta=01JW68N2S0CWN96GM45JX4K55Z&hash=item52f74eace4:g:cc0AAOSwQ1RnTvu8,Wedding Anarkali Kurta Pant Dupatta Set - Designer Salwar Kameez for Women,US $36.89,New without tags,Yes Fully Stitched,"Wedding , Festival , Partywear , Travel , Puja",Cotton,Handmade,Embroidery Work,Salwar Kameez,"Winter , Summer And Spring",Flared Kurta With Pant & Dupatta,3/4 Sleeve,Blue,Women,Knee (44inch),No,V Neck,India,https://i.ebayimg.com/images/g/cc0AAOSwQ1RnTvu8/s-l1600.webp,https://i.ebayimg.com/images/g/NRUAAOSwujtnTvu4/s-l1600.webp,https://i.ebayimg.com/images/g/sFMAAOSwOxNnTvu7/s-l1600.webp,https://i.ebayimg.com/images/g/Qg0AAOSwFkFnTvvA/s-l1600.webp,https://i.ebayimg.com/images/g/ad4AAOSwON5nTvu5/s-l1600.webp,https://i.ebayimg.com/images/g/Z8cAAOSwypRnTvu6/s-l1600.webp,https://i.ebayimg.com/images/g/OuEAAOSwAsNnTvu7/s-l1600.webp,https://i.ebayimg.com/images/g/QkwAAOSw30VnTvu6/s-l1600.webp,https://i.ebayimg.com/images/g/Z50AAOSwcV9lsS8K/s-l1600.webp,,,,,,
https://www.ebay.com/itm/355830769491?itmmeta=01JW68R8NTR0SXJM7QS2ETB991&hash=item52d92aa753:g:fD4AAOSwUhJmgPYU,Summer Cotton Kurta Palazzo Dupatta Set - Readymade Salwar Kameez Dresses,US $36.89,New without tags,Yes Fully Stitched,"Wedding , Festival , Partywear , Travel , Puja",Cotton,Handmade,Neck Hand Work,Salwar Kameez,"Winter , Summer And Spring",Straight Kurta With Pant & Dupatta,3/4 Sleeve,Yellow With White,Women,Knee,No,V Neck,India,https://i.ebayimg.com/images/g/fD4AAOSwUhJmgPYU/s-l1600.webp,https://i.ebayimg.com/images/g/n9IAAOSwG3xmgPYW/s-l1600.webp,https://i.ebayimg.com/images/g/mvcAAOSwyrNmgPYS/s-l1600.webp,https://i.ebayimg.com/images/g/E60AAOSw-F9mgPYO/s-l1600.webp,https://i.ebayimg.com/images/g/udQAAOSw-0tmgPY1/s-l1600.webp,https://i.ebayimg.com/images/g/fDEAAOSwUhJmgPYL/s-l1600.webp,https://i.ebayimg.com/images/g/Z50AAOSwcV9lsS8K/s-l1600.webp,,,,,,,,
https://www.ebay.com/itm/355979428375?itmmeta=01JW68N2S3G5VR10B1S3ST8QSN&hash=item52e2070217:g:lvoAAOSwjQ5myHGc,Heavy Embroidered Salwar Kameez - Diwali Festival Kurta Palazzo Dupatta Set,US $54.11,New without tags,Yes Fully Stitched,"Wedding , Festival , Partywear , Travel","Soft Net, Silk Pant",Handmade,No,Salwar Kameez,"Winter , Summer And Spring",Straight Kurta With Palazzo & Dupatta,3/4 Sleeve,Pink,Women,Knee (44inch),Hand Work And Sequence Work,V Neck,India,https://i.ebayimg.com/images/g/lvoAAOSwjQ5myHGc/s-l1600.webp,https://i.ebayimg.com/images/g/DRIAAOSwFrlmyHGa/s-l1600.webp,https://i.ebayimg.com/images/g/TTsAAOSwpJFmyHGf/s-l1600.webp,https://i.ebayimg.com/images/g/1h0AAOSw1zVmyHGR/s-l1600.webp,https://i.ebayimg.com/images/g/hRoAAOSwl-FmyHGL/s-l1600.webp,https://i.ebayimg.com/images/g/cOYAAOSwIoBmyHGX/s-l1600.webp,https://i.ebayimg.com/images/g/rtMAAOSwIOtlsS0o/s-l1600.webp,,,,,,,,
https://www.ebay.com/itm/356509666905?itmmeta=01JW69BT2PH082QKG0ACD399KS&hash=item5301a1ce59:g:AagAAOSwXgZnl4jQ,Blue Readymade Salwar Kameez - 2 Piece Kurta Palazzo Combo for Eid,US $36.07,New without tags,Yes Fully Stitched,"Wedding , Festival , Partywear , Travel",Cotton,Handmade,No,Salwar Kameez,"Winter , Summer And Spring",Anarkali Kurta With Pant,3/4 Sleeve,Blue,Women,Below The Knee (48inch),Adda and Embroidery Work,Round Neck,India,https://i.ebayimg.com/images/g/AagAAOSwXgZnl4jQ/s-l1600.webp,https://i.ebayimg.com/images/g/WAQAAOSw4-Vnl4jQ/s-l1600.webp,https://i.ebayimg.com/images/g/aJEAAOSw8Rxnl4jQ/s-l1600.webp,https://i.ebayimg.com/images/g/Z50AAOSwcV9lsS8K/s-l1600.webp,,,,,,,,,,,
https://www.ebay.com/itm/356738995065?itmmeta=01JW68N2S020PAKTH0EXKRX4ZP&hash=item530f4d1379:g:kAYAAOSwKt1n8CaN,Pakistani Readymade Salwar Kameez - Kurta Palazzo Dupatta for Women,US $36.89,New without tags,Yes Fully Stitched,"Wedding , Festival , Partywear , Travel","Cotton, Linen Dupatta",Handmade,No,Salwar Kameez,"Winter , Summer And Spring",Straight Kurta With Pant & Dupatta,3/4 Sleeve,Blue,Women,Knee,Embroidery Work,V Neck,India,https://i.ebayimg.com/images/g/kAYAAOSwKt1n8CaN/s-l1600.webp,https://i.ebayimg.com/images/g/HBAAAOSwKBln8CaQ/s-l1600.webp,https://i.ebayimg.com/images/g/LwoAAOSwMSNn8CaQ/s-l1600.webp,https://i.ebayimg.com/images/g/OfkAAOSwoLln8CaQ/s-l1600.webp,https://i.ebayimg.com/images/g/-XYAAOSwujFn8CaP/s-l1600.webp,https://i.ebayimg.com/images/g/qOcAAOSw8ztn8CaQ/s-l1600.webp,https://i.ebayimg.com/images/g/QyQAAOSw0Epn8CaR/s-l1600.webp,https://i.ebayimg.com/images/g/Z50AAOSwcV9lsS8K/s-l1600.webp,,,,,,,
https://www.ebay.com/itm/355761054786?itmmeta=01JW68R8NSGB4Z8WQHFFPYT5HW&hash=item52d502e442:g:W6wAAOSwLGpmXIk7,Designer Kurta Palazzo Dupatta Set - Readymade Salwar Kameez for Women,US $36.89,New without tags,Yes Fully Stitched,"Wedding , Festival , Partywear , Travel , Puja",Cotton,Handmade,Printed,Salwar Kameez,"Winter , Summer And Spring",Straight Kurta With Pant & Dupatta,3/4 Sleeve,Yellow,Women,Knee,No,V Neck,India,https://i.ebayimg.com/images/g/W6wAAOSwLGpmXIk7/s-l1600.webp,https://i.ebayimg.com/images/g/ThwAAOSwCExmXIk6/s-l1600.webp,https://i.ebayimg.com/images/g/5rYAAOSw35ZmXIk8/s-l1600.webp,https://i.ebayimg.com/images/g/HcIAAOSwuf5mXIk5/s-l1600.webp,https://i.ebayimg.com/images/g/Z50AAOSwcV9lsS8K/s-l1600.webp,,,,,,,,,,
https://www.ebay.com/itm/356543574184?itmmeta=01JW68R8NTKFDM5DBYF82EZ0XK&hash=item5303a730a8:g:dUMAAOSwbOJnpeK9,Bollywood Party Punjabi Patiala Kurta Dupatta Set - Wedding Festival Wear,US $48.37,New without tags,Yes Fully Stitched,"Wedding , Festival , Partywear , Travel",Chinon Silk,Handmade,No,Salwar Kameez,"Winter , Summer And Spring",Straight Kurta With Patiala & Dupatta,3/4 Sleeve,Multi-Color,Women,Above The Knee (40inch),Embroidery Sequence Work,Round Neck,India,https://i.ebayimg.com/images/g/dUMAAOSwbOJnpeK9/s-l1600.webp,https://i.ebayimg.com/images/g/hKEAAOSwAV5npeK9/s-l1600.webp,https://i.ebayimg.com/images/g/3QAAAOSwY5JnpeLL/s-l1600.webp,https://i.ebayimg.com/images/g/c9IAAOSwTApnpeLT/s-l1600.webp,https://i.ebayimg.com/images/g/f38AAOSwujRnpeLb/s-l1600.webp,https://i.ebayimg.com/images/g/xoUAAOSwuvNnpeLZ/s-l1600.webp,https://i.ebayimg.com/images/g/bzkAAOSwXDVnpeLJ/s-l1600.webp,https://i.ebayimg.com/images/g/4I4AAOSwtQtnpeLJ/s-l1600.webp,https://i.ebayimg.com/images/g/HKUAAOSwtQRnpeLR/s-l1600.webp,https://i.ebayimg.com/images/g/-BwAAOSwzrdnpeLZ/s-l1600.webp,https://i.ebayimg.com/images/g/M7UAAOSwJuRnpeLT/s-l1600.webp,https://i.ebayimg.com/images/g/mOsAAOSwlPtnpeLS/s-l1600.webp,https://i.ebayimg.com/images/g/rtMAAOSwIOtlsS0o/s-l1600.webp,https://i.ebayimg.com/images/g/P9wAAOSwhxhnpeLg/s-l1600.webp,https://i.ebayimg.com/images/g/6TkAAOSwC-NnpeLp/s-l1600.webp
https://www.ebay.com/itm/356629492649?itmmeta=01JW68R8NXR3GDPCGWFMAB1R0C&hash=item5308c633a9:g:pv0AAOSw6m1nxYZh,Eid Gift Kurta Palazzo Dupatta Set - Readymade Salwar Kameez 3 Piece,US $36.89,New without tags,Yes Fully Stitched,"Wedding , Festival , Partywear , Travel",Cotton,Handmade,Printed,Round Neck,India,Straight Kurta With Pant & Dupatta,3/4 Sleeve,Multi-Color,Women,Knee (47inch),Salwar Kameez,"Winter , Summer And Spring",,https://i.ebayimg.com/images/g/pv0AAOSw6m1nxYZh/s-l1600.webp,https://i.ebayimg.com/images/g/UMYAAOSw3xVnxYZg/s-l1600.webp,https://i.ebayimg.com/images/g/poAAAOSwXDpnxYZh/s-l1600.webp,https://i.ebayimg.com/images/g/i4EAAOSwza1nxYZh/s-l1600.webp,https://i.ebayimg.com/images/g/L1QAAOSwVrlnxYZj/s-l1600.webp,https://i.ebayimg.com/images/g/-OgAAOSwJANnxYae/s-l1600.webp,https://i.ebayimg.com/images/g/-IsAAOSwJANnxYZi/s-l1600.webp,https://i.ebayimg.com/images/g/7Z4AAOSwtmplsS8H/s-l1600.webp,,,,,,,
https://www.ebay.com/itm/355413812730?itmmeta=01JW69BT2STEJS6GM5KN4A5DV1&hash=item52c05065fa:g:2eMAAOSwr4xls5s1,Hot Red Pakistani Embroidered Salwar Kameez - Readymade Aliya Cut Kurta,US $37.71,New without tags,Yes Fully Stitched,"Wedding , Festival , Partywear , Travel , Puja",Rayon,Handmade,Embroidery Work,Salwar Kameez,"Winter , Summer And Spring",Side Cut Straight Kurta With Pant & Dupatta,3/4 Sleeve,Red,Women,Knee,No,Round Neck,India,https://i.ebayimg.com/images/g/2eMAAOSwr4xls5s1/s-l1600.webp,https://i.ebayimg.com/images/g/spAAAOSwHjdls5sz/s-l1600.webp,https://i.ebayimg.com/images/g/B8wAAOSwMKhls5sy/s-l1600.webp,https://i.ebayimg.com/images/g/fhwAAOSwWpBls5sw/s-l1600.webp,https://i.ebayimg.com/images/g/P4cAAOSwlN1ls5tK/s-l1600.webp,https://i.ebayimg.com/images/g/Z50AAOSwcV9lsS8K/s-l1600.webp,,,,,,,,,
https://www.ebay.com/itm/355957005339?itmmeta=01JW68N2RVT7T8KFGEM8WJAEJB&hash=item52e0b0dc1b:g:j8oAAOSwZbJmvfCt,Readymade Kurta Palazzo Dupatta Set - Festival Wear 3 Piece Combo for Women,US $40.99,New without tags,Yes Fully Stitched,"Wedding , Festival , Partywear , Travel","Chinon, Micro Cotton",Handmade,No,Salwar Kameez,"Winter , Summer And Spring",Straight Kurta With Pant & Dupatta,3/4 Sleeve,Multi-Color,Women,Knee (45inch),Sequence Work And Mirror Work,Round Neck,India,https://i.ebayimg.com/images/g/j8oAAOSwZbJmvfCt/s-l1600.webp,https://i.ebayimg.com/images/g/H6wAAOSw15ZmvfCk/s-l1600.webp,https://i.ebayimg.com/images/g/f2EAAOSwg7dmvfC3/s-l1600.webp,https://i.ebayimg.com/images/g/vesAAOSwCaNmvfC-/s-l1600.webp,https://i.ebayimg.com/images/g/fEAAAOSwD4RmvfCR/s-l1600.webp,https://i.ebayimg.com/images/g/eJ8AAOSwpiNmvfCb/s-l1600.webp,https://i.ebayimg.com/images/g/rtMAAOSwIOtlsS0o/s-l1600.webp,,,,,,,,
https://www.ebay.com/itm/356238127364?itmmeta=01JW69BT2QEHRT8AV9WWC5S6MH&hash=item52f1727104:g:-UEAAOSwToJnLeMR,Designer Pink Anarkali Kurta Pant Dupatta Set - Beautiful Salwar Kameez,US $37.71,New without tags,Yes Fully Stitched,"Wedding , Festival , Partywear , Travel , Puja",Cotton,Handmade,Sequence Embroidery Work,Salwar Kameez,"Winter , Summer And Spring",Flared Kurta With Pant & Dupatta,3/4 Sleeve,Pink,Women,Full (52inch),No,Round Neck,India,https://i.ebayimg.com/images/g/-UEAAOSwToJnLeMR/s-l1600.webp,https://i.ebayimg.com/images/g/uiUAAOSwo-JnLeMR/s-l1600.webp,https://i.ebayimg.com/images/g/BhIAAOSwMepnLeMQ/s-l1600.webp,https://i.ebayimg.com/images/g/tpIAAOSweeJnLeMP/s-l1600.webp,https://i.ebayimg.com/images/g/Is0AAOSwirtnLeMT/s-l1600.webp,https://i.ebayimg.com/images/g/WXoAAOSwdllnLeMU/s-l1600.webp,https://i.ebayimg.com/images/g/C6IAAOSw5sZnLeMV/s-l1600.webp,https://i.ebayimg.com/images/g/Z50AAOSwcV9lsS8K/s-l1600.webp,,,,,,,
https://www.ebay.com/itm/356537059402?itmmeta=01JW68R8NWHTFADE9E7MGEKF1S&hash=item530343c84a:g:xPkAAOSwGzBno0rX,Heavy Georgette Black Salwar Kameez - Kurta Sharara Dupatta Set for Women,US $49.19,New without tags,Yes Fully Stitched,"Wedding , Festival , Partywear , Travel",Georgette,Handmade,No,Salwar Kameez,"Winter , Summer And Spring",Straight Kurta With Sharara & Dupatta,Full Sleeve,Black,Women,Knee,Thread Sequence Work,Round Neck,India,https://i.ebayimg.com/images/g/xPkAAOSwGzBno0rX/s-l1600.webp,https://i.ebayimg.com/images/g/h~8AAOSwus5no0ra/s-l1600.webp,https://i.ebayimg.com/images/g/JvQAAOSwCMtno0rX/s-l1600.webp,https://i.ebayimg.com/images/g/gCUAAOSwemhno0rW/s-l1600.webp,https://i.ebayimg.com/images/g/JN4AAOSw-4Fno0rd/s-l1600.webp,https://i.ebayimg.com/images/g/zzUAAOSwGhNno0ra/s-l1600.webp,https://i.ebayimg.com/images/g/se4AAOSw5ZJno0re/s-l1600.webp,https://i.ebayimg.com/images/g/WmgAAOSw2r9no0rf/s-l1600.webp,https://i.ebayimg.com/images/g/rtMAAOSwIOtlsS0o/s-l1600.webp,,,,,,
https://www.ebay.com/itm/355432664351?itmmeta=01JW68R8NY59TVMGA7145FKZ3P&hash=item52c1700d1f:g:lVQAAOSw6k9lvJ2~,Pakistani Readymade Salwar Kameez - Red & Blue Kurta Palazzo Set,US $40.17,New without tags,Yes Fully Stitched,"Wedding , Festival , Partywear , Travel , Puja",Rayon,Handmade,Embroidery Work,Salwar Kameez,"Winter , Summer And Spring",Straight Kurta With Pant & Dupatta,3/4 Sleeve,Red And Blue,Women,Knee,No,Round Neck,India,https://i.ebayimg.com/images/g/lVQAAOSw6k9lvJ2~/s-l1600.webp,https://i.ebayimg.com/images/g/YVAAAOSwjUdlvJ28/s-l1600.webp,https://i.ebayimg.com/images/g/BeEAAOSwbj1lvJ26/s-l1600.webp,https://i.ebayimg.com/images/g/e9wAAOSwyUxlvJ2y/s-l1600.webp,https://i.ebayimg.com/images/g/sUMAAOSwb7dlvJ3B/s-l1600.webp,https://i.ebayimg.com/images/g/Um4AAOSwa6xlvJ29/s-l1600.webp,https://i.ebayimg.com/images/g/0vMAAOSwRYplvJ24/s-l1600.webp,https://i.ebayimg.com/images/g/9lcAAOSwcAllvJ22/s-l1600.webp,https://i.ebayimg.com/images/g/Z50AAOSwcV9lsS8K/s-l1600.webp,https://i.ebayimg.com/images/g/EC8AAOSwTnhlvJ2~/s-l1600.webp,https://i.ebayimg.com/images/g/xCsAAOSwFi1lvJ3E/s-l1600.webp,,,,
https://www.ebay.com/itm/356477989874?itmmeta=01JW69BT2MTEEETH15814CMHM5&hash=item52ffbe73f2:g:llQAAOSwGnZnimNw,Blue Readymade Salwar Kameez - Festival Wedding Kurta Palazzo Dupatta Set,US $36.89,New without tags,Yes Fully Stitched,"Wedding , Festival , Partywear , Travel , Puja",Cotton,Handmade,Printed,Salwar Kameez,"Winter , Summer And Spring",Kurta With Pant & Dupatta,3/4 Sleeve,Blue,Women,Below The Knee (46inch),No,V Neck,India,https://i.ebayimg.com/images/g/llQAAOSwGnZnimNw/s-l1600.webp,https://i.ebayimg.com/images/g/ilQAAOSwF5hnimNz/s-l1600.webp,https://i.ebayimg.com/images/g/ypYAAOSwRXpnimNl/s-l1600.webp,https://i.ebayimg.com/images/g/eNYAAOSw1gxnimNp/s-l1600.webp,https://i.ebayimg.com/images/g/NKQAAOSwEp1nimNt/s-l1600.webp,https://i.ebayimg.com/images/g/ha8AAOSwP9lnimN4/s-l1600.webp,https://i.ebayimg.com/images/g/yrwAAOSwRXpnimN5/s-l1600.webp,https://i.ebayimg.com/images/g/Z50AAOSwcV9lsS8K/s-l1600.webp,,,,,,,
https://www.ebay.com/itm/355509412688?itmmeta=01JW68N2RXKH0KQB739AKHDE5T&hash=item52c6032350:g:r8sAAOSwOcVlueUS,Readymade Salwar Kameez - Festival Wear Palazzo Kurta Set Gift for Her,US $36.89,New without tags,Yes Fully Stitched,"Wedding , Festival , Partywear , Travel , Puja",Cotton,Handmade,Printed,Indian,"Winter , Summer And Spring",Straight Kurta With Sharara & Dupatta,3/4 Sleeve,White,Women,Knee,No,V Neck,India,https://i.ebayimg.com/images/g/r8sAAOSwOcVlueUS/s-l1600.webp,https://i.ebayimg.com/images/g/Lx8AAOSw9ABlueUW/s-l1600.webp,https://i.ebayimg.com/images/g/tIkAAOSwgYJlueUY/s-l1600.webp,https://i.ebayimg.com/images/g/TAoAAOSwIjVlueUU/s-l1600.webp,https://i.ebayimg.com/images/g/gRwAAOSws71lueUQ/s-l1600.webp,https://i.ebayimg.com/images/g/Z50AAOSwcV9lsS8K/s-l1600.webp,,,,,,,,,
https://www.ebay.com/itm/356536416681?itmmeta=01JW68R8NTN5JE1BYFNAEAVAKA&hash=item530339f9a9:g:A3EAAOSwUWBnoxIT,Pakistani Salwar Kameez for Women - Bollywood Kurta Palazzo Dupatta Set,US $46.73,New without tags,Yes Fully Stitched,"Wedding , Festival , Partywear , Travel",Kundan Organza,Handmade,No,Salwar Kameez,"Winter , Summer And Spring",Straight Kurta With Palazzo & Dupatta,3/4 Sleeve,Pink,Women,Knee (45inch),Embroidery Sequence Work & Digital Printed,Round Neck,India,https://i.ebayimg.com/images/g/A3EAAOSwUWBnoxIT/s-l1600.webp,https://i.ebayimg.com/images/g/w40AAOSwTJtnoxIN/s-l1600.webp,https://i.ebayimg.com/images/g/O~0AAOSwwc1noxIN/s-l1600.webp,https://i.ebayimg.com/images/g/jV8AAOSw3lRnoxIN/s-l1600.webp,https://i.ebayimg.com/images/g/eH4AAOSwActnoxIQ/s-l1600.webp,https://i.ebayimg.com/images/g/NzUAAOSwB9lnoxIP/s-l1600.webp,https://i.ebayimg.com/images/g/3TAAAOSw4oBnoxIQ/s-l1600.webp,https://i.ebayimg.com/images/g/rtMAAOSwIOtlsS0o/s-l1600.webp,,,,,,,
https://www.ebay.com/itm/356629507457?itmmeta=01JW68R8NVYEAFNWN39B4C7N9R&hash=item5308c66d81:g:LJQAAOSwj2VnxYfo,Designer Anarkali Kurta Kurti Set - Eid Festival Wear for Women,US $36.89,New without tags,Yes Fully Stitched,"Wedding , Festival , Partywear , Travel","Cotton, Nazmin Dupatta",Handmade,Hand Work And Printed,V Neck,India,Anarkali Kurta With Pant & Dupatta,3/4 Sleeve,Pink,Women,Below The Knee (48inch),Salwar Kameez,"Winter , Summer And Spring",,https://i.ebayimg.com/images/g/LJQAAOSwj2VnxYfo/s-l1600.webp,https://i.ebayimg.com/images/g/6eYAAOSwtztnxYfp/s-l1600.webp,https://i.ebayimg.com/images/g/wFAAAOSwcTxnxYfo/s-l1600.webp,https://i.ebayimg.com/images/g/NEQAAOSwZkpnxYfm/s-l1600.webp,https://i.ebayimg.com/images/g/OwkAAOSwxLdnxYfo/s-l1600.webp,https://i.ebayimg.com/images/g/Au0AAOSwGlZnxYfp/s-l1600.webp,https://i.ebayimg.com/images/g/-rwAAOSwea5nxYfp/s-l1600.webp,https://i.ebayimg.com/images/g/Bq8AAOSwCylnxYfo/s-l1600.webp,https://i.ebayimg.com/images/g/7Z4AAOSwtmplsS8H/s-l1600.webp,,,,,,
https://www.ebay.com/itm/356371629643?itmmeta=01JW69BT2RB5DCDB228A87VSJJ&hash=item52f967864b:g:2vwAAOSwwkxnXGqc,Haldi Wedding Kurta Dhoti Dupatta Set - Velvet Salwar Kameez for Women,US $53.29,New without tags,Yes Fully Stitched,"Wedding , Festival , Partywear , Travel , Puja","Georgette, V elvet Kurta",Handmade,Embroidery Sequence Work,Salwar Kameez,"Winter , Summer And Spring",Straight Kurta With Dhoti & Dupatta,3/4 Sleeve,Black And Yellow,Women,Above The Knee ( 36inch),No,Round Neck,India,https://i.ebayimg.com/images/g/2vwAAOSwwkxnXGqc/s-l1600.webp,https://i.ebayimg.com/images/g/FKAAAOSwlgxnXGqg/s-l1600.webp,https://i.ebayimg.com/images/g/IJgAAOSwYhRnXGqg/s-l1600.webp,https://i.ebayimg.com/images/g/0RwAAOSw0vxnXGqf/s-l1600.webp,https://i.ebayimg.com/images/g/Z50AAOSwcV9lsS8K/s-l1600.webp,,,,,,,,,,
https://www.ebay.com/itm/356007623678?itmmeta=01JW68N2S0XFX79FP6GZXA34MP&hash=item52e3b53bfe:g:0gAAAOSwEttm1gfW,Readymade Bollywood Suit - Kurta Palazzo Dupatta Set Indian Salwar Combo,US $36.89,New without tags,Yes Fully Stitched,"Wedding , Festival , Partywear , Travel",Cotton,Handmade,No,Salwar Kameez,"Winter , Summer And Spring",Straight Kurta With Pant & Dupatta,3/4 Sleeve,Maroon,Women,Knee,Printed And Hand Work,V Neck,India,https://i.ebayimg.com/images/g/0gAAAOSwEttm1gfW/s-l1600.webp,https://i.ebayimg.com/images/g/AfMAAOSw0Sdm1gfL/s-l1600.webp,https://i.ebayimg.com/images/g/a4kAAOSwvIxm1gfO/s-l1600.webp,https://i.ebayimg.com/images/g/7cEAAOSw8gdm1gfG/s-l1600.webp,https://i.ebayimg.com/images/g/nkcAAOSwx4Zm1gfJ/s-l1600.webp,https://i.ebayimg.com/images/g/Z50AAOSwcV9lsS8K/s-l1600.webp,,,,,,,,,
https://www.ebay.com/itm/355436104013?itmmeta=01JW69BT2QDRMRSBMK5FY2FBA7&hash=item52c1a4894d:g:QrAAAOSwLZxlvl4m,Designer Partywear Kurta Dupatta Set - Bridal Look Anarkali Gown Suit,US $53.29,New without tags,Yes Fully Stitched,"Wedding , Festival , Partywear , Travel",Georgette,Handmade,No,Salwar Kameez,"Winter , Summer And Spring",Flared Kurta & Dupatta,3/4 Sleeve,Gray,Women,Full,Sequence Work And Embroidery Work,Round Neck,India,https://i.ebayimg.com/images/g/QrAAAOSwLZxlvl4m/s-l1600.webp,https://i.ebayimg.com/images/g/QqsAAOSw8vJlvl4j/s-l1600.webp,https://i.ebayimg.com/images/g/czwAAOSwNwVlvl4h/s-l1600.webp,https://i.ebayimg.com/images/g/rtMAAOSwIOtlsS0o/s-l1600.webp,,,,,,,,,,,
https://www.ebay.com/itm/356477908486?itmmeta=01JW68N2S01ADF7SQQ61X5X3PT&hash=item52ffbd3606:g:CcAAAOSw2gVnilxF,Readymade Kurta Palazzo Dupatta Set - Salwar Kameez 3 Piece Combo,US $37.71,New without tags,Yes Fully Stitched,"Wedding , Festival , Partywear , Travel , Puja",Cotton,Handmade,Adda Work And Printed,Salwar Kameez,"Winter , Summer And Spring",Anarkali Kurta With Pant & Dupatta,3/4 Sleeve,Multi-Color,Women,Knee,No,Round Neck,India,https://i.ebayimg.com/images/g/CcAAAOSw2gVnilxF/s-l1600.webp,https://i.ebayimg.com/images/g/TY4AAOSwcf5nilw5/s-l1600.webp,https://i.ebayimg.com/images/g/K20AAOSwjepnilxA/s-l1600.webp,https://i.ebayimg.com/images/g/K~UAAOSwsXtnilw2/s-l1600.webp,https://i.ebayimg.com/images/g/jK8AAOSwcsZnilxE/s-l1600.webp,https://i.ebayimg.com/images/g/MokAAOSwS2JnilxD/s-l1600.webp,https://i.ebayimg.com/images/g/P-YAAOSwLPJnilxE/s-l1600.webp,https://i.ebayimg.com/images/g/2vYAAOSwWeRnilxJ/s-l1600.webp,https://i.ebayimg.com/images/g/Z50AAOSwcV9lsS8K/s-l1600.webp,,,,,,
https://www.ebay.com/itm/356063489631?itmmeta=01JW69BT2R1NG12T7JDT6NWATA&hash=item52e709ae5f:g:ek4AAOSwPMNm7AYH,Pakistani Wedding Kurta Pant Sets - Diwali Wear Red Salwar Kameez for Women,US $36.89,New without tags,Yes Fully Stitched,"Wedding , Festival , Partywear , Travel",Cotton,Handmade,No,Salwar Kameez,"Winter , Summer And Spring",Straight Kurta With Pant & Dupatta,3/4 Sleeve,Red,Women,Knee,Printed And Embroidery Sequence Work,Round Neck,India,https://i.ebayimg.com/images/g/ek4AAOSwPMNm7AYH/s-l1600.webp,https://i.ebayimg.com/images/g/T1MAAOSwTwhm7AYK/s-l1600.webp,https://i.ebayimg.com/images/g/6HMAAOSwzKdm7AYO/s-l1600.webp,https://i.ebayimg.com/images/g/CNoAAOSwkwBm7AY6/s-l1600.webp,https://i.ebayimg.com/images/g/JRQAAOSwogRlzMF3/s-l1600.webp,,,,,,,,,,
https://www.ebay.com/itm/356691573280?itmmeta=01JW68N2RZM2C0QM4P6EZMDY4K&hash=item530c797a20:g:VEIAAOSwwDBn3DAo,Festival Wedding Bollywood Kurta Palazzo Dupatta Set - 3 Piece Combo,US $36.89,New without tags,Yes Fully Stitched,"Wedding , Festival , Partywear , Travel",Cotton,Handmade,Printed,V Neck,India,Long Kurta With Pant & Dupatta,3/4 Sleeve,Multi-Color,Women,Below The Knee (46inch),Salwar Kameez,"Winter , Summer And Spring",,https://i.ebayimg.com/images/g/VEIAAOSwwDBn3DAo/s-l1600.webp,https://i.ebayimg.com/images/g/o7sAAOSwewln3C~r/s-l1600.webp,https://i.ebayimg.com/images/g/8i4AAOSw1Wxn3C~9/s-l1600.webp,https://i.ebayimg.com/images/g/BD4AAOSwLg9n3C~v/s-l1600.webp,https://i.ebayimg.com/images/g/rMsAAOSwhJRn3C~t/s-l1600.webp,https://i.ebayimg.com/images/g/FFIAAOSweeRn3C~8/s-l1600.webp,https://i.ebayimg.com/images/g/Ox8AAOSw8k5n3C~5/s-l1600.webp,https://i.ebayimg.com/images/g/EbAAAOSwMBZn3C~v/s-l1600.webp,https://i.ebayimg.com/images/g/JLQAAOSwwEpn3C~6/s-l1600.webp,https://i.ebayimg.com/images/g/lgYAAOSwTEJn3C~7/s-l1600.webp,https://i.ebayimg.com/images/g/6xIAAOSwK3Rn3C~w/s-l1600.webp,https://i.ebayimg.com/images/g/fWoAAOSwnQVn3C~0/s-l1600.webp,https://i.ebayimg.com/images/g/bkIAAOSwcP9n3C~0/s-l1600.webp,https://i.ebayimg.com/images/g/7Z4AAOSwtmplsS8H/s-l1600.webp,https://i.ebayimg.com/images/g/UDIAAOSwWotn3C~8/s-l1600.webp
https://www.ebay.com/itm/356537274576?itmmeta=01JW68R8NWVBH4FW10SQ7NEPCP&hash=item53034710d0:g:QzQAAOSwMpBno17j,Bollywood Wedding Kurta Palazzo Dupatta Set - Women Kurta Pant Suit Combo,US $49.19,New without tags,Yes Fully Stitched,"Wedding , Festival , Partywear , Travel",Chinon Silk,Handmade,No,Salwar Kameez,"Winter , Summer And Spring",Straight Kurta With Palazzo & Dupatta,3/4 Sleeve,Purple,Women,Knee (42inch),Embroidery Sequence Work,Round Neck,India,https://i.ebayimg.com/images/g/QzQAAOSwMpBno17j/s-l1600.webp,https://i.ebayimg.com/images/g/8LkAAOSw72Jno17k/s-l1600.webp,https://i.ebayimg.com/images/g/SucAAOSwzVdno17m/s-l1600.webp,https://i.ebayimg.com/images/g/D04AAOSwkupno17l/s-l1600.webp,https://i.ebayimg.com/images/g/nGcAAOSwus5no17l/s-l1600.webp,https://i.ebayimg.com/images/g/rtMAAOSwIOtlsS0o/s-l1600.webp,,,,,,,,,
https://www.ebay.com/itm/356161601972?itmmeta=01JW68N2RYRTBH5G2HSWF5DQC8&hash=item52ece2c1b4:g:3jcAAOSwy8lnEQLb,Readymade Salwar Kameez - Kurta Palazzo Dupatta Set for Festival Wear,US $37.71,New without tags,Yes Fully Stitched,"Wedding , Festival , Partywear , Travel","Viscose chanderi, Taby silk Dupatta",Handmade,No,Salwar Kameez,"Winter , Summer And Spring",Straight Kurta With Pant & Dupatta,3/4 Sleeve,Maroon,Women,Knee,Beautiful Work,V Neck,India,https://i.ebayimg.com/images/g/3jcAAOSwy8lnEQLb/s-l1600.webp,https://i.ebayimg.com/images/g/e94AAOSwLatnEQLX/s-l1600.webp,https://i.ebayimg.com/images/g/jn0AAOSw4tFnEQLf/s-l1600.webp,https://i.ebayimg.com/images/g/EpwAAOSwvRhnEQLS/s-l1600.webp,https://i.ebayimg.com/images/g/9EIAAOSwqntnEQLP/s-l1600.webp,https://i.ebayimg.com/images/g/wwQAAOSwlCpnEQLL/s-l1600.webp,https://i.ebayimg.com/images/g/rtMAAOSwIOtlsS0o/s-l1600.webp,,,,,,,,
https://www.ebay.com/itm/355982711421?itmmeta=01JW69BT2PN7DT13JFMADKBSCC&hash=item52e2391a7d:g:L3IAAOSwfvZmyiMF,Rajasthani Stylish Kurta Palazzo Dupatta Set - Wedding 3 Piece Readymade Set,US $40.17,New without tags,Yes Fully Stitched,"Wedding , Festival , Partywear , Travel",Cotton,Handmade,No,Salwar Kameez,"Winter , Summer And Spring",Straight Kurta With Pant & Dupatta,3/4 Sleeve,White,Women,Knee (45inch),Embroidery Work,Round Neck,India,https://i.ebayimg.com/images/g/L3IAAOSwfvZmyiMF/s-l1600.webp,https://i.ebayimg.com/images/g/aAIAAOSwETdmyiMs/s-l1600.webp,https://i.ebayimg.com/images/g/3KoAAOSwzgtmyiMO/s-l1600.webp,https://i.ebayimg.com/images/g/EpEAAOSwBdhmyiMW/s-l1600.webp,https://i.ebayimg.com/images/g/G5oAAOSw9QJmyiMC/s-l1600.webp,https://i.ebayimg.com/images/g/skUAAOSwKzdmyiL~/s-l1600.webp,https://i.ebayimg.com/images/g/Z50AAOSwcV9lsS8K/s-l1600.webp,,,,,,,,
https://www.ebay.com/itm/356960543881?itmmeta=01JW68R8NX8QNGA5MF4YCF9DBJ&hash=item531c81a489:g:5EMAAOSw4hZoMe73,Aliya Cut Kurta Pant Designer Dupatta Set - Salwar Kameez Gift for Women,US $38.53,New without tags,Yes Fully Stitched,"Wedding , Festival , Partywear , Travel , Puja",Cotton,Handmade,Printed,Salwar Kameez,"Winter , Summer And Spring",A-line Kurta With Pant & Dupatta,3/4 Sleeve,Multi-Color,Women,Below The Knee (48inch),No,V Neck,India,https://i.ebayimg.com/images/g/5EMAAOSw4hZoMe73/s-l1600.webp,https://i.ebayimg.com/images/g/Yi8AAOSwP0RoMe72/s-l1600.webp,https://i.ebayimg.com/images/g/vrAAAOSwAV9oMe72/s-l1600.webp,https://i.ebayimg.com/images/g/Z50AAOSwcV9lsS8K/s-l1600.webp,,,,,,,,,,,
https://www.ebay.com/itm/355413759467?itmmeta=01JW68R8NV5P9GTSRC5VD8E8FQ&hash=item52c04f95eb:g:jKcAAOSwr0Nls5ZV,Punjabi Patiala Kurta with Dupatta Set - Readymade Salwar Kameez for Women,US $37.71,New without tags,Yes Fully Stitched,"Wedding , Festival , Partywear , Travel , Puja","Cotton, Chanderi",Handmade,Chikankari Embroidery Work,Salwar Kameez,"Winter , Summer And Spring",Straight Kurta With Afghani Pant & Dupatta,3/4 Sleeve,Off White,Women,Knee,No,Round Neck,India,https://i.ebayimg.com/images/g/jKcAAOSwr0Nls5ZV/s-l1600.webp,https://i.ebayimg.com/images/g/PB4AAOSweQNls5ZT/s-l1600.webp,https://i.ebayimg.com/images/g/0ScAAOSwPFZls5Zn/s-l1600.webp,https://i.ebayimg.com/images/g/cngAAOSwRGdls5ZS/s-l1600.webp,https://i.ebayimg.com/images/g/Z50AAOSwcV9lsS8K/s-l1600.webp,,,,,,,,,,
https://www.ebay.com/itm/356851389601?itmmeta=01JW68N2RYGT8CA5RGZP1NTG2R&hash=item53160014a1:g:LvIAAOSw2qRoFNI8,Readymade Salwar Kameez - Palazzo Kurta Dupatta Suit Set for Women,US $36.89,New without tags,Yes Fully Stitched,"Wedding , Festival , Partywear , Travel",Cotton,Handmade,No,Salwar Kameez,"Winter , Summer And Spring",Flared Kurta With Pant & Dupatta,3/4 Sleeve,Multi-Color,Women,Below The Knee (48inch),Embroidery Work On Neck And Printed,V Neck,India,https://i.ebayimg.com/images/g/LvIAAOSw2qRoFNI8/s-l1600.webp,https://i.ebayimg.com/images/g/K5EAAOSwzfZoFNI9/s-l1600.webp,https://i.ebayimg.com/images/g/RS8AAOSw~wpoFNI5/s-l1600.webp,https://i.ebayimg.com/images/g/DhwAAOSwctNoFNI5/s-l1600.webp,https://i.ebayimg.com/images/g/GY8AAOSwcTZoFNI9/s-l1600.webp,https://i.ebayimg.com/images/g/qqgAAOSwtdFoFNI7/s-l1600.webp,https://i.ebayimg.com/images/g/Z50AAOSwcV9lsS8K/s-l1600.webp,,,,,,,,
https://www.ebay.com/itm/356938984396?itmmeta=01JW68R8NSEEMBGDQNA2T2R61R&hash=item531b38abcc:g:wiQAAOSwYNRoLawl,Green Palazzo Kurta Dupatta Set - 3 Piece Wedding Festival Wear Combo,US $36.07,New without tags,Yes Fully Stitched,"Wedding , Festival , Partywear , Travel",Cotton,Handmade,No,Salwar Kameez,"Winter , Summer And Spring",Straight Kurta With Pant & Dupatta,3/4 Sleeve,Green,Women,Knee (45 inch),Sequence Work & Printed,Round Neck,India,https://i.ebayimg.com/images/g/wiQAAOSwYNRoLawl/s-l1600.webp,https://i.ebayimg.com/images/g/FtQAAOSw~IJoLawl/s-l1600.webp,https://i.ebayimg.com/images/g/pAsAAOSw0t9oLawm/s-l1600.webp,https://i.ebayimg.com/images/g/ZuwAAOSwxpdoLawm/s-l1600.webp,https://i.ebayimg.com/images/g/B8kAAOSwvhZoLawn/s-l1600.webp,https://i.ebayimg.com/images/g/w4kAAOSwH~1oLawj/s-l1600.webp,https://i.ebayimg.com/images/g/Z50AAOSwcV9lsS8K/s-l1600.webp,,,,,,,,
https://www.ebay.com/itm/356585607241?itmmeta=01JW68N2RX8C5MTN22APA9VR3D&hash=item5306289049:g:4c0AAOSw3z5ntGsw,Eid Festival Kurta Palazzo Dupatta Set - Readymade Kurta Palazzo for Women,US $32.79,New without tags,Yes Fully Stitched,"Wedding , Festival , Partywear , Travel , Puja",Cotton,Handmade,Embroidery Work,Salwar Kameez,"Winter , Summer And Spring",Long Kurta With Pant & Dupatta,3/4 Sleeve,Please Check Real Image,Women,Below The Knee (46inch),No,U Neck,India,https://i.ebayimg.com/images/g/4c0AAOSw3z5ntGsw/s-l1600.webp,https://i.ebayimg.com/images/g/lEYAAOSw0ihntGsx/s-l1600.webp,https://i.ebayimg.com/images/g/nt4AAOSwmaZntGsy/s-l1600.webp,https://i.ebayimg.com/images/g/Sk4AAOSwKxtntGsy/s-l1600.webp,https://i.ebayimg.com/images/g/RYgAAOSwqJxntGsv/s-l1600.webp,https://i.ebayimg.com/images/g/jJUAAOSwOL5ntGsw/s-l1600.webp,https://i.ebayimg.com/images/g/Q4wAAOSwYU1ntGtJ/s-l1600.webp,https://i.ebayimg.com/images/g/0P0AAOSwl5VntGsr/s-l1600.webp,https://i.ebayimg.com/images/g/Z50AAOSwcV9lsS8K/s-l1600.webp,,,,,,
https://www.ebay.com/itm/356371623948?itmmeta=01JW69BT2SD7T2ES47T51N2KGB&hash=item52f967700c:g:KrYAAOSwYxFnXGko,Readymade Wedding Velvet Kurta Dhoti Set - Bollywood Pakistani Combo,US $53.29,New without tags,Yes Fully Stitched,"Wedding , Festival , Partywear , Travel , Puja","Georgette, V elvet Kurta",Handmade,Embroidery Sequence Work,Salwar Kameez,"Winter , Summer And Spring",Straight Kurta With Dhoti & Dupatta,3/4 Sleeve,Black And Pink,Women,Above The Knee ( 36inch),No,Round Neck,India,https://i.ebayimg.com/images/g/KrYAAOSwYxFnXGko/s-l1600.webp,https://i.ebayimg.com/images/g/mdEAAOSwl3JnXGkp/s-l1600.webp,https://i.ebayimg.com/images/g/dAEAAOSwt8JnXGkx/s-l1600.webp,https://i.ebayimg.com/images/g/eBwAAOSwRBpnXGkv/s-l1600.webp,https://i.ebayimg.com/images/g/3KsAAOSwpIZnXGkr/s-l1600.webp,https://i.ebayimg.com/images/g/Z50AAOSwcV9lsS8K/s-l1600.webp,,,,,,,,,
https://www.ebay.com/itm/355781344870?itmmeta=01JW69BT2QRWMQFAT66FABQFY2&hash=item52d6387e66:g:jToAAOSw0vJmZuRD,Designer Kurti Pant Sets - Floral Printed Palazzo Kurta Salwar Kameez,US $37.71,New without tags,Yes Fully Stitched,"Wedding , Festival , Partywear , Travel",Cotton,Handmade,No,Palazzo Suit,"Winter , Summer And Spring",Straight Kurta With Pant & Dupatta,3/4 Sleeve,Multi-Color,Women,Knee,Neck Hand Work,Round Neck,India,https://i.ebayimg.com/images/g/jToAAOSw0vJmZuRD/s-l1600.webp,https://i.ebayimg.com/images/g/SVAAAOSw98tmZuRA/s-l1600.webp,https://i.ebayimg.com/images/g/4GoAAOSwhFpmZuQ8/s-l1600.webp,https://i.ebayimg.com/images/g/yC8AAOSwbuZmZuQ1/s-l1600.webp,https://i.ebayimg.com/images/g/JqgAAOSwY0BmZuQ5/s-l1600.webp,https://i.ebayimg.com/images/g/X6cAAOSwVxRmZuQz/s-l1600.webp,https://i.ebayimg.com/images/g/Z50AAOSwcV9lsS8K/s-l1600.webp,,,,,,,,
https://www.ebay.com/itm/356384951283?itmmeta=01JW68R8NY4MXESZY01ZHEEDTF&hash=item52fa32cbf3:g:7iMAAOSwK-1nYqI1,Haldi Yellow Wedding Kurta Pant Dupatta Set - Designer Salwar Kameez,US $52.47,New without tags,Yes Fully Stitched,"Wedding , Festival , Partywear , Travel",Chinon Silk,Handmade,No,Salwar Kameez,"Winter , Summer And Spring",Straight Kurta With Pant & Dupatta,3/4 Sleeve,Yellow,Women,Knee (44inch),Embroidery Sequence Work And Real Mirror Work,Round Neck,India,https://i.ebayimg.com/images/g/7iMAAOSwK-1nYqI1/s-l1600.webp,https://i.ebayimg.com/images/g/iz4AAOSwFUJnYqIy/s-l1600.webp,https://i.ebayimg.com/images/g/HHsAAOSwEU5nYqIy/s-l1600.webp,https://i.ebayimg.com/images/g/LLIAAOSw2TdnYqIw/s-l1600.webp,https://i.ebayimg.com/images/g/7SkAAOSwza5nYqI0/s-l1600.webp,https://i.ebayimg.com/images/g/ekoAAOSwqOpnYqIz/s-l1600.webp,https://i.ebayimg.com/images/g/h80AAOSwIcNnYqI0/s-l1600.webp,https://i.ebayimg.com/images/g/LrYAAOSwyRtnYqI0/s-l1600.webp,https://i.ebayimg.com/images/g/rtMAAOSwIOtlsS0o/s-l1600.webp,,,,,,
https://www.ebay.com/itm/356126995341?itmmeta=01JW68R8NW6N6YHXQTZMP1EMKQ&hash=item52ead2b38d:g:1bQAAOSwHYFnBO7w,Pakistani Designer Palazzo Kurta Dupatta Set - Bollywood Kurti Pant Combo,US $38.53,New without tags,Yes Fully Stitched,"Wedding , Festival , Partywear , Travel",Cotton,Handmade,No,Salwar Kameez,"Winter , Summer And Spring",Straight Kurta With Pant & Dupatta,3/4 Sleeve,Off White And Pink Dupatta,Women,Knee (46 inch),Embroidery Work And Printed Dupatta,Round Neck,India,https://i.ebayimg.com/images/g/1bQAAOSwHYFnBO7w/s-l1600.webp,https://i.ebayimg.com/images/g/R1AAAOSwUWZnBO7j/s-l1600.webp,https://i.ebayimg.com/images/g/YOkAAOSwvBxnBO7p/s-l1600.webp,https://i.ebayimg.com/images/g/clwAAOSww7RnBO7s/s-l1600.webp,https://i.ebayimg.com/images/g/00gAAOSwIyhnBO71/s-l1600.webp,https://i.ebayimg.com/images/g/p2UAAOSwrIlnBO8X/s-l1600.webp,https://i.ebayimg.com/images/g/Z50AAOSwcV9lsS8K/s-l1600.webp,,,,,,,,
https://www.ebay.com/itm/355488676030?itmmeta=01JW68R8NY3YP30BSJ46Y2HH8D&hash=item52c4c6b8be:g:vVYAAOSwEi9l2bJ6,Bollywood Wedding Kurta Pant Dupatta Set - Designer Salwar Kameez Suit,US $36.89,New without tags,Yes Fully Stitched,"Wedding , Festival , Partywear , Travel","Cotton, Kota Doriya",Handmade,Embroidery Work And Printed Dupatta,Round Neck,India,Straight Kurta With Pant & Dupatta,3/4 Sleeve,Pink,Women,Knee,Salwar Kameez,"Winter , Summer And Spring",,https://i.ebayimg.com/images/g/vVYAAOSwEi9l2bJ6/s-l1600.webp,https://i.ebayimg.com/images/g/vmIAAOSwsJxl2bJ-/s-l1600.webp,https://i.ebayimg.com/images/g/JKEAAOSwjjtl2bJ8/s-l1600.webp,https://i.ebayimg.com/images/g/NpAAAOSwqRVl2bJ4/s-l1600.webp,https://i.ebayimg.com/images/g/19EAAOSwQ4Nl2bKY/s-l1600.webp,https://i.ebayimg.com/images/g/7Z4AAOSwtmplsS8H/s-l1600.webp,,,,,,,,,
https://www.ebay.com/itm/356063476480?itmmeta=01JW68N2S2DZ6QSG24F36DWF6J&hash=item52e7097b00:g:0IoAAOSwqYtm7AS8,Festival Kurta Palazzo Dupatta Set - Wedding Wear Dresses for Women,US $36.89,New without tags,Yes Fully Stitched,"Wedding , Festival , Partywear , Travel",Cotton,Handmade,No,Salwar Kameez,"Winter , Summer And Spring",Straight Kurta With Pant & Dupatta,3/4 Sleeve,Yellow,Women,Knee,Printed And Embroidery Sequence Work,Round Neck,India,https://i.ebayimg.com/images/g/0IoAAOSwqYtm7AS8/s-l1600.webp,https://i.ebayimg.com/images/g/YO0AAOSwP49m7AS5/s-l1600.webp,https://i.ebayimg.com/images/g/tgQAAOSw-eRm7AS1/s-l1600.webp,https://i.ebayimg.com/images/g/UO4AAOSwlXlm7AS~/s-l1600.webp,https://i.ebayimg.com/images/g/gpoAAOSwnhBm7ATa/s-l1600.webp,https://i.ebayimg.com/images/g/JRQAAOSwogRlzMF3/s-l1600.webp,,,,,,,,,
https://www.ebay.com/itm/356675643281?itmmeta=01JW68N2RYTXH8TXR8HYH62CSG&hash=item530b866791:g:zgMAAOSw-11n1wD2,Summer Cotton Kurta Palazzo Dupatta Set - Wedding Salwar Kameez for Women,US $36.89,New without tags,Yes Fully Stitched,"Wedding , Festival , Partywear , Travel","Cotton, Kota Doria Dupatta",Handmade,Hand Work,Round Neck,India,Long Kurta With Pant & Dupatta,3/4 Sleeve,Blue,Women,Below The Knee (48inch),Salwar Kameez,"Winter , Summer And Spring",,https://i.ebayimg.com/images/g/zgMAAOSw-11n1wD2/s-l1600.webp,https://i.ebayimg.com/images/g/mrUAAOSwHGtn1wD1/s-l1600.webp,https://i.ebayimg.com/images/g/T6kAAOSwUm9n1wD2/s-l1600.webp,https://i.ebayimg.com/images/g/qPMAAOSwTxVn1wD1/s-l1600.webp,https://i.ebayimg.com/images/g/fBgAAOSwig5n1wD2/s-l1600.webp,https://i.ebayimg.com/images/g/qMMAAOSwunJn1wD5/s-l1600.webp,https://i.ebayimg.com/images/g/oLQAAOSw6vhn1wD1/s-l1600.webp,https://i.ebayimg.com/images/g/iNUAAOSwLxNn1wD7/s-l1600.webp,https://i.ebayimg.com/images/g/zzAAAOSw1atn1wD4/s-l1600.webp,https://i.ebayimg.com/images/g/7Z4AAOSwtmplsS8H/s-l1600.webp,,,,,
https://www.ebay.com/itm/355612931385?itmmeta=01JW68N2S2PDHXM0XF9YCZYPXR&hash=item52cc2eb539:g:Ct4AAOSwKwNmElTH,Premium Silk Kurta Palazzo Dupatta Set - Wedding Salwar Kameez Dresses,US $37.71,New without tags,Yes Fully Stitched,"Wedding , Festival , Partywear , Travel","Silk, Chanderi",Handmade,No,Kurtas/Kurti,"Winter , Summer And Spring",Straight Kurta With Pant & Dupatta,3/4 Sleeve,Multi-Color,Women,Knee,Embroidery Zari Work,V Neck,India,https://i.ebayimg.com/images/g/Ct4AAOSwKwNmElTH/s-l1600.webp,https://i.ebayimg.com/images/g/c7wAAOSwiIhmElTJ/s-l1600.webp,https://i.ebayimg.com/images/g/NukAAOSwpKxmElTF/s-l1600.webp,https://i.ebayimg.com/images/g/tRAAAOSwjyZmElTN/s-l1600.webp,https://i.ebayimg.com/images/g/iN4AAOSwtTFmElTL/s-l1600.webp,https://i.ebayimg.com/images/g/dqIAAOSwwwJmElTR/s-l1600.webp,https://i.ebayimg.com/images/g/gj4AAOSwVQpmElTQ/s-l1600.webp,https://i.ebayimg.com/images/g/Z50AAOSwcV9lsS8K/s-l1600.webp,https://i.ebayimg.com/images/g/zckAAOSwvvNmElUh/s-l1600.webp,https://i.ebayimg.com/images/g/ORIAAOSwKkFmElUn/s-l1600.webp,https://i.ebayimg.com/images/g/6oIAAOSwd7FmElUr/s-l1600.webp,,,,
https://www.ebay.com/itm/356003520386?itmmeta=01JW68R8NTABFZZD644GMWMBVY&hash=item52e3769f82:g:wQcAAOSwQMVm1Fe0,Bollywood Suit Readymade Kurta Pant Set - Stitched 2 Piece Palazzo for Women,US $31.97,New without tags,Yes Fully Stitched,"Wedding , Festival , Partywear , Travel , Puja",Cotton,Handmade,Printed And Hand Work,Salwar Kameez,"Winter , Summer And Spring",Straight Kurta With Pant,3/4 Sleeve,2-color,Women,Knee,No,V Neck,India,https://i.ebayimg.com/images/g/wQcAAOSwQMVm1Fe0/s-l1600.webp,https://i.ebayimg.com/images/g/jfEAAOSwbj5m1Fej/s-l1600.webp,https://i.ebayimg.com/images/g/w5UAAOSwmHFm1Feh/s-l1600.webp,https://i.ebayimg.com/images/g/oKcAAOSw90pm1Fer/s-l1600.webp,https://i.ebayimg.com/images/g/mo8AAOSwGdlm1Fel/s-l1600.webp,https://i.ebayimg.com/images/g/Nv8AAOSwkzBm1Fed/s-l1600.webp,https://i.ebayimg.com/images/g/Z50AAOSwcV9lsS8K/s-l1600.webp,https://i.ebayimg.com/images/g/FgEAAOSwX9Bm1FfE/s-l1600.webp,https://i.ebayimg.com/images/g/JvEAAOSwwQBm1FfH/s-l1600.webp,,,,,,
https://www.ebay.com/itm/356440842834?itmmeta=01JW68N2S2MHBFE5QHMRPGAN70&hash=item52fd87a252:g:McIAAOSwiatne7eD,Plus Size 7XL Kurta Palazzo Dupatta Set - Designer Salwar Kameez for Women,US $37.71,New without tags,Yes Fully Stitched,"Wedding , Festival , Partywear , Travel",Cotton,Handmade,No,Salwar Kameez,"Winter , Summer And Spring",Flared Kurta With Pant & Dupatta,3/4 Sleeve,Yellow,Women,Below The Knee,Printed,Round Neck,India,https://i.ebayimg.com/images/g/McIAAOSwiatne7eD/s-l1600.webp,https://i.ebayimg.com/images/g/oDEAAOSwRGRne7eC/s-l1600.webp,https://i.ebayimg.com/images/g/0nIAAOSwGVpne7eD/s-l1600.webp,https://i.ebayimg.com/images/g/rtMAAOSwIOtlsS0o/s-l1600.webp,,,,,,,,,,,
https://www.ebay.com/itm/355979463283?itmmeta=01JW68R8NXB1S7WSQ9GDC05CW3&hash=item52e2078a73:g:L-oAAOSwahpmyHb4,Wedding Flared Kurta Pant Dupatta Set - Bollywood Suits for Women,US $54.11,New without tags,Yes Fully Stitched,"Wedding , Festival , Partywear , Travel",Silk,Handmade,No,Salwar Kameez,"Winter , Summer And Spring",Flared Kurta With Pant & Dupatta,3/4 Sleeve,Green,Women,Full (53inch),Printed,V Neck,India,https://i.ebayimg.com/images/g/L-oAAOSwahpmyHb4/s-l1600.webp,https://i.ebayimg.com/images/g/LzQAAOSwTNZmyHbS/s-l1600.webp,https://i.ebayimg.com/images/g/KVIAAOSwMw5myHbm/s-l1600.webp,https://i.ebayimg.com/images/g/dncAAOSwOmBmyHbx/s-l1600.webp,https://i.ebayimg.com/images/g/rtMAAOSwIOtlsS0o/s-l1600.webp,,,,,,,,,,
https://www.ebay.com/itm/356486285512?itmmeta=01JW69BT2N6WM0KP5DF0MKMF4Y&hash=item53003d08c8:g:c3MAAOSwyN5njeok,Pakistani Embroidered Kurta Palazzo Dupatta Set - Eid Salwar Kameez Combo,US $37.71,New without tags,Yes Fully Stitched,"Wedding , Festival , Partywear , Travel , Puja",Cotton,Handmade,Embroidery Work,Salwar Kameez,"Winter , Summer And Spring",Anarkali Kurta With Pant & Dupatta,3/4 Sleeve,Yellow,Women,Below The Knee (46inch),No,V Neck,India,https://i.ebayimg.com/images/g/c3MAAOSwyN5njeok/s-l1600.webp,https://i.ebayimg.com/images/g/9JsAAOSwVf5njeol/s-l1600.webp,https://i.ebayimg.com/images/g/qykAAOSwkGZnjeom/s-l1600.webp,https://i.ebayimg.com/images/g/aFgAAOSwBydnjeom/s-l1600.webp,https://i.ebayimg.com/images/g/XXQAAOSwCWhnjeom/s-l1600.webp,https://i.ebayimg.com/images/g/9yUAAOSwfSxnjeoi/s-l1600.webp,https://i.ebayimg.com/images/g/rIAAAOSwmGFnjepJ/s-l1600.webp,https://i.ebayimg.com/images/g/~lYAAOSwHyFnjeon/s-l1600.webp,https://i.ebayimg.com/images/g/Z50AAOSwcV9lsS8K/s-l1600.webp,,,,,,
https://www.ebay.com/itm/356410066216?itmmeta=01JW69BT2NHZ3080G085XV95B1&hash=item52fbb20528:g:NhUAAOSwVhlnbVNi,Green Mehndi Kurta Pant Dupatta Set - Elegant Bollywood Wear Combo,US $36.89,New without tags,Yes Fully Stitched,"Wedding , Festival , Partywear , Travel , Puja",Cotton,Handmade,Embroidery Work And Hand Work,Salwar Kameez,"Winter , Summer And Spring",Long Slit Kurta With Pant & Dupatta,3/4 Sleeve,Green,Women,Knee (46inch),No,Round Neck,India,https://i.ebayimg.com/images/g/NhUAAOSwVhlnbVNi/s-l1600.webp,https://i.ebayimg.com/images/g/-doAAOSwelJnbVNh/s-l1600.webp,https://i.ebayimg.com/images/g/JxwAAOSwbjBnbVNi/s-l1600.webp,https://i.ebayimg.com/images/g/CS8AAOSwa-pnbVNi/s-l1600.webp,https://i.ebayimg.com/images/g/Z50AAOSwcV9lsS8K/s-l1600.webp,,,,,,,,,,
https://www.ebay.com/itm/356851427501?itmmeta=01JW68N2RZFW78WR67W56SQE9S&hash=item531600a8ad:g:zucAAOSwOgdoFNYW,Wedding Palazzo Kurta Set - Stitched Straight Kurta Kurtis 3 Piece Set,US $36.89,New without tags,Yes Fully Stitched,"Wedding , Festival , Partywear , Travel",Cotton,Handmade,No,Salwar Kameez,"Winter , Summer And Spring",Long Kurta With Pant & Dupatta,3/4 Sleeve,Please Check Real Image,Women,Below The Knee (46inch),Embroidery Work And Printed,Round Neck,India,https://i.ebayimg.com/images/g/zucAAOSwOgdoFNYW/s-l1600.webp,https://i.ebayimg.com/images/g/yIcAAOSweJ1oFNYV/s-l1600.webp,https://i.ebayimg.com/images/g/AcIAAOSw3-FoFNYX/s-l1600.webp,https://i.ebayimg.com/images/g/0yUAAOSwMkJoFNYX/s-l1600.webp,https://i.ebayimg.com/images/g/nBwAAOSwHDRoFNYS/s-l1600.webp,https://i.ebayimg.com/images/g/IIMAAOSwV85oFNYR/s-l1600.webp,https://i.ebayimg.com/images/g/P6MAAOSwWqxoFNYT/s-l1600.webp,https://i.ebayimg.com/images/g/Z50AAOSwcV9lsS8K/s-l1600.webp,,,,,,,
https://www.ebay.com/itm/356074808983?itmmeta=01JW68R8NYSFKPP4T35KBTMNZS&hash=item52e7b66697:g:b-MAAOSwQpxm7-yF,Diwali Navratri Palazzo Kurta Set - Red Readymade Salwar Kameez Top,US $43.45,New without tags,Yes Fully Stitched,"Wedding , Festival , Partywear , Travel","Soft Net, Chinon Silk",Handmade,No,Salwar Kameez,"Winter , Summer And Spring",Straight Kurta With Palazzo & Dupatta,3/4 Sleeve,Red,Women,Knee (45inch),Embroidery Sequence Work,Round Neck,India,https://i.ebayimg.com/images/g/b-MAAOSwQpxm7-yF/s-l1600.webp,https://i.ebayimg.com/images/g/T20AAOSw86hm7-yI/s-l1600.webp,https://i.ebayimg.com/images/g/E6AAAOSwgupm7-yB/s-l1600.webp,https://i.ebayimg.com/images/g/4bsAAOSwCNBm7-x5/s-l1600.webp,https://i.ebayimg.com/images/g/l5UAAOSwu8Nm7-x9/s-l1600.webp,https://i.ebayimg.com/images/g/lEUAAOSw499m7-x0/s-l1600.webp,https://i.ebayimg.com/images/g/rtMAAOSwIOtlsS0o/s-l1600.webp,,,,,,,,
https://www.ebay.com/itm/356293069077?itmmeta=01JW69BT2RS9BNQ3ZS60PK3SX4&hash=item52f4b8c915:g:h~AAAOSw2opnQMxr,Heavy Velvet Kurta Palazzo Dupatta Set - Readymade Salwar Kameez Suits,US $53.29,New without tags,Yes Fully Stitched,"Wedding , Festival , Partywear , Travel",Velvet,Handmade,No,Salwar Kameez,"Winter , Summer And Spring",Straight Kurta With Palazzo & Dupatta,3/4 Sleeve,Blue,Women,Knee (46 inch),Embroidery Work,V Neck,India,https://i.ebayimg.com/images/g/h~AAAOSw2opnQMxr/s-l1600.webp,https://i.ebayimg.com/images/g/6McAAOSwHCxnQMxx/s-l1600.webp,https://i.ebayimg.com/images/g/nWkAAOSwHuxnQMxu/s-l1600.webp,https://i.ebayimg.com/images/g/kSoAAOSwvwlnQMxq/s-l1600.webp,https://i.ebayimg.com/images/g/rtMAAOSwIOtlsS0o/s-l1600.webp,,,,,,,,,,
https://www.ebay.com/itm/355410808233?itmmeta=01JW69BT2R99MHZC5PK9YZM0GW&hash=item52c0228da9:g:xEsAAOSwcKBlsjYi,Plus Size Upto 3XL Kurta Pant Set - Designer Salwar Kameez Top Tunic Combo,US $36.89,New without tags,Yes Fully Stitched,"Wedding , Festival , Partywear , Travel","Cotton, Rayon",Handmade,No,Salwar Kameez,"Winter , Summer And Spring",Straight Kurta With Pant & Dupatta,3/4 Sleeve,Multi-Color,Women,Knee (46 inch),Printed And Gotta Lace Work,Round Neck,India,https://i.ebayimg.com/images/g/xEsAAOSwcKBlsjYi/s-l1600.webp,https://i.ebayimg.com/images/g/CWsAAOSwCONlsjYw/s-l1600.webp,https://i.ebayimg.com/images/g/4qIAAOSwtdllsjYl/s-l1600.webp,https://i.ebayimg.com/images/g/lkAAAOSwC-5lsjYr/s-l1600.webp,https://i.ebayimg.com/images/g/RQ8AAOSwyodlsjYo/s-l1600.webp,https://i.ebayimg.com/images/g/dO0AAOSwPBZlsjYV/s-l1600.webp,https://i.ebayimg.com/images/g/7AoAAOSwtwBlsjYb/s-l1600.webp,https://i.ebayimg.com/images/g/gnwAAOSwKdhlsjYO/s-l1600.webp,https://i.ebayimg.com/images/g/Q~QAAOSwzKdlsS7a/s-l1600.webp,,,,,,
https://www.ebay.com/itm/356934598230?itmmeta=01JW68R8NS1FS67HSA10MQ2CEG&hash=item531af5be56:g:0kQAAOSw9sVoLNS7,Plus Size Kurta Dupatta Set - Upto 7XL Kurtis & Kurtas Suit for Women,US $62.99,New without tags,Yes Fully Stitched,"Wedding , Festival , Partywear , Travel",Georgette,Handmade,No,Salwar Kameez,"Winter , Summer And Spring",Anarkali Kurta With Dupatta,Full Sleeve,Multi-Color,Women,Full (55-56inch),Embroidery Sequence Work,V Neck,India,https://i.ebayimg.com/images/g/0kQAAOSw9sVoLNS7/s-l1600.webp,https://i.ebayimg.com/images/g/rtMAAOSwIOtlsS0o/s-l1600.webp,,,,,,,,,,,,,
https://www.ebay.com/itm/355830813380?itmmeta=01JW69BT2NN2ACF791BC1VKEF9&hash=item52d92b52c4:g:1zcAAOSwHEdmgQEc,Black Flared Anarkali Kurta Set with Dupatta - Designer Indian Wear,US $36.89,New without tags,Yes Fully Stitched,"Wedding , Festival , Partywear , Travel , Puja",Cotton,Handmade,Printed,Anarkali,"Winter , Summer And Spring",Flared Kurta With Pant & Dupatta,3/4 Sleeve,Black,Women,Below The Knee,No,Round Neck,India,https://i.ebayimg.com/images/g/1zcAAOSwHEdmgQEc/s-l1600.webp,https://i.ebayimg.com/images/g/IT4AAOSwiptmgQEZ/s-l1600.webp,https://i.ebayimg.com/images/g/Sa0AAOSwjAxmgQEd/s-l1600.webp,https://i.ebayimg.com/images/g/DyEAAOSw4d5mgQEf/s-l1600.webp,https://i.ebayimg.com/images/g/W4oAAOSwiOZmgQEW/s-l1600.webp,https://i.ebayimg.com/images/g/4Z0AAOSwHldmgQEX/s-l1600.webp,https://i.ebayimg.com/images/g/Z50AAOSwcV9lsS8K/s-l1600.webp,,,,,,,,
https://www.ebay.com/itm/355475906385?itmmeta=01JW69BT2S9CYDVQ7MR68YP79H&hash=item52c403df51:g:K7wAAOSw1thl0yZO,Blue Anarkali Gown Set with Heavy Embroidery - Eid & Wedding Special,US $53.29,New without tags,Yes Fully Stitched,"Wedding , Festival , Partywear , Travel",Georgette,Handmade,No,Salwar Kameez,"Winter , Summer And Spring",Flared Kurta With Pant & Dupatta,3/4 Sleeve,Blue,Women,Full (54inch),Sequence Thread Work,V Neck,India,https://i.ebayimg.com/images/g/K7wAAOSw1thl0yZO/s-l1600.webp,https://i.ebayimg.com/images/g/ZpMAAOSwle9l0yZM/s-l1600.webp,https://i.ebayimg.com/images/g/9PMAAOSwQphl0yY1/s-l1600.webp,https://i.ebayimg.com/images/g/ptoAAOSw3X9l0yZH/s-l1600.webp,https://i.ebayimg.com/images/g/iAcAAOSwodBl0yYw/s-l1600.webp,https://i.ebayimg.com/images/g/rtMAAOSwIOtlsS0o/s-l1600.webp,,,,,,,,,
https://www.ebay.com/itm/355598633894?itmmeta=01JW68R8NWZ1R4C9CYN2SXBNYG&hash=item52cb548ba6:g:C1QAAOSw0-1mC~dY,Pakistani Readymade Salwar Kameez Set - Festival & Wedding Wear,US $37.71,New without tags,Yes Fully Stitched,"Wedding , Festival , Partywear , Travel , Puja",Cotton,Handmade,Embroidery Work,Salwar Kameez,"Winter , Summer And Spring",Straight Kurta With Pant & Dupatta,3/4 Sleeve,"Yellow , Pink And Black",Women,Knee,No,Round Neck,India,https://i.ebayimg.com/images/g/C1QAAOSw0-1mC~dY/s-l1600.webp,https://i.ebayimg.com/images/g/WKMAAOSwZUVmC~dU/s-l1600.webp,https://i.ebayimg.com/images/g/0MYAAOSwsStmC~dR/s-l1600.webp,https://i.ebayimg.com/images/g/BrgAAOSwzURmC~dB/s-l1600.webp,https://i.ebayimg.com/images/g/0yAAAOSwXWRmC~dL/s-l1600.webp,https://i.ebayimg.com/images/g/drgAAOSw-kxmC~dG/s-l1600.webp,https://i.ebayimg.com/images/g/nP4AAOSwcBhmC~c8/s-l1600.webp,https://i.ebayimg.com/images/g/e4cAAOSwc9VmC~c-/s-l1600.webp,https://i.ebayimg.com/images/g/BI4AAOSwZSxmC~dE/s-l1600.webp,https://i.ebayimg.com/images/g/Z50AAOSwcV9lsS8K/s-l1600.webp,https://i.ebayimg.com/images/g/tHkAAOSwMPpmC~dI/s-l1600.webp,https://i.ebayimg.com/images/g/NLwAAOSwI9dmC~dU/s-l1600.webp,https://i.ebayimg.com/images/g/eM4AAOSwZE5mC~dW/s-l1600.webp,,
https://www.ebay.com/itm/356062603260?itmmeta=01JW68N2RZJ5QTP1VZMGJ855WS&hash=item52e6fc27fc:g:9W4AAOSwTIdm68Bg,Readymade Kurta Palazzo Dupatta Set - Indian Wedding Salwar Kameez,US $36.89,New without tags,Yes Fully Stitched,"Wedding , Festival , Partywear , Travel",Cotton,Handmade,No,Salwar Kameez,"Winter , Summer And Spring",Straight Kurta With Pant & Dupatta,3/4 Sleeve,Blue,Women,Knee,Printed And Embroidery Work,V Neck,India,https://i.ebayimg.com/images/g/9W4AAOSwTIdm68Bg/s-l1600.webp,https://i.ebayimg.com/images/g/fHwAAOSwwrpm68BM/s-l1600.webp,https://i.ebayimg.com/images/g/QHAAAOSw05Fm68Aa/s-l1600.webp,https://i.ebayimg.com/images/g/C-4AAOSwrPRm68AO/s-l1600.webp,https://i.ebayimg.com/images/g/4FMAAOSwX7Vm68AT/s-l1600.webp,https://i.ebayimg.com/images/g/JRQAAOSwogRlzMF3/s-l1600.webp,,,,,,,,,
https://www.ebay.com/itm/356753586272?itmmeta=01JW68R8NVQPQS8VFD17DP694B&hash=item53102bb860:g:0iAAAOSwYK1n9ioR,Embroidered Kurta Pant Dupatta Set - 3-Piece Indian Salwar Kameez,US $36.89,New without tags,Yes Fully Stitched,"Wedding , Festival , Partywear , Travel",Cotton,Handmade,No,Salwar Kameez,"Winter , Summer And Spring",Anarkali Kurta With Pant & Dupatta,3/4 Sleeve,Green,Women,Below The Knee (48inch),Embroidery Work And Printed Dupatta,V Neck,India,https://i.ebayimg.com/images/g/0iAAAOSwYK1n9ioR/s-l1600.webp,https://i.ebayimg.com/images/g/wwgAAOSw025n9ioR/s-l1600.webp,https://i.ebayimg.com/images/g/Q64AAOSw4gBn9ioT/s-l1600.webp,https://i.ebayimg.com/images/g/82AAAOSwgSFn9ioR/s-l1600.webp,https://i.ebayimg.com/images/g/LPgAAOSws~dn9ioS/s-l1600.webp,https://i.ebayimg.com/images/g/Z50AAOSwcV9lsS8K/s-l1600.webp,,,,,,,,,
https://www.ebay.com/itm/355598625145?itmmeta=01JW69BT2R2QSPDV6KX97RZRNM&hash=item52cb546979:g:mhkAAOSwDvlmC~YQ,Designer Kurti Pant Set - Readymade Salwar Kameez for Women & Girls,US $36.89,New without tags,Yes Fully Stitched,"Wedding , Festival , Partywear , Travel , Puja",Cotton,Handmade,Printed,Salwar Kameez,"Winter , Summer And Spring",Straight Kurta With Pant & Dupatta,3/4 Sleeve,Peach,Women,Knee,No,Round Neck,India,https://i.ebayimg.com/images/g/mhkAAOSwDvlmC~YQ/s-l1600.webp,https://i.ebayimg.com/images/g/fSsAAOSw0JFmC~YO/s-l1600.webp,https://i.ebayimg.com/images/g/sQ4AAOSwz6FmC~YL/s-l1600.webp,https://i.ebayimg.com/images/g/LYkAAOSw1PJmC~YJ/s-l1600.webp,https://i.ebayimg.com/images/g/dr4AAOSwZwFmC~YM/s-l1600.webp,https://i.ebayimg.com/images/g/~1gAAOSwj4VmC~YH/s-l1600.webp,https://i.ebayimg.com/images/g/Hm0AAOSwFHdmC~YD/s-l1600.webp,https://i.ebayimg.com/images/g/Z50AAOSwcV9lsS8K/s-l1600.webp,,,,,,,
https://www.ebay.com/itm/356419991228?itmmeta=01JW68N2RZJCYAASV0YPCKT59T&hash=item52fc4976bc:g:SywAAOSw3N9ncnqp,Pakistani Bollywood Kurta Palazzo Set - Wedding & Festival Wear,US $37.71,New without tags,Yes Fully Stitched,"Wedding , Festival , Partywear , Travel , Puja",Cotton,Handmade,Embroidery Work With Printed Dupatta,Salwar Kameez,"Winter , Summer And Spring",Flared Anarkali Kurta With Pant & Dupatta,3/4 Sleeve,Blue,Women,Knee,Yes,V Neck,India,https://i.ebayimg.com/images/g/SywAAOSw3N9ncnqp/s-l1600.webp,https://i.ebayimg.com/images/g/IX0AAOSwEm5ncnqp/s-l1600.webp,https://i.ebayimg.com/images/g/2-gAAOSwXMVncnqu/s-l1600.webp,https://i.ebayimg.com/images/g/NSYAAOSwK5Bncnqu/s-l1600.webp,https://i.ebayimg.com/images/g/qNoAAOSwCbhncnqw/s-l1600.webp,https://i.ebayimg.com/images/g/dLsAAOSwIFhncnqw/s-l1600.webp,https://i.ebayimg.com/images/g/Z50AAOSwcV9lsS8K/s-l1600.webp,,,,,,,,
https://www.ebay.com/itm/356907319673?itmmeta=01JW68N2RYRXTP59F1CCAAH300&hash=item5319558179:g:hQMAAOSwsRdoJzp7,Yellow Designer Kurta Palazzo Dupatta Set - 3-Piece Salwar Kameez,US $38.53,New without tags,Yes Fully Stitched,"Wedding , Festival , Partywear , Travel , Puja","Chanderi Kurta, Chanderi Dupatta, Cotton Pant",Handmade,Embroidery Work & Hand Work,Salwar Kameez,"Winter , Summer And Spring",Straight Kurta With Pant & Dupatta,3/4 Sleeve,Yellow,Women,Knee (44inch),No,V Neck,India,https://i.ebayimg.com/images/g/hQMAAOSwsRdoJzp7/s-l1600.webp,https://i.ebayimg.com/images/g/nPkAAOSw5oVoJzp5/s-l1600.webp,https://i.ebayimg.com/images/g/vMwAAOSwUHBoJzp3/s-l1600.webp,https://i.ebayimg.com/images/g/lhgAAOSw1wpoJzp3/s-l1600.webp,https://i.ebayimg.com/images/g/EiQAAOSwVwpoJzp6/s-l1600.webp,https://i.ebayimg.com/images/g/GzYAAOSwHpRoJzp5/s-l1600.webp,https://i.ebayimg.com/images/g/2L4AAOSwJXBoJzp5/s-l1600.webp,https://i.ebayimg.com/images/g/2AAAAOSw8kZoJzp7/s-l1600.webp,https://i.ebayimg.com/images/g/W0UAAOSwjmBoJzpz/s-l1600.webp,https://i.ebayimg.com/images/g/Z50AAOSwcV9lsS8K/s-l1600.webp,,,,,
https://www.ebay.com/itm/356529817503?itmmeta=01JW68R8NR3S2R98QT13G8EHR5&hash=item5302d5479f:g:ACMAAOSwHcVnoGDr,Bollywood Partywear Salwar Kameez - Elegant Kurta Palazzo Set,US $49.19,New without tags,Yes Fully Stitched,"Wedding , Festival , Partywear , Travel",Georgette,Handmade,No,Salwar Kameez,"Winter , Summer And Spring",Straight Kurta With Palazzo & Dupatta,3/4 Sleeve,Pink,Women,Knee,Thread Sequence Work,Round Neck,India,https://i.ebayimg.com/images/g/ACMAAOSwHcVnoGDr/s-l1600.webp,https://i.ebayimg.com/images/g/nRwAAOSwD~hnoGDu/s-l1600.webp,https://i.ebayimg.com/images/g/Iz8AAOSwYipnoGDt/s-l1600.webp,https://i.ebayimg.com/images/g/T7AAAOSwvV5noGDr/s-l1600.webp,https://i.ebayimg.com/images/g/eh0AAOSw6NpnoGDu/s-l1600.webp,https://i.ebayimg.com/images/g/EfwAAOSwjapnoGDx/s-l1600.webp,https://i.ebayimg.com/images/g/rtMAAOSwIOtlsS0o/s-l1600.webp,,,,,,,,
https://www.ebay.com/itm/356537004451?itmmeta=01JW68N2S3W0NRZW4QE8BRF92H&hash=item530342f1a3:g:Pg4AAOSwPb9no0Ri,Women's Bollywood Party Kurta Palazzo Set - 3-Piece Salwar Kameez,US $45.09,New without tags,Yes Fully Stitched,"Wedding , Festival , Partywear , Travel","Chinon Silk, Georgette Dupatta",Handmade,No,Salwar Kameez,"Winter , Summer And Spring",Straight Kurta With Palazzo & Dupatta,3/4 Sleeve,Multi-Color,Women,Knee (44inch),Embroidery Sequence Work,Round Neck,India,https://i.ebayimg.com/images/g/Pg4AAOSwPb9no0Ri/s-l1600.webp,https://i.ebayimg.com/images/g/OEMAAOSwht1no0Rk/s-l1600.webp,https://i.ebayimg.com/images/g/wz4AAOSwE1dno0Ri/s-l1600.webp,https://i.ebayimg.com/images/g/DNgAAOSw20Vno0Ri/s-l1600.webp,https://i.ebayimg.com/images/g/J4cAAOSw9MZno0Rj/s-l1600.webp,https://i.ebayimg.com/images/g/d4MAAOSwK1Vno0Rk/s-l1600.webp,https://i.ebayimg.com/images/g/I4gAAOSw3D5no0Ro/s-l1600.webp,https://i.ebayimg.com/images/g/E~YAAOSwA2hno0Rk/s-l1600.webp,https://i.ebayimg.com/images/g/rtMAAOSwIOtlsS0o/s-l1600.webp,,,,,,
https://www.ebay.com/itm/356045848618?itmmeta=01JW68N2S0YBH99VK48X6KGEYV&hash=item52e5fc802a:g:9NUAAOSwUAFm5bDO,Indian Festival Kurta Palazzo Set - Readymade 3-Piece Combo Suit,US $36.89,New without tags,Yes Fully Stitched,"Wedding , Festival , Partywear , Travel , Puja",Cotton,Handmade,Printed,Salwar Kameez,"Winter , Summer And Spring",Straight Kurta With Pant & Dupatta,3/4 Sleeve,Pink,Women,Knee (44inch),No,V Neck,India,https://i.ebayimg.com/images/g/9NUAAOSwUAFm5bDO/s-l1600.webp,https://i.ebayimg.com/images/g/ElEAAOSwBcZm5bDJ/s-l1600.webp,https://i.ebayimg.com/images/g/AFAAAOSw6wZm5bDB/s-l1600.webp,https://i.ebayimg.com/images/g/jPMAAOSw29Rm5bDF/s-l1600.webp,https://i.ebayimg.com/images/g/w6MAAOSwPdlm5bCu/s-l1600.webp,https://i.ebayimg.com/images/g/z2UAAOSw1Ttm5bC6/s-l1600.webp,https://i.ebayimg.com/images/g/qq8AAOSw~Jhm5a49/s-l1600.webp,,,,,,,,
https://www.ebay.com/itm/356608483091?itmmeta=01JW69BT2Q1K8R9GEX1JM6FR9C&hash=item5307859f13:g:EJ4AAOSw2p9nvfmS,Wedding Party Kurta Palazzo Set - Women Salwar Kameez Ready to Wear,US $38.53,New without tags,Yes Fully Stitched,"Wedding , Festival , Partywear , Travel , Puja","Cotton, Silk Dupatta",Handmade,Embroidery Chikankari Work,Salwar Kameez,"Winter , Summer And Spring",Anarkali Kurta With Pant & Dupatta,3/4 Sleeve,Off-White Kurta Pant & Multi Color Dupatta,Women,Below The Knee (51inch),No,Round Neck,India,https://i.ebayimg.com/images/g/EJ4AAOSw2p9nvfmS/s-l1600.webp,https://i.ebayimg.com/images/g/1asAAOSwUzJnvfmU/s-l1600.webp,https://i.ebayimg.com/images/g/0CwAAOSwea5nvfmS/s-l1600.webp,https://i.ebayimg.com/images/g/4~QAAOSwnyVnvfmQ/s-l1600.webp,https://i.ebayimg.com/images/g/Uw4AAOSwYU1nvfmS/s-l1600.webp,https://i.ebayimg.com/images/g/W6sAAOSwq5tnvfm6/s-l1600.webp,https://i.ebayimg.com/images/g/PN4AAOSwtHtnvfmS/s-l1600.webp,https://i.ebayimg.com/images/g/Z50AAOSwcV9lsS8K/s-l1600.webp,,,,,,,
https://www.ebay.com/itm/355979379705?itmmeta=01JW69BT2Q5FM43R530EJWJB8H&hash=item52e20643f9:g:oL4AAOSwy5lmyGa-,Readymade Kurta Palazzo Dupatta Set - Bridal Salwar Kameez Outfit,US $54.11,New without tags,Yes Fully Stitched,"Wedding , Festival , Partywear , Travel",Chinon Silk,Handmade,No,Salwar Kameez,"Winter , Summer And Spring",Straight Kurta With Palazzo & Dupatta,3/4 Sleeve,Brown,Women,Knee (37inch),Embroidery Sequence Work,Round Neck,India,https://i.ebayimg.com/images/g/oL4AAOSwy5lmyGa-/s-l1600.webp,https://i.ebayimg.com/images/g/~c8AAOSw4vFmyGaq/s-l1600.webp,https://i.ebayimg.com/images/g/YvkAAOSwaeNmyGae/s-l1600.webp,https://i.ebayimg.com/images/g/6nwAAOSwgppmyGaQ/s-l1600.webp,https://i.ebayimg.com/images/g/rtMAAOSwIOtlsS0o/s-l1600.webp,,,,,,,,,,
https://www.ebay.com/itm/355454346054?itmmeta=01JW68R8NT7J202J80BHN1ERNA&hash=item52c2bae346:g:eucAAOSw4GFlx6-a,Plus Size 7XL Kurta Palazzo Set - Indian Wedding Wear Salwar Suit,US $37.71,New without tags,Yes Fully Stitched,"Wedding , Festival , Partywear , Travel",Rayon,Handmade,No,Salwar Kameez,"Winter , Summer And Spring",Straight Kurta With Pant & Dupatta,3/4 Sleeve,Yellow,Women,Knee,Embroidery Work And Gotta Patti Work,Round Neck,India,https://i.ebayimg.com/images/g/eucAAOSw4GFlx6-a/s-l1600.webp,https://i.ebayimg.com/images/g/BMAAAOSw8cZlx6-E/s-l1600.webp,https://i.ebayimg.com/images/g/Z50AAOSwcV9lsS8K/s-l1600.webp,,,,,,,,,,,,
https://www.ebay.com/itm/356086638609?itmmeta=01JW69BT2RN31ECKQEB395FPAZ&hash=item52e86ae811:g:lmMAAOSwCNBm9D8y,Readymade Diwali Salwar Kameez Set - Kurta Palazzo Dupatta Combo,US $52.47,New without tags,Yes Fully Stitched,"Wedding , Festival , Partywear , Travel",Chinon,Handmade,No,Salwar Kameez,"Winter , Summer And Spring",Straight Kurta With Pant & Dupatta,3/4 Sleeve,Multi-Color,Women,Knee,Embroidery Sequence Work,Round Neck,India,https://i.ebayimg.com/images/g/lmMAAOSwCNBm9D8y/s-l1600.webp,https://i.ebayimg.com/images/g/wPoAAOSw0H1m9D8w/s-l1600.webp,https://i.ebayimg.com/images/g/EkgAAOSwkwBm9D8s/s-l1600.webp,https://i.ebayimg.com/images/g/dlwAAOSwIypm9D8m/s-l1600.webp,https://i.ebayimg.com/images/g/rtMAAOSwIOtlsS0o/s-l1600.webp,,,,,,,,,,
https://www.ebay.com/itm/356629492649?itmmeta=01JW69BT2QXM0Q4ZJ3SQBDKK22&hash=item5308c633a9:g:pv0AAOSw6m1nxYZh,Eid Gift Kurta Palazzo Set - Indian Readymade Salwar Kameez Outfit,US $36.89,New without tags,Yes Fully Stitched,"Wedding , Festival , Partywear , Travel",Cotton,Handmade,Printed,Round Neck,India,Straight Kurta With Pant & Dupatta,3/4 Sleeve,Multi-Color,Women,Knee (47inch),Salwar Kameez,"Winter , Summer And Spring",,https://i.ebayimg.com/images/g/pv0AAOSw6m1nxYZh/s-l1600.webp,https://i.ebayimg.com/images/g/UMYAAOSw3xVnxYZg/s-l1600.webp,https://i.ebayimg.com/images/g/poAAAOSwXDpnxYZh/s-l1600.webp,https://i.ebayimg.com/images/g/i4EAAOSwza1nxYZh/s-l1600.webp,https://i.ebayimg.com/images/g/L1QAAOSwVrlnxYZj/s-l1600.webp,https://i.ebayimg.com/images/g/-OgAAOSwJANnxYae/s-l1600.webp,https://i.ebayimg.com/images/g/-IsAAOSwJANnxYZi/s-l1600.webp,https://i.ebayimg.com/images/g/7Z4AAOSwtmplsS8H/s-l1600.webp,,,,,,,
https://www.ebay.com/itm/355492079384?itmmeta=01JW68R8NYZMTTKMG7XCGXFQV1&hash=item52c4faa718:g:0s4AAOSwinll23lK,Designer Dhoti Kurta Dupatta Set - Punjabi Readymade Salwar Kameez,US $52.47,New without tags,Yes Fully Stitched,"Wedding , Festival , Partywear , Travel","Georgette, Micro Cotton",Handmade,No,Salwar Kameez,"Winter , Summer And Spring",Straight Kurta With Dhoti & Dupatta,3/4 Sleeve,Multi-Color,Women,Knee (45inch),Embroidery Work And Hand Work,Round Neck,India,https://i.ebayimg.com/images/g/0s4AAOSwinll23lK/s-l1600.webp,https://i.ebayimg.com/images/g/dFoAAOSwt7Nl23lD/s-l1600.webp,https://i.ebayimg.com/images/g/EEoAAOSwLXNl23k6/s-l1600.webp,https://i.ebayimg.com/images/g/kuwAAOSw-upl23k2/s-l1600.webp,https://i.ebayimg.com/images/g/rtMAAOSwIOtlsS0o/s-l1600.webp,,,,,,,,,,
https://www.ebay.com/itm/356127014127?itmmeta=01JW68R8NT6HCJXA816XKNBKET&hash=item52ead2fcef:g:~KMAAOSwU8xnBPFS,Pakistani Kurta Palazzo Dupatta Set - Embroidered Salwar Kameez,US $38.53,New without tags,Yes Fully Stitched,"Wedding , Festival , Partywear , Travel","Rayon, Chanderi Dupatta",Handmade,No,Salwar Kameez,"Winter , Summer And Spring",Straight Kurta With Pant & Dupatta,3/4 Sleeve,Yellow,Women,Knee (46 inch),Embroidery Work And Printed Dupatta,Round Neck,India,https://i.ebayimg.com/images/g/~KMAAOSwU8xnBPFS/s-l1600.webp,https://i.ebayimg.com/images/g/n2YAAOSwol1nBPFK/s-l1600.webp,https://i.ebayimg.com/images/g/hWgAAOSwtVdnBPFO/s-l1600.webp,https://i.ebayimg.com/images/g/S-IAAOSwICpnBPFe/s-l1600.webp,https://i.ebayimg.com/images/g/N38AAOSwWQ1nBPFW/s-l1600.webp,https://i.ebayimg.com/images/g/z1QAAOSwKoFnBPFa/s-l1600.webp,https://i.ebayimg.com/images/g/v78AAOSw5U5nBPFF/s-l1600.webp,https://i.ebayimg.com/images/g/QhsAAOSw~FBnBPFA/s-l1600.webp,https://i.ebayimg.com/images/g/Z50AAOSwcV9lsS8K/s-l1600.webp,,,,,,
https://www.ebay.com/itm/356633840799?itmmeta=01JW68R8NTGRAVBWPCFVBBNKTQ&hash=item5309088c9f:g:nLQAAOSw-hJnxxBK,Heavy Embroidered Kurta Palazzo Set - Pakistani Style Suit for Women,US $38.53,New without tags,Yes Fully Stitched,"Wedding , Festival , Partywear , Travel","Cotton, Malmal Dupatta",Handmade,Embroidery Sequence Work,V Neck,India,Anarkali Kurta With Pant & Dupatta,3/4 Sleeve,Light Purple,Women,Below The Knee,Salwar Kameez,"Winter , Summer And Spring",,https://i.ebayimg.com/images/g/nLQAAOSw-hJnxxBK/s-l1600.webp,https://i.ebayimg.com/images/g/U7EAAOSwx8VnxxBK/s-l1600.webp,https://i.ebayimg.com/images/g/X6UAAOSwnyVnxxBK/s-l1600.webp,https://i.ebayimg.com/images/g/qEwAAOSwmtFnxxBK/s-l1600.webp,https://i.ebayimg.com/images/g/HkAAAOSwTYFnxxBI/s-l1600.webp,https://i.ebayimg.com/images/g/eSMAAOSwieBnxxBG/s-l1600.webp,https://i.ebayimg.com/images/g/JGwAAOSwl19nxxBI/s-l1600.webp,https://i.ebayimg.com/images/g/5akAAOSwd6lnxxBI/s-l1600.webp,https://i.ebayimg.com/images/g/gYMAAOSwX9dnxxBK/s-l1600.webp,https://i.ebayimg.com/images/g/pcEAAOSwv~FnxxBK/s-l1600.webp,https://i.ebayimg.com/images/g/7Z4AAOSwtmplsS8H/s-l1600.webp,,,,
https://www.ebay.com/itm/356914282688?itmmeta=01JW68R8NWRCQK8GWP9KXZD4XC&hash=item5319bfc0c0:g:o6kAAOSwo6poKIux,A-Line Kurta Palazzo Dupatta Set - Indian Designer Readymade Suit,US $36.89,New without tags,Yes Fully Stitched,"Wedding , Festival , Partywear , Travel , Puja",Cotton,Handmade,Printed,Salwar Kameez,"Winter , Summer And Spring",A-line Kurta Pant With Dupatta,3/4 Sleeve,Multi-Color,Women,Below The Knee (46inch),No,V Neck,India,https://i.ebayimg.com/images/g/o6kAAOSwo6poKIux/s-l1600.webp,https://i.ebayimg.com/images/g/mn4AAOSwb8xoKIu4/s-l1600.webp,https://i.ebayimg.com/images/g/vF0AAOSwOgdoKIu4/s-l1600.webp,https://i.ebayimg.com/images/g/CucAAOSw6eRoKIu0/s-l1600.webp,https://i.ebayimg.com/images/g/N1UAAOSw-EhoKIu4/s-l1600.webp,https://i.ebayimg.com/images/g/p7oAAOSwJi1oKIu6/s-l1600.webp,https://i.ebayimg.com/images/g/Z50AAOSwcV9lsS8K/s-l1600.webp,,,,,,,,
https://www.ebay.com/itm/356450595047?itmmeta=01JW68N2S0YQ6JMJ7JNGSDA0TR&hash=item52fe1c70e7:g:9BYAAOSw7JVnf5N6,Plus Size 7XL Salwar Kameez Set - Designer Kurta Palazzo Dupatta,US $36.89,New with tags,Yes Fully Stitched,"Wedding , Festival , Partywear , Travel",Cotton,Handmade,No,Salwar Kameez,"Winter , Summer And Spring",Long Kurta With Pant & Dupatta,3/4 Sleeve,Red,Women,Below The Knee (46inch),Printed,Round Neck,India,https://i.ebayimg.com/images/g/9BYAAOSw7JVnf5N6/s-l1600.webp,https://i.ebayimg.com/images/g/p5UAAOSwX3dnf5N-/s-l1600.webp,https://i.ebayimg.com/images/g/-t8AAOSwLiVnf5N5/s-l1600.webp,https://i.ebayimg.com/images/g/8CwAAOSwRYxnf5N7/s-l1600.webp,https://i.ebayimg.com/images/g/ImsAAOSwQ2hnf5N2/s-l1600.webp,https://i.ebayimg.com/images/g/068AAOSwGfdnf5N9/s-l1600.webp,https://i.ebayimg.com/images/g/Z50AAOSwcV9lsS8K/s-l1600.webp,,,,,,,,
https://www.ebay.com/itm/356371652072?itmmeta=01JW68R8NS6QAGKBWBYAMXN92G&hash=item52f967dde8:g:fSIAAOSwtPxnXGz4,Bollywood Kurti Pant Dupatta Set - Wedding Wear Salwar Kameez Combo,US $36.89,New without tags,Yes Fully Stitched,"Wedding , Festival , Partywear , Travel , Puja",Silk,Handmade,Embroidery Sequence Work,Salwar Kameez,"Winter , Summer And Spring",Straight Kurta With Pant & Dupatta,3/4 Sleeve,Purple,Women,Knee,No,V Neck,India,https://i.ebayimg.com/images/g/fSIAAOSwtPxnXGz4/s-l1600.webp,https://i.ebayimg.com/images/g/hwsAAOSwXENnXGz5/s-l1600.webp,https://i.ebayimg.com/images/g/PRMAAOSwrzhnXGz6/s-l1600.webp,https://i.ebayimg.com/images/g/f5IAAOSwGUxnXGz1/s-l1600.webp,https://i.ebayimg.com/images/g/ZC0AAOSwwchnXGz2/s-l1600.webp,https://i.ebayimg.com/images/g/D1gAAOSw1BBnXGz0/s-l1600.webp,https://i.ebayimg.com/images/g/eU0AAOSwT-NnXGz4/s-l1600.webp,https://i.ebayimg.com/images/g/aTcAAOSwVW1nXGz5/s-l1600.webp,https://i.ebayimg.com/images/g/Z50AAOSwcV9lsS8K/s-l1600.webp,,,,,,
https://www.ebay.com/itm/356546643285?itmmeta=01JW68N2RYDBGQK94T5GFASZTW&hash=item5303d60555:g:N74AAOSwzlZnpxLU,Readymade Kurta Palazzo Dupatta - Festival Salwar Kameez Suit Set,US $49.19,New without tags,Yes Fully Stitched,"Wedding , Festival , Partywear , Travel",Chinon Silk,Handmade,No,Salwar Kameez,"Winter , Summer And Spring",Straight Kurta With Palazzo & Dupatta,3/4 Sleeve,Peach (Please check real image also),Women,Knee (40inch),Embroidery Sequence Work,Round Neck,India,https://i.ebayimg.com/images/g/N74AAOSwzlZnpxLU/s-l1600.webp,https://i.ebayimg.com/images/g/6dEAAOSwa5BnpxLW/s-l1600.webp,https://i.ebayimg.com/images/g/iyMAAOSwD7NnpxLV/s-l1600.webp,https://i.ebayimg.com/images/g/WwIAAOSwhidnpxLZ/s-l1600.webp,https://i.ebayimg.com/images/g/UkEAAOSwZkJnpxLZ/s-l1600.webp,https://i.ebayimg.com/images/g/LboAAOSwiklnpxLZ/s-l1600.webp,https://i.ebayimg.com/images/g/rtMAAOSwIOtlsS0o/s-l1600.webp,,,,,,,,
https://www.ebay.com/itm/355713440859?itmmeta=01JW68R8NXFJ2TKGS685ZPA5QQ&hash=item52d22c5c5b:g:NgwAAOSw2mZmQ2Lj,Pakistani Embroidered Salwar Kameez - Indian Ethnic Readymade Suit,US $37.71,New without tags,Yes Fully Stitched,"Wedding , Festival , Partywear , Travel",Rayon,Handmade,No,Salwar Kameez,"Winter , Summer And Spring",Straight Kurta With Pant & Dupatta,3/4 Sleeve,Purple,Women,Knee,Embroidery Work,Round Neck,India,https://i.ebayimg.com/images/g/NgwAAOSw2mZmQ2Lj/s-l1600.webp,https://i.ebayimg.com/images/g/mK0AAOSwPWBmQ2Ly/s-l1600.webp,https://i.ebayimg.com/images/g/Pc4AAOSwe9dmQ2Lm/s-l1600.webp,https://i.ebayimg.com/images/g/raMAAOSw-HhmQ2L2/s-l1600.webp,https://i.ebayimg.com/images/g/UFYAAOSwbKxmQ2Ls/s-l1600.webp,https://i.ebayimg.com/images/g/z1QAAOSw0UFmQ2MM/s-l1600.webp,https://i.ebayimg.com/images/g/rtMAAOSwIOtlsS0o/s-l1600.webp,,,,,,,,
https://www.ebay.com/itm/356654796394?itmmeta=01JW68N2RZAKSZ8V0SMHYWR8S7&hash=item530a484e6a:g:D7MAAOSwmUZn0CA~,Plus Size Kurta Palazzo Set - S to 7XL Indian Salwar Kameez for Women,US $38.53,New without tags,Yes Fully Stitched,"Wedding , Festival , Partywear , Travel",Cotton,Handmade,No,Salwar Kameez,"Winter , Summer And Spring",Long Kurta With Pant & Dupatta,3/4 Sleeve,Multi-Color,Women,Below The Knee (46inch),Mirror Hand Adda Work & Printed,Round Neck,India,https://i.ebayimg.com/images/g/D7MAAOSwmUZn0CA~/s-l1600.webp,https://i.ebayimg.com/images/g/6v8AAOSwqF1n0CA9/s-l1600.webp,https://i.ebayimg.com/images/g/Zx4AAOSwefNn0CBA/s-l1600.webp,https://i.ebayimg.com/images/g/pqcAAOSwWs5n0CA~/s-l1600.webp,https://i.ebayimg.com/images/g/LacAAOSw7VVn0CA9/s-l1600.webp,https://i.ebayimg.com/images/g/iLMAAOSwMc9n0CA9/s-l1600.webp,https://i.ebayimg.com/images/g/aS8AAOSwndln0CBC/s-l1600.webp,https://i.ebayimg.com/images/g/rtMAAOSwIOtlsS0o/s-l1600.webp,,,,,,,
https://www.ebay.com/itm/356161626587?itmmeta=01JW68N2RYHRSZ7NNKJW6789S0&hash=item52ece321db:g:WxcAAOSwZSpnEQUo,Bollywood Readymade Suit Set - Kurta Palazzo Dupatta Combo for Women,US $36.89,New without tags,Yes Fully Stitched,"Wedding , Festival , Partywear , Travel",Viscose chanderi,Handmade,No,Salwar Kameez,"Winter , Summer And Spring",Straight Kurta With Pant & Dupatta,3/4 Sleeve,Yellow,Women,Knee,Embroidery Work And Digital Printed Dupatta,Round Neck,India,https://i.ebayimg.com/images/g/WxcAAOSwZSpnEQUo/s-l1600.webp,https://i.ebayimg.com/images/g/eMUAAOSwqZRnEQUu/s-l1600.webp,https://i.ebayimg.com/images/g/3cwAAOSw~0VnEQU5/s-l1600.webp,https://i.ebayimg.com/images/g/bxsAAOSwPpdnEQUx/s-l1600.webp,https://i.ebayimg.com/images/g/p8sAAOSwAipnEQUk/s-l1600.webp,https://i.ebayimg.com/images/g/mR8AAOSw~6ZnEQUh/s-l1600.webp,https://i.ebayimg.com/images/g/rtMAAOSwIOtlsS0o/s-l1600.webp,,,,,,,,
https://www.ebay.com/itm/355489667550?itmmeta=01JW68R8NS2YR00FPCCW69YXVJ&hash=item52c4d5d9de:g:iaUAAOSwtz5l2iKe,Wedding Kurta Palazzo Suit - Readymade Dupatta Combo for Functions,US $37.71,New without tags,Yes Fully Stitched,"Wedding , Festival , Partywear , Travel","Cotton, Silk",Handmade,Embroidery Work And Printed Dupatta,Round Neck,India,Straight Kurta With Pant & Dupatta,3/4 Sleeve,Peach,Women,Knee,Salwar Kameez,"Winter , Summer And Spring",,https://i.ebayimg.com/images/g/iaUAAOSwtz5l2iKe/s-l1600.webp,https://i.ebayimg.com/images/g/KlYAAOSwe09l2iKk/s-l1600.webp,https://i.ebayimg.com/images/g/lU8AAOSwOQpl2iKY/s-l1600.webp,https://i.ebayimg.com/images/g/OCcAAOSwdvJl2iKi/s-l1600.webp,https://i.ebayimg.com/images/g/zV0AAOSwM-Jl2iKa/s-l1600.webp,https://i.ebayimg.com/images/g/Hr4AAOSwAl1l2iKc/s-l1600.webp,https://i.ebayimg.com/images/g/7Z4AAOSwtmplsS8H/s-l1600.webp,,,,,,,,
https://www.ebay.com/itm/356781501915?itmmeta=01JW69BT2QCNDR89TZHZ80RGX2&hash=item5311d5addb:g:xakAAOSwHa1n~itz,Straight Kurta Palazzo Dupatta - Bollywood Readymade Salwar Kameez,US $36.07,New without tags,Yes Fully Stitched,"Wedding , Festival , Partywear , Travel",Cotton,Handmade,Printed,Round Neck,India,Straight Kurta With Pant & Dupatta,3/4 Sleeve,Multi-Color,Women,Knee,Salwar Kameez,"Winter , Summer And Spring",,https://i.ebayimg.com/images/g/xakAAOSwHa1n~itz/s-l1600.webp,https://i.ebayimg.com/images/g/TBsAAOSw4Idn~itz/s-l1600.webp,https://i.ebayimg.com/images/g/CSUAAOSwPjBn~it2/s-l1600.webp,https://i.ebayimg.com/images/g/F2sAAOSwJN5n~iur/s-l1600.webp,https://i.ebayimg.com/images/g/7Z4AAOSwtmplsS8H/s-l1600.webp,,,,,,,,,,
https://www.ebay.com/itm/356705573515?itmmeta=01JW69BT2PYZJM45BNGCY11ANM&hash=item530d4f1a8b:g:Tf8AAOSwothn4aQb,Designer Anarkali Palazzo Set - Readymade Wedding Kurta Dupatta,US $36.89,New without tags,Yes Fully Stitched,"Wedding , Festival , Partywear , Travel , Puja",Cotton,Handmade,Adda Work And Printed,Salwar Kameez,"Winter , Summer And Spring",Anarkali Kurta With Pant & Dupatta,3/4 Sleeve,Multi-Color,Women,Below The Knee (48inch),No,V Neck,India,https://i.ebayimg.com/images/g/Tf8AAOSwothn4aQb/s-l1600.webp,https://i.ebayimg.com/images/g/B30AAOSwk9Rn4aQb/s-l1600.webp,https://i.ebayimg.com/images/g/XeAAAOSw-dJn4aQb/s-l1600.webp,https://i.ebayimg.com/images/g/Z50AAOSwcV9lsS8K/s-l1600.webp,,,,,,,,,,,
https://www.ebay.com/itm/356608606459?itmmeta=01JW68N2RZ13319Y605MMGBYRA&hash=item53078780fb:g:QSsAAOSwp0NnvgMN,Festival Ready Kurta Palazzo Set - Eid Special Salwar Kameez Suit,US $36.89,New without tags,Yes Fully Stitched,"Wedding , Festival , Partywear , Travel , Puja",Cotton,Handmade,Embroidery Work,Salwar Kameez,"Winter , Summer And Spring",Long Kurta With Pant & Dupatta,3/4 Sleeve,White,Women,Below The Knee (46inch),No,Round Neck,India,https://i.ebayimg.com/images/g/QSsAAOSwp0NnvgMN/s-l1600.webp,https://i.ebayimg.com/images/g/jg4AAOSwrxlnvgMM/s-l1600.webp,https://i.ebayimg.com/images/g/r9cAAOSw6ppnvgMK/s-l1600.webp,https://i.ebayimg.com/images/g/OS0AAOSwfBZnvgML/s-l1600.webp,https://i.ebayimg.com/images/g/VvwAAOSwIpVnvgMI/s-l1600.webp,https://i.ebayimg.com/images/g/33YAAOSw4SZnvgMw/s-l1600.webp,https://i.ebayimg.com/images/g/-LEAAOSwPnZnvgMK/s-l1600.webp,https://i.ebayimg.com/images/g/9JwAAOSwsuFnvgML/s-l1600.webp,https://i.ebayimg.com/images/g/Z50AAOSwcV9lsS8K/s-l1600.webp,,,,,,
https://www.ebay.com/itm/356450641007?itmmeta=01JW69BT2PP6FZ6YZW98W0D3ZW&hash=item52fe1d246f:g:Py4AAOSwfBhnf5fw,Anarkali Kurta Palazzo Set - Readymade Designer Salwar Kameez Suit,US $37.71,New with tags,Yes Fully Stitched,"Wedding , Festival , Partywear , Travel",Cotton,Handmade,No,Salwar Kameez,"Winter , Summer And Spring",Straight Kurta With Pant & Dupatta,3/4 Sleeve,Yellow & Pink,Women,Knee (46 inch),Embroidery & Hand Work,V Neck,India,https://i.ebayimg.com/images/g/Py4AAOSwfBhnf5fw/s-l1600.webp,https://i.ebayimg.com/images/g/VLwAAOSwHm5nf5fx/s-l1600.webp,https://i.ebayimg.com/images/g/5GYAAOSwFJxnf5fy/s-l1600.webp,https://i.ebayimg.com/images/g/5JQAAOSwaqtnf5fy/s-l1600.webp,https://i.ebayimg.com/images/g/9J8AAOSwmRlnf5fy/s-l1600.webp,https://i.ebayimg.com/images/g/HuIAAOSwDmFnf5ft/s-l1600.webp,https://i.ebayimg.com/images/g/BpMAAOSwarpnf5g6/s-l1600.webp,https://i.ebayimg.com/images/g/V-wAAOSwAxpnf5f0/s-l1600.webp,https://i.ebayimg.com/images/g/Z50AAOSwcV9lsS8K/s-l1600.webp,https://i.ebayimg.com/images/g/9xsAAOSwUfhnf5gG/s-l1600.webp,https://i.ebayimg.com/images/g/b9oAAOSwev1nf5gO/s-l1600.webp,,,,
https://www.ebay.com/itm/356419985573?itmmeta=01JW68N2RVZ9X71KVHEBZN6V1P&hash=item52fc4960a5:g:SH4AAOSwQmZncnn4,Blue Designer Kurta Set - Wedding Palazzo Dupatta Salwar Kameez Combo,US $36.89,New without tags,Yes Fully Stitched,"Wedding , Festival , Partywear , Travel , Puja",Cotton,Handmade,Embroidery Work With Printed Dupatta,Salwar Kameez,"Winter , Summer And Spring",Flared Anarkali Kurta With Pant & Dupatta,3/4 Sleeve,Blue,Women,Knee,Yes,V Neck,India,https://i.ebayimg.com/images/g/SH4AAOSwQmZncnn4/s-l1600.webp,https://i.ebayimg.com/images/g/AP4AAOSwNAtncnn8/s-l1600.webp,https://i.ebayimg.com/images/g/TioAAOSwQqVncnn7/s-l1600.webp,https://i.ebayimg.com/images/g/Z50AAOSwcV9lsS8K/s-l1600.webp,,,,,,,,,,,
https://www.ebay.com/itm/356238113747?itmmeta=01JW68N2RZA9EAXEWVN8XPP7XF&hash=item52f1723bd3:g:lTUAAOSwCZZnLeGf,Red Bridal Kurta Palazzo Dupatta Set - Indian Wedding Ready Salwar Suit,US $37.71,New without tags,Yes Fully Stitched,"Wedding , Festival , Partywear , Travel , Puja",Cotton,Handmade,Sequence Embroidery Work,Salwar Kameez,"Winter , Summer And Spring",Flared Kurta With Pant & Dupatta,3/4 Sleeve,Blue,Women,Full (52inch),No,Round Neck,India,https://i.ebayimg.com/images/g/lTUAAOSwCZZnLeGf/s-l1600.webp,https://i.ebayimg.com/images/g/oZUAAOSwNyNnLeGk/s-l1600.webp,https://i.ebayimg.com/images/g/J-4AAOSwwXpnLeGl/s-l1600.webp,https://i.ebayimg.com/images/g/A~0AAOSwu5JnLeGk/s-l1600.webp,https://i.ebayimg.com/images/g/MI4AAOSw549nLeGl/s-l1600.webp,https://i.ebayimg.com/images/g/Z50AAOSwcV9lsS8K/s-l1600.webp,,,,,,,,,
https://www.ebay.com/itm/356678471442?itmmeta=01JW68R8NRE2AXQTAA5B19G7GH&hash=item530bb18f12:g:spsAAOSwQS1n2A5J,Embroidered Pakistani Suit - Readymade Kurta Palazzo Dupatta Set,US $36.89,New without tags,Yes Fully Stitched,"Wedding , Festival , Partywear , Travel , Puja",Cotton,Handmade,Embroidery & Pittan Work And Printed,Salwar Kameez,"Winter , Summer And Spring",Straight Side Cut Kurta With Pant & Dupatta,3/4 Sleeve,Purple,Women,Below The Knee (45inch),No,Round Neck,India,https://i.ebayimg.com/images/g/spsAAOSwQS1n2A5J/s-l1600.webp,https://i.ebayimg.com/images/g/oR4AAOSwhe9n2A5J/s-l1600.webp,https://i.ebayimg.com/images/g/VqcAAOSwhSln2A5K/s-l1600.webp,https://i.ebayimg.com/images/g/Z50AAOSwcV9lsS8K/s-l1600.webp,,,,,,,,,,,
https://www.ebay.com/itm/356016297963?itmmeta=01JW68N2RZ42P2E32Z9KDV79HM&hash=item52e43997eb:g:knsAAOSw23Vm2dRN,Cotton Palazzo Kurta Set - Indian Designer Readymade Salwar Kameez,US $36.89,New without tags,Yes Fully Stitched,"Wedding , Festival , Partywear , Travel , Puja",Rayon,Handmade,Printed And Lace Work,Salwar Kameez,"Winter , Summer And Spring",Straight Kurta With Pant & Dupatta,3/4 Sleeve,Multi-Color,Women,Knee,No,Round Neck,India,https://i.ebayimg.com/images/g/knsAAOSw23Vm2dRN/s-l1600.webp,https://i.ebayimg.com/images/g/OnUAAOSw10pm2dRm/s-l1600.webp,https://i.ebayimg.com/images/g/1kAAAOSwUJlm2dRQ/s-l1600.webp,https://i.ebayimg.com/images/g/hP0AAOSw7Sxm2dRb/s-l1600.webp,https://i.ebayimg.com/images/g/oNcAAOSwUitm2dRK/s-l1600.webp,https://i.ebayimg.com/images/g/Z50AAOSwcV9lsS8K/s-l1600.webp,,,,,,,,,
https://www.ebay.com/itm/356739009704?itmmeta=01JW68R8NTE78HE62G5DPSSFRB&hash=item530f4d4ca8:g:SiIAAOSw6lxn8Ckd,Khadi Cotton Kurta Pant Set - Festival Wedding Dupatta Dress Combo,US $36.89,New without tags,Yes Fully Stitched,"Wedding , Festival , Partywear , Travel","Cotton, Silk Dupatta",Handmade,No,Salwar Kameez,"Winter , Summer And Spring",Straight Kurta With Pant & Dupatta,3/4 Sleeve,Multi-Color,Women,Knee,Embroidery Work And Printed Dupatta,Round Neck,India,https://i.ebayimg.com/images/g/SiIAAOSw6lxn8Ckd/s-l1600.webp,https://i.ebayimg.com/images/g/I38AAOSwVHdn8Ckb/s-l1600.webp,https://i.ebayimg.com/images/g/FK4AAOSwvJ5n8CkZ/s-l1600.webp,https://i.ebayimg.com/images/g/1ioAAOSw8Tpn8Cka/s-l1600.webp,https://i.ebayimg.com/images/g/02kAAOSwb6Vn8Ckd/s-l1600.webp,https://i.ebayimg.com/images/g/ucwAAOSwSeRn8CkY/s-l1600.webp,https://i.ebayimg.com/images/g/O20AAOSwM8dn8CkZ/s-l1600.webp,https://i.ebayimg.com/images/g/MZ4AAOSwYU1n8Ckh/s-l1600.webp,https://i.ebayimg.com/images/g/Z50AAOSwcV9lsS8K/s-l1600.webp,,,,,,
https://www.ebay.com/itm/355437625779?itmmeta=01JW69BT2PRS58A49MZGEWGHKT&hash=item52c1bbc1b3:g:GOYAAOSwIfBlvzrE,Wedding Anarkali Kurta Set - Designer Pant Dupatta Readymade Outfit,US $53.29,New without tags,Yes Fully Stitched,"Wedding , Festival , Partywear , Travel","Georgette, Micro Cotton",Handmade,No,Salwar Kameez,"Winter , Summer And Spring",Flared Kurta With Pant & Dupatta,Full Sleeve,"Pink , Green And Purple",Women,Full,Embroidery Sequence Work,V Neck,India,https://i.ebayimg.com/images/g/GOYAAOSwIfBlvzrE/s-l1600.webp,https://i.ebayimg.com/images/g/0LwAAOSwLDllvzq~/s-l1600.webp,https://i.ebayimg.com/images/g/wNoAAOSw3stlvzrB/s-l1600.webp,https://i.ebayimg.com/images/g/PUAAAOSwixRlvzqv/s-l1600.webp,https://i.ebayimg.com/images/g/pA8AAOSwAutlvzq8/s-l1600.webp,https://i.ebayimg.com/images/g/8~wAAOSw2Ytlvzq2/s-l1600.webp,https://i.ebayimg.com/images/g/AdsAAOSwskRlvzqy/s-l1600.webp,https://i.ebayimg.com/images/g/b1YAAOSw2tZlvzq5/s-l1600.webp,https://i.ebayimg.com/images/g/rtMAAOSwIOtlsS0o/s-l1600.webp,https://i.ebayimg.com/images/g/1rAAAOSwXP5lvzre/s-l1600.webp,https://i.ebayimg.com/images/g/JRMAAOSwFcFlvzrk/s-l1600.webp,https://i.ebayimg.com/images/g/ypkAAOSwGetlvzrp/s-l1600.webp,,,
https://www.ebay.com/itm/356858921518?itmmeta=01JW69BT2NABJMYC6N60E3PER3&hash=item531673022e:g:lu8AAOSwDnRoF5Q1,Pakistani 3-Piece Suit - Embroidery Kurta Palazzo Dupatta Readymade,US $36.89,New without tags,Yes Fully Stitched,"Wedding , Festival , Partywear , Travel","Cotton, Silk Dupatta",Handmade,No,Salwar Kameez,"Winter , Summer And Spring",Straight Kurta With Pant & Dupatta,3/4 Sleeve,Blue,Women,Knee,Embroidery Work And Printed Dupatta,Round Neck,India,https://i.ebayimg.com/images/g/lu8AAOSwDnRoF5Q1/s-l1600.webp,https://i.ebayimg.com/images/g/V-sAAOSwR95oF5Q1/s-l1600.webp,https://i.ebayimg.com/images/g/6rkAAOSwczhoF5Q5/s-l1600.webp,https://i.ebayimg.com/images/g/P6gAAOSwMKpoF5Q4/s-l1600.webp,https://i.ebayimg.com/images/g/zhsAAOSwxndoF5Qu/s-l1600.webp,https://i.ebayimg.com/images/g/K6AAAOSw4x5oF5Re/s-l1600.webp,https://i.ebayimg.com/images/g/Z50AAOSwcV9lsS8K/s-l1600.webp,,,,,,,,
https://www.ebay.com/itm/355569914870?itmmeta=01JW69BT2P70MZQREAYWARX97G&hash=item52c99e53f6:g:~FAAAOSwTG9l~j3N,Plus Size Wedding Anarkali Set - 7XL Gown with Dupatta for Eid,US $42.23,New without tags,Yes Fully Stitched,"Wedding , Festival , Partywear , Travel","Rayon, Chiffon",Handmade,Heavy Gotta Patti Work,V Neck,India,Flared Kurta With Pant & Dupatta,3/4 Sleeve,Orange,Women,Below The Knee (48inch),Salwar Kameez,"Winter , Summer And Spring",,https://i.ebayimg.com/images/g/~FAAAOSwTG9l~j3N/s-l1600.webp,https://i.ebayimg.com/images/g/g6QAAOSwpEtl~j3L/s-l1600.webp,https://i.ebayimg.com/images/g/0P8AAOSwI9Zl~j3J/s-l1600.webp,https://i.ebayimg.com/images/g/baoAAOSwnO5l~j3P/s-l1600.webp,https://i.ebayimg.com/images/g/yMAAAOSw8t9l~j3H/s-l1600.webp,https://i.ebayimg.com/images/g/fgwAAOSw9fpl~j3F/s-l1600.webp,https://i.ebayimg.com/images/g/7Z4AAOSwtmplsS8H/s-l1600.webp,,,,,,,,
https://www.ebay.com/itm/356382617486?itmmeta=01JW68N2S2YGFWW0WXBSHHXYFH&hash=item52fa0f2f8e:g:UiYAAOSw8iFnYb4t,Velvet Winter Kurta Palazzo Set - Indian Readymade Salwar Kameez,US $38.53,New without tags,Yes Fully Stitched,"Wedding , Festival , Partywear , Travel","Velvet, Organza Dupatta",Handmade,No,Salwar Kameez,"Winter , Summer And Spring",Straight Kurta With Pant & Dupatta,3/4 Sleeve,Green,Women,Knee,Embroidery Work,Round Neck,India,https://i.ebayimg.com/images/g/UiYAAOSw8iFnYb4t/s-l1600.webp,https://i.ebayimg.com/images/g/7EoAAOSw~YlnYb4p/s-l1600.webp,https://i.ebayimg.com/images/g/SBcAAOSw0phnYb4v/s-l1600.webp,https://i.ebayimg.com/images/g/9P8AAOSwvpVnYb4p/s-l1600.webp,https://i.ebayimg.com/images/g/B~sAAOSwYZJnYb4r/s-l1600.webp,https://i.ebayimg.com/images/g/P6kAAOSw2ShnYb4o/s-l1600.webp,https://i.ebayimg.com/images/g/rtMAAOSwIOtlsS0o/s-l1600.webp,,,,,,,,
https://www.ebay.com/itm/356536478396?itmmeta=01JW69BT2N7CZ4DGQ759X2QYXZ&hash=item53033aeabc:g:45kAAOSwD1RnoxjW,Pure Silk Kurta Palazzo Dupatta - Embroidered Salwar Kameez for Women,US $49.19,New without tags,Yes Fully Stitched,"Wedding , Festival , Partywear , Travel",Chinon Silk,Handmade,No,Salwar Kameez,"Winter , Summer And Spring",Straight Kurta With Palazzo & Dupatta,3/4 Sleeve,Multi-Color,Women,Knee (40inch),Embroidery Sequence Work,Round Neck,India,https://i.ebayimg.com/images/g/45kAAOSwD1RnoxjW/s-l1600.webp,https://i.ebayimg.com/images/g/0kQAAOSwuVNnoxjQ/s-l1600.webp,https://i.ebayimg.com/images/g/uuoAAOSwDwlnoxjQ/s-l1600.webp,https://i.ebayimg.com/images/g/s60AAOSwtkpnoxjV/s-l1600.webp,https://i.ebayimg.com/images/g/-x0AAOSw4EBnoxjP/s-l1600.webp,https://i.ebayimg.com/images/g/0gIAAOSwoNZnoxjS/s-l1600.webp,https://i.ebayimg.com/images/g/yB4AAOSwedJnoxjT/s-l1600.webp,https://i.ebayimg.com/images/g/yBsAAOSwedJnoxjR/s-l1600.webp,https://i.ebayimg.com/images/g/PtMAAOSw8ulnoxjO/s-l1600.webp,https://i.ebayimg.com/images/g/ik4AAOSw6SZnoxjS/s-l1600.webp,https://i.ebayimg.com/images/g/KPIAAOSwvtRnoxjQ/s-l1600.webp,https://i.ebayimg.com/images/g/7mMAAOSwp5NnoxjP/s-l1600.webp,https://i.ebayimg.com/images/g/DvUAAOSwHqxnoxjT/s-l1600.webp,https://i.ebayimg.com/images/g/rtMAAOSwIOtlsS0o/s-l1600.webp,https://i.ebayimg.com/images/g/U~UAAOSw6XJnoxkA/s-l1600.webp
https://www.ebay.com/itm/356529852366?itmmeta=01JW69BT2RE9QP2G3N1V130AM1&hash=item5302d5cfce:g:XhIAAOSwegpnoGV7,Silk Pakistani Suit Set - Bollywood Kurta Palazzo with Dupatta Combo,US $48.37,New without tags,Yes Fully Stitched,"Wedding , Festival , Partywear , Travel",Chinon Silk,Handmade,No,Salwar Kameez,"Winter , Summer And Spring",Straight Kurta With Palazzo & Dupatta,3/4 Sleeve,Please Check Real Image,Women,Knee (45inch),Embroidery Sequence Work,Round Neck,India,https://i.ebayimg.com/images/g/XhIAAOSwegpnoGV7/s-l1600.webp,https://i.ebayimg.com/images/g/osQAAOSw8zpnoGV-/s-l1600.webp,https://i.ebayimg.com/images/g/VP4AAOSwbMBnoGV3/s-l1600.webp,https://i.ebayimg.com/images/g/XhIAAOSwLJNnoGV3/s-l1600.webp,https://i.ebayimg.com/images/g/640AAOSwQZZnoGV~/s-l1600.webp,https://i.ebayimg.com/images/g/TqcAAOSwfJxnoGV-/s-l1600.webp,https://i.ebayimg.com/images/g/0ckAAOSwJuRnoGWB/s-l1600.webp,https://i.ebayimg.com/images/g/rtMAAOSwIOtlsS0o/s-l1600.webp,,,,,,,
https://www.ebay.com/itm/356509656792?itmmeta=01JW68R8NXTTQ8DBF1WTP3TVFE&hash=item5301a1a6d8:g:sSAAAOSwrHJnl4d3,Anarkali Kurta Pant Set - Indian Designer Readymade Salwar Suit,US $36.07,New without tags,Yes Fully Stitched,"Wedding , Festival , Partywear , Travel",Cotton,Handmade,No,Salwar Kameez,"Winter , Summer And Spring",Anarkali Kurta With Pant,3/4 Sleeve,Orange,Women,Below The Knee (48inch),Adda and Embroidery Work,Round Neck,India,https://i.ebayimg.com/images/g/sSAAAOSwrHJnl4d3/s-l1600.webp,https://i.ebayimg.com/images/g/jBAAAOSwAmZnl4d1/s-l1600.webp,https://i.ebayimg.com/images/g/KYgAAOSwmChnl4d0/s-l1600.webp,https://i.ebayimg.com/images/g/Z50AAOSwcV9lsS8K/s-l1600.webp,,,,,,,,,,,
https://www.ebay.com/itm/355453708800?itmmeta=01JW69BT2NH3K0NXPWYZDNSD2S&hash=item52c2b12a00:g:kncAAOSwLPZlx2L4,Heavy Embroidered Kurti Pant Set - Indian Women Salwar Kameez Combo,US $37.71,New without tags,Yes Fully Stitched,"Wedding , Festival , Partywear , Travel",Rayon,Handmade,No,Salwar Kameez,"Winter , Summer And Spring",Side Cut Straight Kurta With Pant & Dupatta,3/4 Sleeve,"Red , Blue And Wine",Women,Below The Knee,Embroidery Sequence Work,Round Neck,India,https://i.ebayimg.com/images/g/kncAAOSwLPZlx2L4/s-l1600.webp,https://i.ebayimg.com/images/g/tx0AAOSw8Wllx2Kz/s-l1600.webp,https://i.ebayimg.com/images/g/ahcAAOSwnW1lx2LS/s-l1600.webp,https://i.ebayimg.com/images/g/1AUAAOSwuNdlx2Kx/s-l1600.webp,https://i.ebayimg.com/images/g/uqwAAOSw26Flx2Kr/s-l1600.webp,https://i.ebayimg.com/images/g/V20AAOSwEodlx2Ko/s-l1600.webp,https://i.ebayimg.com/images/g/wT4AAOSwndBlx2Kg/s-l1600.webp,https://i.ebayimg.com/images/g/9VsAAOSwLMxlx2Km/s-l1600.webp,https://i.ebayimg.com/images/g/73IAAOSw60Rlx2Kc/s-l1600.webp,https://i.ebayimg.com/images/g/5wkAAOSwjvdlx2KS/s-l1600.webp,https://i.ebayimg.com/images/g/JKsAAOSwbBdlx2KQ/s-l1600.webp,https://i.ebayimg.com/images/g/CuYAAOSwWt9lx2KZ/s-l1600.webp,https://i.ebayimg.com/images/g/Z50AAOSwcV9lsS8K/s-l1600.webp,https://i.ebayimg.com/images/g/pr0AAOSwRE5lx2Jv/s-l1600.webp,https://i.ebayimg.com/images/g/kJIAAOSw9ddlx2Jy/s-l1600.webp
https://www.ebay.com/itm/356382620931?itmmeta=01JW68R8NR6FB35G9TXZY2GYJR&hash=item52fa0f3d03:g:qKIAAOSwHPtnYb8g,Blue Kurta Palazzo Dupatta Set - Bollywood Wedding Designer Salwar,US $38.53,New without tags,Yes Fully Stitched,"Wedding , Festival , Partywear , Travel","Velvet, Organza Dupatta",Handmade,No,Salwar Kameez,"Winter , Summer And Spring",Straight Kurta With Pant & Dupatta,3/4 Sleeve,Blue,Women,Knee,Embroidery Work,Round Neck,India,https://i.ebayimg.com/images/g/qKIAAOSwHPtnYb8g/s-l1600.webp,https://i.ebayimg.com/images/g/Ks8AAOSwXctnYb8l/s-l1600.webp,https://i.ebayimg.com/images/g/m28AAOSw9WxnYb8h/s-l1600.webp,https://i.ebayimg.com/images/g/4y0AAOSwrF9nYb8i/s-l1600.webp,https://i.ebayimg.com/images/g/hNQAAOSwpmtnYb8k/s-l1600.webp,https://i.ebayimg.com/images/g/rtMAAOSwIOtlsS0o/s-l1600.webp,,,,,,,,,
https://www.ebay.com/itm/355984710325?itmmeta=01JW68R8NTM4MANDVXBAGN3DVZ&hash=item52e2579ab5:g:r14AAOSw-5Nmy1gx,Readymade Lehenga Choli Dupatta Set - Indian Wedding Navratri Wear,US $57.39,New without tags,Yes Fully Stitched,"Wedding , Festival , Partywear , Travel","Georgette, Micro Cotton",Handmade,No,Lengha,"Winter , Summer And Spring",Indian Lehenga Choli With Dupatta,3/4 Sleeve,White,Women,Lehenga ( 43inch ),Embroidery Sequence Work,V Neck,India,https://i.ebayimg.com/images/g/r14AAOSw-5Nmy1gx/s-l1600.webp,https://i.ebayimg.com/images/g/CT8AAOSwBERmy1g3/s-l1600.webp,https://i.ebayimg.com/images/g/RPYAAOSwGThmy1g8/s-l1600.webp,https://i.ebayimg.com/images/g/q6wAAOSwvllmy1gV/s-l1600.webp,https://i.ebayimg.com/images/g/nGIAAOSwGvtmy1gj/s-l1600.webp,https://i.ebayimg.com/images/g/rtMAAOSwIOtlsS0o/s-l1600.webp,,,,,,,,,
https://www.ebay.com/itm/356634048295?itmmeta=01JW69BT2NB8WQD9X1J076YP8W&hash=item53090bb727:g:UkUAAOSw8Ptnxyf7,Georgette Kurta Palazzo Set - Partywear Festival Salwar Kameez Dress,US $51.65,New without tags,Yes Fully Stitched,"Wedding , Festival , Partywear , Travel",Georgette,Handmade,No,Salwar Kameez,"Winter , Summer And Spring",Straight Kurta With Palazzo & Dupatta,3/4 Sleeve,Green,Women,Above The Knee ( 36inch),Embroidery Sequence Work,Round Neck,India,https://i.ebayimg.com/images/g/UkUAAOSw8Ptnxyf7/s-l1600.webp,https://i.ebayimg.com/images/g/I0gAAOSwStFnxyf5/s-l1600.webp,https://i.ebayimg.com/images/g/Po8AAOSwbXVnxyf6/s-l1600.webp,https://i.ebayimg.com/images/g/WDgAAOSwzKNnxygB/s-l1600.webp,https://i.ebayimg.com/images/g/UToAAOSwYyxnxygA/s-l1600.webp,https://i.ebayimg.com/images/g/JEQAAOSw8SJnxyf~/s-l1600.webp,https://i.ebayimg.com/images/g/gBAAAOSwTYJnxyf-/s-l1600.webp,https://i.ebayimg.com/images/g/rtMAAOSwIOtlsS0o/s-l1600.webp,,,,,,,
https://www.ebay.com/itm/356414977016?itmmeta=01JW69BT2QBN2DKG4M9RK9KW1Q&hash=item52fbfcf3f8:g:Zr0AAOSw6Hdnb~Lk,Georgette Sharara Kurta Set - Embroidered Salwar Kameez Dupatta Suit,US $54.93,New without tags,Yes Fully Stitched,"Wedding , Festival , Partywear , Travel","Georgette, Net Dupatta",Handmade,No,Salwar Kameez,"Winter , Summer And Spring",Straight Kurta With Sharara & Dupatta,3/4 Sleeve,Pink,Women,Knee,Thread Sequence Work,Round Neck,India,https://i.ebayimg.com/images/g/Zr0AAOSw6Hdnb~Lk/s-l1600.webp,https://i.ebayimg.com/images/g/ETAAAOSwdVRnb~Lm/s-l1600.webp,https://i.ebayimg.com/images/g/aToAAOSwN3hnb~Lo/s-l1600.webp,https://i.ebayimg.com/images/g/i9gAAOSwZc9nb~Lo/s-l1600.webp,https://i.ebayimg.com/images/g/iHIAAOSwRiJnb~Lp/s-l1600.webp,https://i.ebayimg.com/images/g/afwAAOSw44hnb~Lp/s-l1600.webp,https://i.ebayimg.com/images/g/~ygAAOSwgi5nb~Lo/s-l1600.webp,https://i.ebayimg.com/images/g/~8AAAOSwfeZm9Rxf/s-l1600.webp,,,,,,,
https://www.ebay.com/itm/356557085311?itmmeta=01JW68R8NV8XZ54VYAYAJGEDVW&hash=item5304755a7f:g:3MEAAOSwAnVnqyGQ,Designer Kurta Palazzo 2-Piece Set - S to 7XL Readymade Salwar Suit,US $35.25,New without tags,Yes Fully Stitched,"Wedding , Festival , Partywear , Travel",Cotton,Handmade,No,Salwar Kameez,"Winter , Summer And Spring",Long Kurta With Pant,3/4 Sleeve,Blue,Women,Below The Knee (43inch),Embroidery Work,Round Neck,India,https://i.ebayimg.com/images/g/3MEAAOSwAnVnqyGQ/s-l1600.webp,https://i.ebayimg.com/images/g/hjEAAOSwDgBnqyGO/s-l1600.webp,https://i.ebayimg.com/images/g/nhEAAOSwILJnqyGL/s-l1600.webp,https://i.ebayimg.com/images/g/cMQAAOSw4uBnqyGE/s-l1600.webp,https://i.ebayimg.com/images/g/vbMAAOSw4BFnqyGN/s-l1600.webp,https://i.ebayimg.com/images/g/EHYAAOSw5fJnqyGK/s-l1600.webp,https://i.ebayimg.com/images/g/OOcAAOSwBd5nqyHI/s-l1600.webp,https://i.ebayimg.com/images/g/Z50AAOSwcV9lsS8K/s-l1600.webp,,,,,,,
https://www.ebay.com/itm/356388803554?itmmeta=01JW68R8NXWF5NZW05W2ZZCVPW&hash=item52fa6d93e2:g:XBAAAOSwBC5nY-P~,White Kurta Pant Dupatta Set - Indian Designer Wedding Wear Outfit,US $38.53,New without tags,Yes Fully Stitched,"Wedding , Festival , Partywear , Travel",100% Silk,Handmade,No,Salwar Kameez,"Winter , Summer And Spring",Flared Kurta With Pant & Dupatta,3/4 Sleeve,White,Women,Below The Knee,Embroidery Work,Round Neck,India,https://i.ebayimg.com/images/g/XBAAAOSwBC5nY-P~/s-l1600.webp,https://i.ebayimg.com/images/g/GbYAAOSwSlBnY-P~/s-l1600.webp,https://i.ebayimg.com/images/g/3B4AAOSwvH5nY-P9/s-l1600.webp,https://i.ebayimg.com/images/g/FCQAAOSwLz9nY-P~/s-l1600.webp,https://i.ebayimg.com/images/g/lAEAAOSwK51nY-P9/s-l1600.webp,https://i.ebayimg.com/images/g/2jwAAOSwDWJnY-QA/s-l1600.webp,https://i.ebayimg.com/images/g/yWQAAOSwAKhnY-QB/s-l1600.webp,https://i.ebayimg.com/images/g/Z50AAOSwcV9lsS8K/s-l1600.webp,,,,,,,
https://www.ebay.com/itm/356518577726?itmmeta=01JW68N2S0JH39CT6P6QR154PQ&hash=item530229c63e:g:M9AAAOSwk2pnm3Xt,3-Piece Kurta Palazzo Dupatta Set - Wedding Readymade Salwar Kameez,US $36.89,New without tags,Yes Fully Stitched,"Wedding , Festival , Partywear , Travel",Cotton,Handmade,Sequence & Printed,Round Neck,India,Straight Kurta With Pant & Dupatta,3/4 Sleeve,Multi-Color,Women,Knee,Salwar Kameez,"Winter , Summer And Spring",,https://i.ebayimg.com/images/g/M9AAAOSwk2pnm3Xt/s-l1600.webp,https://i.ebayimg.com/images/g/7vIAAOSw2HNnm3Xs/s-l1600.webp,https://i.ebayimg.com/images/g/13MAAOSw~9Fnm3Xt/s-l1600.webp,https://i.ebayimg.com/images/g/l6UAAOSwRYNnm3Xu/s-l1600.webp,https://i.ebayimg.com/images/g/qqUAAOSwN45nm3Xs/s-l1600.webp,https://i.ebayimg.com/images/g/bgAAAOSwRL1nm3Xu/s-l1600.webp,https://i.ebayimg.com/images/g/YRsAAOSwyZlnm3Xu/s-l1600.webp,https://i.ebayimg.com/images/g/TDUAAOSwsKZnm3Xu/s-l1600.webp,https://i.ebayimg.com/images/g/qmsAAOSwQYBnm3Xq/s-l1600.webp,https://i.ebayimg.com/images/g/lC8AAOSwXDVnm3Xt/s-l1600.webp,https://i.ebayimg.com/images/g/7Z4AAOSwtmplsS8H/s-l1600.webp,,,,
https://www.ebay.com/itm/355558680147?itmmeta=01JW68R8NXXER50QC0QK9C5KB5&hash=item52c8f2e653:g:AyMAAOSwFjhl-TOL,Flared Anarkali Kurta Set - Indian Festival Wear Dupatta Combo Gown,US $53.29,New without tags,Yes Fully Stitched,"Wedding , Festival , Partywear , Travel",georgette,Handmade,No,Salwar Kameez,"Winter , Summer And Spring",Flared Kurta With Dupatta,3/4 Sleeve,White,Women,Full,Embroidery Sequence Work,V Neck,India,https://i.ebayimg.com/images/g/AyMAAOSwFjhl-TOL/s-l1600.webp,https://i.ebayimg.com/images/g/-tYAAOSw1Kxl-TOJ/s-l1600.webp,https://i.ebayimg.com/images/g/KwYAAOSwp7Zl-TOC/s-l1600.webp,https://i.ebayimg.com/images/g/tZ8AAOSwIaNl-TOG/s-l1600.webp,https://i.ebayimg.com/images/g/qL8AAOSwA0Vl-TN8/s-l1600.webp,https://i.ebayimg.com/images/g/7hUAAOSwMOJl-TN~/s-l1600.webp,https://i.ebayimg.com/images/g/rtMAAOSwIOtlsS0o/s-l1600.webp,,,,,,,,
https://www.ebay.com/itm/356359888943?itmmeta=01JW68R8NT68WF91NF4RJ58V4A&hash=item52f8b4602f:g:59IAAOSwtWRnV-vs,Readymade Anarkali Kurta Set - Wedding Salwar Kameez with Dupatta,US $37.71,New without tags,Yes Fully Stitched,"Wedding , Festival , Partywear , Travel",Cotton,Handmade,Embroidery Work And Printed Dupatta,Round Neck,India,Flared Kurta With Pant & Dupatta,3/4 Sleeve,Multi-Color,Women,Below The Knee,Salwar Kameez,"Winter , Summer And Spring",,https://i.ebayimg.com/images/g/59IAAOSwtWRnV-vs/s-l1600.webp,https://i.ebayimg.com/images/g/fdkAAOSwmr1nV-vr/s-l1600.webp,https://i.ebayimg.com/images/g/idsAAOSwpmZnV-vs/s-l1600.webp,https://i.ebayimg.com/images/g/mz0AAOSw1gBnV-vw/s-l1600.webp,https://i.ebayimg.com/images/g/0bQAAOSwGZpnV-vu/s-l1600.webp,https://i.ebayimg.com/images/g/LPsAAOSwAVhnV-vx/s-l1600.webp,https://i.ebayimg.com/images/g/Q7cAAOSwA4ZnV-vp/s-l1600.webp,https://i.ebayimg.com/images/g/7Z4AAOSwtmplsS8H/s-l1600.webp,,,,,,,
https://www.ebay.com/itm/356637668503?itmmeta=01JW68N2RY6XYS47A4CDRTF1QP&hash=item530942f497:g:ijcAAOSwZdxnyLf3,Festival Kurta Palazzo Suit Set - Eid Wear Readymade Salwar Kameez,US $36.89,New without tags,Yes Fully Stitched,"Wedding , Festival , Partywear , Travel , Puja",Cotton,Handmade,Adda and Embroidery Work,Salwar Kameez,"Winter , Summer And Spring",Anarkali Kurta With Pant & Dupatta,3/4 Sleeve,Multi-Color,Women,Below The Knee (48inch),No,V Neck,India,https://i.ebayimg.com/images/g/ijcAAOSwZdxnyLf3/s-l1600.webp,https://i.ebayimg.com/images/g/vK8AAOSw2ElnyLf2/s-l1600.webp,https://i.ebayimg.com/images/g/GaoAAOSw6~NnyLf2/s-l1600.webp,https://i.ebayimg.com/images/g/e4QAAOSw7dtnyLf2/s-l1600.webp,https://i.ebayimg.com/images/g/CO0AAOSwedRnyLf3/s-l1600.webp,https://i.ebayimg.com/images/g/bBYAAOSwMNVnyLf3/s-l1600.webp,https://i.ebayimg.com/images/g/RSAAAOSw7qBnyLf4/s-l1600.webp,https://i.ebayimg.com/images/g/Z50AAOSwcV9lsS8K/s-l1600.webp,,,,,,,
https://www.ebay.com/itm/356960539838?itmmeta=01JW69BT2N5ZJBBKVEW50CJ87S&hash=item531c8194be:g:5DsAAOSwUe1oMe4o,Bollywood Kurti Pant Suit - Eid Festival Salwar Kameez for Women,US $38.53,New without tags,Yes Fully Stitched,"Wedding , Festival , Partywear , Travel , Puja",Cotton,Handmade,Sequence Work & Printed,Salwar Kameez,"Winter , Summer And Spring",Straight Kurta With Pant & Dupatta,3/4 Sleeve,Multi-Color,Women,Knee,No,Round Neck,India,https://i.ebayimg.com/images/g/5DsAAOSwUe1oMe4o/s-l1600.webp,https://i.ebayimg.com/images/g/bZEAAOSw8K9oMe4p/s-l1600.webp,https://i.ebayimg.com/images/g/4tAAAOSwOgFoMe4p/s-l1600.webp,https://i.ebayimg.com/images/g/JyUAAOSw73BoMe4o/s-l1600.webp,https://i.ebayimg.com/images/g/Z50AAOSwcV9lsS8K/s-l1600.webp,,,,,,,,,,
https://www.ebay.com/itm/355455950304?itmmeta=01JW68R8NVR93T1PMVPTBGWNTD&hash=item52c2d35de0:g:nPUAAOSwK5NlyISw,Premium Muslin Mirror Work Suit - Readymade Designer Salwar Kameez,US $36.89,New without tags,Yes Fully Stitched,"Wedding , Festival , Partywear , Travel",Muslin,Handmade,No,Salwar Kameez,"Winter , Summer And Spring",Straight Kurta With Pant & Dupatta,3/4 Sleeve,White,Women,Knee,Real Mirror Work With Hand Work,Round Neck,India,https://i.ebayimg.com/images/g/nPUAAOSwK5NlyISw/s-l1600.webp,https://i.ebayimg.com/images/g/rQ0AAOSwPCRlyIS5/s-l1600.webp,https://i.ebayimg.com/images/g/D5kAAOSwVddlyITP/s-l1600.webp,https://i.ebayimg.com/images/g/KuoAAOSwWu5lyITM/s-l1600.webp,https://i.ebayimg.com/images/g/YdsAAOSw4jVlyITA/s-l1600.webp,https://i.ebayimg.com/images/g/zoIAAOSwE4ZlyITT/s-l1600.webp,https://i.ebayimg.com/images/g/JjMAAOSwo-llyIS0/s-l1600.webp,https://i.ebayimg.com/images/g/-C0AAOSwD7RlyIS8/s-l1600.webp,https://i.ebayimg.com/images/g/Z50AAOSwcV9lsS8K/s-l1600.webp,,,,,,
https://www.ebay.com/itm/356543549970?itmmeta=01JW69BT2NBQJN0KJ45ZRQKTZ6&hash=item5303a6d212:g:myMAAOSwzOhnpd~1,Organza Kurta Palazzo Set - Bollywood Partywear Salwar Kameez Suit,US $49.19,New without tags,Yes Fully Stitched,"Wedding , Festival , Partywear , Travel","Organza, Georgette Dupatta",Handmade,No,Salwar Kameez,"Winter , Summer And Spring",Straight Kurta With Palazzo & Dupatta,3/4 Sleeve,Multi-Color,Women,Knee (42inch),Heavy Hand Work,Round Neck,India,https://i.ebayimg.com/images/g/myMAAOSwzOhnpd~1/s-l1600.webp,https://i.ebayimg.com/images/g/q9sAAOSw7zNnpd~5/s-l1600.webp,https://i.ebayimg.com/images/g/cygAAOSwi05npd~w/s-l1600.webp,https://i.ebayimg.com/images/g/WaMAAOSwCe1npd~7/s-l1600.webp,https://i.ebayimg.com/images/g/bXcAAOSwZMBnpd~4/s-l1600.webp,https://i.ebayimg.com/images/g/SHsAAOSwGXlnpd~z/s-l1600.webp,https://i.ebayimg.com/images/g/kgwAAOSwE85npd~7/s-l1600.webp,https://i.ebayimg.com/images/g/gUYAAOSwzk1npd~6/s-l1600.webp,https://i.ebayimg.com/images/g/tZIAAOSwkJtnpd~6/s-l1600.webp,https://i.ebayimg.com/images/g/eSwAAOSw7jFnpd~0/s-l1600.webp,https://i.ebayimg.com/images/g/rtMAAOSwIOtlsS0o/s-l1600.webp,,,,
https://www.ebay.com/itm/355509412750?itmmeta=01JW69BT2S3RSKGNAX51EWT80M&hash=item52c603238e:g:QJsAAOSwa9VluhlO,Heavy Embroidery Salwar Kameez - Pakistani Kurta Pant Dupatta Combo,US $36.07,New without tags,Yes Fully Stitched,"Wedding , Festival , Partywear , Travel , Puja",Cotton,Handmade,Embroidery Work And Printed Dupatta,Indian,"Winter , Summer And Spring",Straight Kurta With Pant & Dupatta,3/4 Sleeve,"White Kurta Pant , Pink Dupatta",Women,Knee,No,Round Neck,India,https://i.ebayimg.com/images/g/QJsAAOSwa9VluhlO/s-l1600.webp,https://i.ebayimg.com/images/g/UKIAAOSwsMRluhlJ/s-l1600.webp,https://i.ebayimg.com/images/g/Wp4AAOSwIjhluhlM/s-l1600.webp,https://i.ebayimg.com/images/g/MAYAAOSwk5pluhlH/s-l1600.webp,https://i.ebayimg.com/images/g/DLAAAOSwPuZluhlQ/s-l1600.webp,https://i.ebayimg.com/images/g/b3AAAOSwfXBluhlS/s-l1600.webp,https://i.ebayimg.com/images/g/Z50AAOSwcV9lsS8K/s-l1600.webp,,,,,,,,
https://www.ebay.com/itm/355762219125?itmmeta=01JW68N2S3MHM7GPT3XKC97KWV&hash=item52d514a875:g:pTgAAOSwq5dmXSXv,Ethnic Palazzo Kurta Set - Designer Readymade Salwar Kameez for Women,US $36.89,New without tags,Yes Fully Stitched,"Wedding , Festival , Partywear , Travel , Puja",Cotton,Handmade,Printed,Salwar Kameez,"Winter , Summer And Spring",Straight Kurta With Pant & Dupatta,3/4 Sleeve,Purple And Peach,Women,Knee,No,V Neck,India,https://i.ebayimg.com/images/g/pTgAAOSwq5dmXSXv/s-l1600.webp,https://i.ebayimg.com/images/g/MTIAAOSw4oNmXSXt/s-l1600.webp,https://i.ebayimg.com/images/g/~XUAAOSwegJmXSYO/s-l1600.webp,https://i.ebayimg.com/images/g/6UUAAOSwM3xmXSXu/s-l1600.webp,https://i.ebayimg.com/images/g/-4kAAOSwsl9mXSXs/s-l1600.webp,https://i.ebayimg.com/images/g/~JkAAOSwJDtmXSYf/s-l1600.webp,https://i.ebayimg.com/images/g/Z50AAOSwcV9lsS8K/s-l1600.webp,https://i.ebayimg.com/images/g/udEAAOSwmYFmXSYs/s-l1600.webp,https://i.ebayimg.com/images/g/VL0AAOSwYvtmXSYz/s-l1600.webp,,,,,,
https://www.ebay.com/itm/356546718799?itmmeta=01JW68N2S2A3WGRY8H7490E234&hash=item5303d72c4f:g:~IIAAOSwArFnpxpF,Fully Readymade Palazzo Set - Indian Designer Kurta with Dupatta,US $36.07,New without tags,Yes Fully Stitched,"Wedding , Festival , Partywear , Travel",Cotton,Handmade,No,Salwar Kameez,"Winter , Summer And Spring",Straight Kurta With Pant & Dupatta,3/4 Sleeve,Multi-Color,Women,Knee,Sequence Work & Printed,Round Neck,India,https://i.ebayimg.com/images/g/~IIAAOSwArFnpxpF/s-l1600.webp,https://i.ebayimg.com/images/g/udgAAOSwHodnpxpJ/s-l1600.webp,https://i.ebayimg.com/images/g/b4MAAOSwJURnpxpH/s-l1600.webp,https://i.ebayimg.com/images/g/g24AAOSwrlZnpxpK/s-l1600.webp,https://i.ebayimg.com/images/g/w5IAAOSwvIlnpxpK/s-l1600.webp,https://i.ebayimg.com/images/g/Z50AAOSwcV9lsS8K/s-l1600.webp,,,,,,,,,
https://www.ebay.com/itm/356858972312?itmmeta=01JW68R8NV8YM5621HEZQ09AH7&hash=item531673c898:g:y3IAAOSwL5loF5Yg,3-Piece Bollywood Kurta Set - Readymade Palazzo Salwar Kameez Combo,US $36.89,New without tags,Yes Fully Stitched,"Wedding , Festival , Partywear , Travel","Cotton, Silk Dupatta",Handmade,No,Salwar Kameez,"Winter , Summer And Spring",Straight Kurta With Pant & Dupatta,3/4 Sleeve,White,Women,Knee,Embroidery Work And Printed Dupatta,Round Neck,India,https://i.ebayimg.com/images/g/y3IAAOSwL5loF5Yg/s-l1600.webp,https://i.ebayimg.com/images/g/cHYAAOSwzjNoF5Yh/s-l1600.webp,https://i.ebayimg.com/images/g/ssQAAOSwviJoF5Yj/s-l1600.webp,https://i.ebayimg.com/images/g/9Z8AAOSwDGJoF5Yh/s-l1600.webp,https://i.ebayimg.com/images/g/ok4AAOSwUzRoF5Yg/s-l1600.webp,https://i.ebayimg.com/images/g/zogAAOSwJFVoF5Zl/s-l1600.webp,https://i.ebayimg.com/images/g/1kcAAOSwmg5oF5Zt/s-l1600.webp,https://i.ebayimg.com/images/g/Z50AAOSwcV9lsS8K/s-l1600.webp,,,,,,,
https://www.ebay.com/itm/355887788672?itmmeta=01JW69BT2MNAR9Z1YV7QQ0VG0R&hash=item52dc90b280:g:Nw0AAOSwnxxmnPgb,New Kurta Palazzo Set for Women - Readymade Suit Gift for Her,US $37.71,New without tags,Yes Fully Stitched,"Wedding , Festival , Partywear , Travel","Cotton, Silk",Handmade,No,Salwar Kameez,"Winter , Summer And Spring",Straight Kurta With Pant & Dupatta,3/4 Sleeve,Purple,Women,Knee,Embroidery Work And Printed Dupatta,V Neck,India,https://i.ebayimg.com/images/g/Nw0AAOSwnxxmnPgb/s-l1600.webp,https://i.ebayimg.com/images/g/pLAAAOSwtGtmnPgW/s-l1600.webp,https://i.ebayimg.com/images/g/lV4AAOSwMtlmnPgT/s-l1600.webp,https://i.ebayimg.com/images/g/HEcAAOSwtZtmnPgR/s-l1600.webp,https://i.ebayimg.com/images/g/1iYAAOSwtYtmnPgM/s-l1600.webp,https://i.ebayimg.com/images/g/IyYAAOSw0gpmnPgO/s-l1600.webp,https://i.ebayimg.com/images/g/Q~QAAOSwzKdlsS7a/s-l1600.webp,,,,,,,,
https://www.ebay.com/itm/356238048157?itmmeta=01JW68R8NTEG37EQEP3HKRCE4R&hash=item52f1713b9d:g:misAAOSwSulnLdvp,Red Wedding Salwar Kameez Set - Readymade Kurta Palazzo Dupatta,US $38.53,New without tags,Yes Fully Stitched,"Wedding , Festival , Partywear , Travel , Puja","Chanderi, Nylon Dupatta",Handmade,Embroidery Hand Work,Salwar Kameez,"Winter , Summer And Spring",Straight Kurta With Pant & Dupatta,3/4 Sleeve,Red,Women,Knee,No,V Neck,India,https://i.ebayimg.com/images/g/misAAOSwSulnLdvp/s-l1600.webp,https://i.ebayimg.com/images/g/xskAAOSw2uNnLdvn/s-l1600.webp,https://i.ebayimg.com/images/g/UPQAAOSw~fBnLdvn/s-l1600.webp,https://i.ebayimg.com/images/g/-XUAAOSweYFnLdvh/s-l1600.webp,https://i.ebayimg.com/images/g/OMgAAOSwxvJnLdvj/s-l1600.webp,https://i.ebayimg.com/images/g/LhUAAOSwq2xnLdvn/s-l1600.webp,https://i.ebayimg.com/images/g/Z50AAOSwcV9lsS8K/s-l1600.webp,,,,,,,,
https://www.ebay.com/itm/356263203089?itmmeta=01JW68R8NRBH3S0TXBPMXSQW1J&hash=item52f2f11111:g:-UgAAOSwHspnNzOd,Wedding Salwar Kameez Suit - Indian Readymade Kurta Palazzo Set,US $53.29,New without tags,Yes Fully Stitched,"Wedding , Festival , Partywear , Travel",Chinon Silk,Handmade,No,Salwar Kameez,"Winter , Summer And Spring",Straight Kurta With Sharara & Dupatta,3/4 Sleeve,Purple,Women,Above The Knee ( 31inch),Embroidery Sequence Work,Round Neck,India,https://i.ebayimg.com/images/g/-UgAAOSwHspnNzOd/s-l1600.webp,https://i.ebayimg.com/images/g/7BAAAOSwdIRnNzOc/s-l1600.webp,https://i.ebayimg.com/images/g/tDwAAOSw9CZnNzOb/s-l1600.webp,https://i.ebayimg.com/images/g/95UAAOSwfRlnNzOb/s-l1600.webp,https://i.ebayimg.com/images/g/52kAAOSwH3hnNzOe/s-l1600.webp,https://i.ebayimg.com/images/g/rtMAAOSwIOtlsS0o/s-l1600.webp,,,,,,,,,
https://www.ebay.com/itm/356647983595?itmmeta=01JW68R8NV6NCGQ3C4K2BTC5VW&hash=item5309e059eb:g:9VcAAOSwN3dnzTrM,Gift Her Black Salwar Kameez - Readymade Kurta Palazzo with Dupatta,US $45.91,New without tags,Yes Fully Stitched,"Wedding , Festival , Partywear , Travel","Georgette, Silk Dupatta",Handmade,No,Salwar Kameez,"Winter , Summer And Spring",Straight Kurta With Palazzo & Dupatta,3/4 Sleeve,Black,Women,Below The Knee (47inch),Embroidery Sequence Work And Moti Work,Round Neck,India,https://i.ebayimg.com/images/g/9VcAAOSwN3dnzTrM/s-l1600.webp,https://i.ebayimg.com/images/g/o7kAAOSwVxNnzTrL/s-l1600.webp,https://i.ebayimg.com/images/g/cVUAAOSwefNnzTrM/s-l1600.webp,https://i.ebayimg.com/images/g/w1EAAOSwM21nzTrM/s-l1600.webp,https://i.ebayimg.com/images/g/4S4AAOSwqF1nzTrM/s-l1600.webp,https://i.ebayimg.com/images/g/qMEAAOSwQ7FnzTrN/s-l1600.webp,https://i.ebayimg.com/images/g/rtMAAOSwIOtlsS0o/s-l1600.webp,,,,,,,,
https://www.ebay.com/itm/356753521017?itmmeta=01JW68R8NSY9Q4Y3DB0SK63HQS&hash=item53102ab979:g:SEwAAOSwANZn9iKS,Bollywood Kurta Dupatta Set - Indian Designer Readymade Salwar Suit,US $38.53,New without tags,Yes Fully Stitched,"Wedding , Festival , Partywear , Travel",Muslin,Handmade,No,Salwar Kameez,"Winter , Summer And Spring",Anarkali Kurta With Pant & Dupatta,3/4 Sleeve,Multi-Color,Women,Below The Knee,Embroidery Work,Round Neck,India,https://i.ebayimg.com/images/g/SEwAAOSwANZn9iKS/s-l1600.webp,https://i.ebayimg.com/images/g/P9EAAOSw535n9iKN/s-l1600.webp,https://i.ebayimg.com/images/g/l9sAAOSw1j5n9iKQ/s-l1600.webp,https://i.ebayimg.com/images/g/efUAAOSwFGpn9iKR/s-l1600.webp,https://i.ebayimg.com/images/g/JE4AAOSw07xn9iKR/s-l1600.webp,https://i.ebayimg.com/images/g/2asAAOSwsHxn9iKU/s-l1600.webp,https://i.ebayimg.com/images/g/qq0AAOSw73Vn9iKT/s-l1600.webp,https://i.ebayimg.com/images/g/ZU8AAOSw-W5n9iKV/s-l1600.webp,https://i.ebayimg.com/images/g/Z50AAOSwcV9lsS8K/s-l1600.webp,,,,,,
https://www.ebay.com/itm/355473757634?itmmeta=01JW68R8NYATTGZZSJ380VN2Z0&hash=item52c3e315c2:g:Ax4AAOSwvj5l0e6m,Premium Muslin Kurta Pant Set - Printed Designer Salwar Kameez Suit,US $31.97,New without tags,Yes Fully Stitched,"Wedding , Festival , Partywear , Travel",Muslin,Handmade,No,Salwar Kameez,"Winter , Summer And Spring",Straight Kurta With Pant,3/4 Sleeve,Yellow And Peach,Women,Knee,Printed,Collar Neck,India,https://i.ebayimg.com/images/g/Ax4AAOSwvj5l0e6m/s-l1600.webp,https://i.ebayimg.com/images/g/Jm0AAOSwXFNl0e6o/s-l1600.webp,https://i.ebayimg.com/images/g/wUwAAOSwANZl0e6q/s-l1600.webp,https://i.ebayimg.com/images/g/ZBMAAOSwxx5l0e7B/s-l1600.webp,https://i.ebayimg.com/images/g/uLUAAOSwY75l0e6l/s-l1600.webp,https://i.ebayimg.com/images/g/40kAAOSwazVl0e6j/s-l1600.webp,https://i.ebayimg.com/images/g/CNIAAOSwPL9l0e6t/s-l1600.webp,https://i.ebayimg.com/images/g/ApwAAOSwOQpl0e7N/s-l1600.webp,https://i.ebayimg.com/images/g/JRQAAOSwogRlzMF3/s-l1600.webp,https://i.ebayimg.com/images/g/GR8AAOSwqOFl0e6p/s-l1600.webp,https://i.ebayimg.com/images/g/nyIAAOSwru5l0e6u/s-l1600.webp,,,,
https://www.ebay.com/itm/356596129049?itmmeta=01JW68R8NYWPZG031N5BNCA4QY&hash=item5306c91d19:g:fv4AAOSwCxtnuINW,Fine Cotton Kurta Palazzo Set - Readymade Embroidered Salwar Kameez,US $36.89,New without tags,Yes Fully Stitched,"Wedding , Festival , Partywear , Travel",Cotton,Handmade,No,Salwar Kameez,"Winter , Summer And Spring",Straight Kurta With Pant & Dupatta,3/4 Sleeve,Yellow,Women,Knee,Embroidery Work,V Neck,India,https://i.ebayimg.com/images/g/fv4AAOSwCxtnuINW/s-l1600.webp,https://i.ebayimg.com/images/g/PZMAAOSwYfRnuINV/s-l1600.webp,https://i.ebayimg.com/images/g/TrwAAOSwY~9nuINW/s-l1600.webp,https://i.ebayimg.com/images/g/YMYAAOSws1JnuINR/s-l1600.webp,https://i.ebayimg.com/images/g/aWYAAOSw6jlnuINV/s-l1600.webp,https://i.ebayimg.com/images/g/HGcAAOSwMHJnuINh/s-l1600.webp,https://i.ebayimg.com/images/g/rSwAAOSw6YNnuINe/s-l1600.webp,https://i.ebayimg.com/images/g/Z50AAOSwcV9lsS8K/s-l1600.webp,,,,,,,
https://www.ebay.com/itm/355907698022?itmmeta=01JW68R8NRW18JYFAP58JRA5B5&hash=item52ddc07d66:g:xy4AAOSwaDVmpw3U,Readymade Designer Palazzo Set - Indian Salwar Kameez with Dupatta,US $36.89,New without tags,Yes Fully Stitched,"Wedding , Festival , Partywear , Travel , Puja",Cotton,Handmade,Printed,Salwar Kameez,"Winter , Summer And Spring",Straight Kurta With Pant & Dupatta,3/4 Sleeve,Green,Women,Knee,No,V Neck,India,https://i.ebayimg.com/images/g/xy4AAOSwaDVmpw3U/s-l1600.webp,https://i.ebayimg.com/images/g/qzwAAOSwEvZmpw3F/s-l1600.webp,https://i.ebayimg.com/images/g/MQwAAOSwt71mpw3O/s-l1600.webp,https://i.ebayimg.com/images/g/j7UAAOSwKbtmpw3Q/s-l1600.webp,https://i.ebayimg.com/images/g/1FsAAOSwXR5mpw3J/s-l1600.webp,https://i.ebayimg.com/images/g/Rs8AAOSwUl9mpw3S/s-l1600.webp,https://i.ebayimg.com/images/g/ygYAAOSwnLBmpw3N/s-l1600.webp,https://i.ebayimg.com/images/g/0IwAAOSwxjFmpw3L/s-l1600.webp,https://i.ebayimg.com/images/g/Z50AAOSwcV9lsS8K/s-l1600.webp,,,,,,
https://www.ebay.com/itm/356499612658?itmmeta=01JW68R8NWB6YWS9ND4N3XYKE4&hash=item53010863f2:g:pJMAAOSwbHFnk1MJ,Straight Cotton Palazzo Set - Indian Readymade Salwar Kameez Suit,US $32.79,New without tags,Yes Fully Stitched,"Wedding , Festival , Partywear , Travel , Puja",Cotton,Handmade,Embroidery Work,Salwar Kameez,"Winter , Summer And Spring",Straight Kurta With Pant,3/4 Sleeve,White,Women,Knee,No,Round Neck,India,https://i.ebayimg.com/images/g/pJMAAOSwbHFnk1MJ/s-l1600.webp,https://i.ebayimg.com/images/g/RD4AAOSwFuhnk1LY/s-l1600.webp,https://i.ebayimg.com/images/g/qAwAAOSwtT5nk1Lc/s-l1600.webp,https://i.ebayimg.com/images/g/osMAAOSwD59nk1La/s-l1600.webp,https://i.ebayimg.com/images/g/a2oAAOSwjL9nk1La/s-l1600.webp,https://i.ebayimg.com/images/g/oiEAAOSw2nBnk1La/s-l1600.webp,https://i.ebayimg.com/images/g/Z50AAOSwcV9lsS8K/s-l1600.webp,,,,,,,,
https://www.ebay.com/itm/355887777138?itmmeta=01JW68R8NRA26NJ7RX6TKH5NAW&hash=item52dc908572:g:~NwAAOSw0epmnPT3,Designer Palazzo Kurta Combo - Wedding Wear Salwar Kameez for Women,US $37.71,New without tags,Yes Fully Stitched,"Wedding , Festival , Partywear , Travel","Cotton, Silk",Handmade,No,Salwar Kameez,"Winter , Summer And Spring",Straight Kurta With Pant & Dupatta,3/4 Sleeve,White,Women,Knee,Thread Embroidery Work And Printed Dupatta,Round Neck,India,https://i.ebayimg.com/images/g/~NwAAOSw0epmnPT3/s-l1600.webp,https://i.ebayimg.com/images/g/I4YAAOSwxVJmnPTx/s-l1600.webp,https://i.ebayimg.com/images/g/PskAAOSwf-RmnPT0/s-l1600.webp,https://i.ebayimg.com/images/g/xKYAAOSw7ppmnPTt/s-l1600.webp,https://i.ebayimg.com/images/g/HfkAAOSwkgxmnPU4/s-l1600.webp,https://i.ebayimg.com/images/g/JCEAAOSwos9mnPTn/s-l1600.webp,https://i.ebayimg.com/images/g/Q~QAAOSwzKdlsS7a/s-l1600.webp,,,,,,,,
https://www.ebay.com/itm/356546676266?itmmeta=01JW69BT2Q000S56CHPNR3BDFN&hash=item5303d6862a:g:iXEAAOSwE8FnpxZ0,Blue Party Palazzo Kurta Set - Readymade Eid Salwar Kameez Suit,US $52.47,New without tags,Yes Fully Stitched,"Wedding , Festival , Partywear , Travel",Georgette,Handmade,No,Salwar Kameez,"Winter , Summer And Spring",Straight Kurta With Palazzo & Dupatta,3/4 Sleeve,Blue,Women,Knee,Thread Sequence Work,Round Neck,India,https://i.ebayimg.com/images/g/iXEAAOSwE8FnpxZ0/s-l1600.webp,https://i.ebayimg.com/images/g/lKkAAOSw60JnpxZo/s-l1600.webp,https://i.ebayimg.com/images/g/pQYAAOSwke1npxZt/s-l1600.webp,https://i.ebayimg.com/images/g/FPsAAOSw9mpnpxZ0/s-l1600.webp,https://i.ebayimg.com/images/g/ZCIAAOSwbOxnpxZx/s-l1600.webp,https://i.ebayimg.com/images/g/rtMAAOSwIOtlsS0o/s-l1600.webp,,,,,,,,,
https://www.ebay.com/itm/355484010447?itmmeta=01JW68R8NTH6WH1TSWVQRY64JG&hash=item52c47f87cf:g:z5YAAOSwIctl10MN,Handmade Printed Kurta Set - Elegant Indian Palazzo Dupatta Combo,US $36.89,New without tags,Yes Fully Stitched,"Wedding , Festival , Partywear , Travel",Cotton,Handmade,No,Salwar Kameez,"Winter , Summer And Spring",Straight Kurta With Pant & Dupatta,3/4 Sleeve,White,Women,Knee (45inch),Printed,V Neck,India,https://i.ebayimg.com/images/g/z5YAAOSwIctl10MN/s-l1600.webp,https://i.ebayimg.com/images/g/rbgAAOSwpldl10MP/s-l1600.webp,https://i.ebayimg.com/images/g/rbsAAOSwpldl10MR/s-l1600.webp,https://i.ebayimg.com/images/g/9XMAAOSwOnll10ML/s-l1600.webp,https://i.ebayimg.com/images/g/pmEAAOSwXphl10MB/s-l1600.webp,https://i.ebayimg.com/images/g/GPYAAOSw4qdl10M6/s-l1600.webp,https://i.ebayimg.com/images/g/Q~QAAOSwzKdlsS7a/s-l1600.webp,,,,,,,,
https://www.ebay.com/itm/356456779653?itmmeta=01JW68N2RX1S64NT769BDJT78Q&hash=item52fe7acf85:g:ef4AAOSwwCBnghZq,Red Festival Kurta Palazzo Set - Readymade Women Salwar Kameez Suit,US $49.19,New without tags,Yes Fully Stitched,"Wedding , Festival , Partywear , Travel",100% Silk,Handmade,No,Salwar Kameez,"Winter , Summer And Spring",Straight Kurta With Palazzo & Dupatta,3/4 Sleeve,Red,Women,Knee (43inch),Embroidery Sequence & Zari Work,Round Neck,India,https://i.ebayimg.com/images/g/ef4AAOSwwCBnghZq/s-l1600.webp,https://i.ebayimg.com/images/g/O8AAAOSwWjVnghZo/s-l1600.webp,https://i.ebayimg.com/images/g/etsAAOSw0iJnghZo/s-l1600.webp,https://i.ebayimg.com/images/g/-WEAAOSwyJ5nghZm/s-l1600.webp,https://i.ebayimg.com/images/g/k5wAAOSwndJnghZr/s-l1600.webp,https://i.ebayimg.com/images/g/vzgAAOSwicRnghZs/s-l1600.webp,https://i.ebayimg.com/images/g/rtMAAOSwIOtlsS0o/s-l1600.webp,,,,,,,,
https://www.ebay.com/itm/356089095007?itmmeta=01JW68R8NX0M1AHJD1YDNMC3G5&hash=item52e890635f:g:rBQAAOSw2MFm9Rxc,Pakistani Shalwar Kameez Suit - 3 Piece Readymade Kurta Palazzo Set,US $51.65,New without tags,Yes Fully Stitched,"Wedding , Festival , Partywear , Travel",Silk,Handmade,No,Salwar Kameez,"Winter , Summer And Spring",Straight Kurta With Sharara Palazzo & Dupatta,3/4 Sleeve,Green,Women,Knee (38inch),Embroidery Sequence Work,Round Neck,India,https://i.ebayimg.com/images/g/rBQAAOSw2MFm9Rxc/s-l1600.webp,https://i.ebayimg.com/images/g/Cm0AAOSwqQNm9RxW/s-l1600.webp,https://i.ebayimg.com/images/g/mZcAAOSwdQ9m9RxU/s-l1600.webp,https://i.ebayimg.com/images/g/VtEAAOSwUOJm9RxS/s-l1600.webp,https://i.ebayimg.com/images/g/exoAAOSw9nZm9RxO/s-l1600.webp,https://i.ebayimg.com/images/g/~8AAAOSwfeZm9Rxf/s-l1600.webp,,,,,,,,,
https://www.ebay.com/itm/355438310771?itmmeta=01JW69BT2PMTNAFTJ0ED5H6FRC&hash=item52c1c63573:g:23MAAOSw9LFlv4OB,Red Kurta Set for Weddings - Partywear Anarkali Kurta Dupatta Combo,US $52.47,New without tags,Yes Fully Stitched,"Wedding , Festival , Partywear , Travel",Georgette,Handmade,No,Salwar Kameez,"Winter , Summer And Spring",Flared Kurta With Dupatta,3/4 Sleeve,Red,Women,Full,Embroidery Work,Round Neck,India,https://i.ebayimg.com/images/g/23MAAOSw9LFlv4OB/s-l1600.webp,https://i.ebayimg.com/images/g/BocAAOSwQpJlv4N9/s-l1600.webp,https://i.ebayimg.com/images/g/4gYAAOSw2TVlv4N7/s-l1600.webp,https://i.ebayimg.com/images/g/NEAAAOSwYNJlv4N3/s-l1600.webp,https://i.ebayimg.com/images/g/a24AAOSwq7Flv4Nz/s-l1600.webp,https://i.ebayimg.com/images/g/rtMAAOSwIOtlsS0o/s-l1600.webp,,,,,,,,,
https://www.ebay.com/itm/356938991216?itmmeta=01JW68R8NXNBFJ4NDDSAC8ZH1N&hash=item531b38c670:g:eJkAAOSwp-xoLazb,Blue Palazzo Kurta Dupatta Set - Bollywood Wedding Wear Salwar Suit,US $36.07,New without tags,Yes Fully Stitched,"Wedding , Festival , Partywear , Travel",Cotton,Handmade,No,Salwar Kameez,"Winter , Summer And Spring",Straight Kurta With Pant & Dupatta,3/4 Sleeve,Blue,Women,Knee (45 inch),Sequence Work & Printed,Round Neck,India,https://i.ebayimg.com/images/g/eJkAAOSwp-xoLazb/s-l1600.webp,https://i.ebayimg.com/images/g/YhAAAOSwdfpoLaza/s-l1600.webp,https://i.ebayimg.com/images/g/Bb0AAOSwHAZoLazb/s-l1600.webp,https://i.ebayimg.com/images/g/RWYAAOSweRBoLazc/s-l1600.webp,https://i.ebayimg.com/images/g/DHcAAOSwMlZoLaza/s-l1600.webp,https://i.ebayimg.com/images/g/fgoAAOSwq2JoLaze/s-l1600.webp,https://i.ebayimg.com/images/g/Z50AAOSwcV9lsS8K/s-l1600.webp,,,,,,,,
https://www.ebay.com/itm/356828238787?itmmeta=01JW69BT2PVK38WP6YY8MV6A0V&hash=item53149ed3c3:g:2rEAAOSwpOpoDKCX,Co-Ord Kurta Set for Her - Indian Designer Readymade Salwar Kameez,US $35.25,New without tags,Yes Fully Stitched,"Wedding , Festival , Partywear , Travel",Cotton,Handmade,No,Salwar Kameez,"Winter , Summer And Spring",Short Kurta(shirt) With Palazzo,3/4 Sleeve,White,Women,Shirt (30inch),Hand Aari Embroidery Work,Collar Neck,India,https://i.ebayimg.com/images/g/2rEAAOSwpOpoDKCX/s-l1600.webp,https://i.ebayimg.com/images/g/svMAAOSw9YxoDKCX/s-l1600.webp,https://i.ebayimg.com/images/g/acoAAOSwDqFoDKCX/s-l1600.webp,https://i.ebayimg.com/images/g/ch4AAOSwdMtoDKCW/s-l1600.webp,https://i.ebayimg.com/images/g/IQcAAOSwJGZoDKDb/s-l1600.webp,https://i.ebayimg.com/images/g/CF8AAOSw2SloDKDa/s-l1600.webp,https://i.ebayimg.com/images/g/Z50AAOSwcV9lsS8K/s-l1600.webp,,,,,,,,
https://www.ebay.com/itm/356336320998?itmmeta=01JW69BT2N8C8XMVJG9GFFHVHD&hash=item52f74cc1e6:g:9f8AAOSwAUZnTvJ0,Bollywood Kurta Pant Set - Pakistani Designer Salwar Kameez Combo,US $39.35,New without tags,Yes Fully Stitched,"Wedding , Festival , Partywear , Travel , Puja","Cotton, Silk Dupatta",Handmade,Embroidery Sequence Work And Printed Dupatta,Salwar Kameez,"Winter , Summer And Spring",Flared Kurta With Pant & Dupatta,3/4 Sleeve,Multi-Color,Women,Full (51inch),No,Round Neck,India,https://i.ebayimg.com/images/g/9f8AAOSwAUZnTvJ0/s-l1600.webp,https://i.ebayimg.com/images/g/LasAAOSw9VNnTvJ1/s-l1600.webp,https://i.ebayimg.com/images/g/WkkAAOSwyylnTvJ2/s-l1600.webp,https://i.ebayimg.com/images/g/kFgAAOSwK7pnTvJ1/s-l1600.webp,https://i.ebayimg.com/images/g/mH4AAOSw2sVnTvJz/s-l1600.webp,https://i.ebayimg.com/images/g/sEMAAOSwhPxnTvJ1/s-l1600.webp,https://i.ebayimg.com/images/g/rBoAAOSwuShnTvKt/s-l1600.webp,https://i.ebayimg.com/images/g/Z50AAOSwcV9lsS8K/s-l1600.webp,,,,,,,
https://www.ebay.com/itm/356359863792?itmmeta=01JW69BT2QGACFYV5NTN9MA7XX&hash=item52f8b3fdf0:g:RXQAAOSwg0dnV-le,Wedding Kurta Pant Dupatta Set - Gift for Her Readymade Combo Suit,US $48.37,New without tags,Yes Fully Stitched,"Wedding , Festival , Partywear , Travel","Chinon Silk Kurta, Chiffon Dupatta, Butter Silk Pant",Handmade,No,Salwar Kameez,Winter And Spring,Flared Kurta With Pant & Dupatta,3/4 Sleeve,Multi-Color,Women,Below The Knee,Hand Embroidery Work And Printed,V Neck,India,https://i.ebayimg.com/images/g/RXQAAOSwg0dnV-le/s-l1600.webp,https://i.ebayimg.com/images/g/-OMAAOSwP0FnV-lo/s-l1600.webp,https://i.ebayimg.com/images/g/zMcAAOSw0JlnV-li/s-l1600.webp,https://i.ebayimg.com/images/g/x8wAAOSwbYlnV-li/s-l1600.webp,https://i.ebayimg.com/images/g/LvMAAOSwoRlnV-li/s-l1600.webp,https://i.ebayimg.com/images/g/N7cAAOSwuNRnV-lb/s-l1600.webp,https://i.ebayimg.com/images/g/rtMAAOSwIOtlsS0o/s-l1600.webp,,,,,,,,
https://www.ebay.com/itm/356581977154?itmmeta=01JW68N2RVW2789063YESYMETP&hash=item5305f12c42:g:iPkAAOSwZy5nsw~I,Eid Special Palazzo Set - Readymade Kurta Dupatta Wedding Wear Suit,US $37.71,New without tags,Yes Fully Stitched,"Wedding , Festival , Partywear , Travel , Puja",Cotton,Handmade,Embroidery & Mirror Work,Salwar Kameez,"Winter , Summer And Spring",Straight Kurta With Pant & Dupatta,3/4 Sleeve,White,Women,Knee (45inch),No,Round Neck,India,https://i.ebayimg.com/images/g/iPkAAOSwZy5nsw~I/s-l1600.webp,https://i.ebayimg.com/images/g/oDkAAOSw6mhnsw~I/s-l1600.webp,https://i.ebayimg.com/images/g/KfgAAOSwhsxnsw~J/s-l1600.webp,https://i.ebayimg.com/images/g/MMUAAOSw3Ctnsw~H/s-l1600.webp,https://i.ebayimg.com/images/g/BcMAAOSwBVJnsw~I/s-l1600.webp,https://i.ebayimg.com/images/g/i9IAAOSwZqNnsw~I/s-l1600.webp,https://i.ebayimg.com/images/g/brkAAOSw04dnsw~J/s-l1600.webp,https://i.ebayimg.com/images/g/Z50AAOSwcV9lsS8K/s-l1600.webp,,,,,,,
https://www.ebay.com/itm/356582113278?itmmeta=01JW68N2RZ9ED2XNEBJEG0EHZD&hash=item5305f33ffe:g:HF8AAOSwvHJnsx3-,Gift for Her Palazzo Suit Set - Readymade Kurta Salwar Kameez Combo,US $38.53,New without tags,Yes Fully Stitched,"Wedding , Festival , Partywear , Travel , Puja",Chinon Silk,Handmade,Hand Work And Pearls Moti Work,Salwar Kameez,"Winter , Summer And Spring",Straight Kurta With Pant & Dupatta,3/4 Sleeve,Multi-Color,Women,Knee (45inch),No,Round Neck,India,https://i.ebayimg.com/images/g/HF8AAOSwvHJnsx3-/s-l1600.webp,https://i.ebayimg.com/images/g/MI8AAOSwkxlnsx39/s-l1600.webp,https://i.ebayimg.com/images/g/8wgAAOSw-xlnsx39/s-l1600.webp,https://i.ebayimg.com/images/g/nqIAAOSwS55nsx4A/s-l1600.webp,https://i.ebayimg.com/images/g/Lw8AAOSwURBnsx3~/s-l1600.webp,https://i.ebayimg.com/images/g/3cgAAOSw~~Jnsx4E/s-l1600.webp,https://i.ebayimg.com/images/g/0osAAOSw5Wtnsx3~/s-l1600.webp,https://i.ebayimg.com/images/g/Z50AAOSwcV9lsS8K/s-l1600.webp,,,,,,,
https://www.ebay.com/itm/356410236809?itmmeta=01JW69BT2PC4Q653NKZTQZA79V&hash=item52fbb49f89:g:IMgAAOSwJDpnbWkb,Red Velvet Kurta Pant Set - Winter Wear Readymade Salwar Kameez Suit,US $50.01,New without tags,Yes Fully Stitched,"Wedding , Festival , Partywear , Travel","Velvet, Net Dupatta",Handmade,No,Salwar Kameez,"Winter , Summer And Spring",Straight Kurta With Palazzo & Dupatta,3/4 Sleeve,Red,Women,Below The Knee (48inch),Embroidery Sequence Work And Moti Work,Round Neck,India,https://i.ebayimg.com/images/g/IMgAAOSwJDpnbWkb/s-l1600.webp,https://i.ebayimg.com/images/g/YcAAAOSwZehnbWkg/s-l1600.webp,https://i.ebayimg.com/images/g/~8AAAOSwfeZm9Rxf/s-l1600.webp,,,,,,,,,,,,
https://www.ebay.com/itm/356024935813?itmmeta=01JW68N2RZY44D71GVYWYTZP37&hash=item52e4bd6585:g:yyMAAOSwyEtm3ZD5,Designer Readymade Kurta Set - Women’s Salwar Kameez Dupatta Combo,US $38.53,New without tags,Yes Fully Stitched,"Wedding , Festival , Partywear , Travel , Puja",Cotton,Handmade,Mirror Embroidery Work,Salwar Kameez,"Winter , Summer And Spring",A line Kurta Pant With Dupatta,3/4 Sleeve,Blue,Women,Knee,No,V Neck,India,https://i.ebayimg.com/images/g/yyMAAOSwyEtm3ZD5/s-l1600.webp,https://i.ebayimg.com/images/g/1wUAAOSwgilm3ZD2/s-l1600.webp,https://i.ebayimg.com/images/g/hAIAAOSwn3pm3ZDu/s-l1600.webp,https://i.ebayimg.com/images/g/xaQAAOSwTKtm3ZDr/s-l1600.webp,https://i.ebayimg.com/images/g/6z4AAOSwu35m3ZDy/s-l1600.webp,https://i.ebayimg.com/images/g/Z50AAOSwcV9lsS8K/s-l1600.webp,,,,,,,,,
https://www.ebay.com/itm/356678471442?itmmeta=01JW68N2S3P3JMR4DEGS6S4MRH&hash=item530bb18f12:g:spsAAOSwQS1n2A5J,Embroidered Kurta Suit Set - Pakistani Readymade Palazzo Dupatta Suit,US $36.89,New without tags,Yes Fully Stitched,"Wedding , Festival , Partywear , Travel , Puja",Cotton,Handmade,Embroidery & Pittan Work And Printed,Salwar Kameez,"Winter , Summer And Spring",Straight Side Cut Kurta With Pant & Dupatta,3/4 Sleeve,Purple,Women,Below The Knee (45inch),No,Round Neck,India,https://i.ebayimg.com/images/g/spsAAOSwQS1n2A5J/s-l1600.webp,https://i.ebayimg.com/images/g/oR4AAOSwhe9n2A5J/s-l1600.webp,https://i.ebayimg.com/images/g/VqcAAOSwhSln2A5K/s-l1600.webp,https://i.ebayimg.com/images/g/Z50AAOSwcV9lsS8K/s-l1600.webp,,,,,,,,,,,
https://www.ebay.com/itm/356654198890?itmmeta=01JW68R8NV2Y3NPDJ1JZ3952MC&hash=item530a3f306a:g:5TQAAOSw-~5nz91M,Muslin Palazzo Kurta Set - Readymade Indian Salwar Kameez for Women,US $39.35,New without tags,Yes Fully Stitched,"Wedding , Festival , Partywear , Travel",Muslin,Handmade,No,Salwar Kameez,"Winter , Summer And Spring",Straight Kurta With Palazzo & Dupatta,3/4 Sleeve,Multi-Color,Women,Knee,Sequence Work And Hand Work,Round Neck,India,https://i.ebayimg.com/images/g/5TQAAOSw-~5nz91M/s-l1600.webp,https://i.ebayimg.com/images/g/lBYAAOSw785nz91H/s-l1600.webp,https://i.ebayimg.com/images/g/gSMAAOSwp3Jnz91H/s-l1600.webp,https://i.ebayimg.com/images/g/BskAAOSwGGVnz91F/s-l1600.webp,https://i.ebayimg.com/images/g/yvAAAOSwRkFnz91H/s-l1600.webp,https://i.ebayimg.com/images/g/CYUAAOSwTd1nz91M/s-l1600.webp,https://i.ebayimg.com/images/g/SlgAAOSwnX9nz91L/s-l1600.webp,https://i.ebayimg.com/images/g/LGIAAOSwpcFnz91I/s-l1600.webp,https://i.ebayimg.com/images/g/~0sAAOSwcwxnz91K/s-l1600.webp,https://i.ebayimg.com/images/g/rtMAAOSwIOtlsS0o/s-l1600.webp,,,,,
https://www.ebay.com/itm/356434257983?itmmeta=01JW68R8NS2XEBKGT0ZJYQ1AYZ&hash=item52fd23283f:g:FXgAAOSwKFNneOSp,Embroidered Pakistani Kurta Set - Eid Salwar Kameez Palazzo Suit,US $38.53,New without tags,Yes Fully Stitched,"Wedding , Festival , Partywear , Travel , Puja","Cotton, Organza Dupatta",Handmade,Embroidery Work,Salwar Kameez,"Winter , Summer And Spring",Straight Kurta With Pant & Dupatta,3/4 Sleeve,Purple,Women,Knee,No,V Neck,India,https://i.ebayimg.com/images/g/FXgAAOSwKFNneOSp/s-l1600.webp,https://i.ebayimg.com/images/g/mGkAAOSwJjpneOSq/s-l1600.webp,https://i.ebayimg.com/images/g/Z1EAAOSwT7FneOSo/s-l1600.webp,https://i.ebayimg.com/images/g/zJ8AAOSwRCJneOSn/s-l1600.webp,https://i.ebayimg.com/images/g/LM4AAOSwIzNneOSp/s-l1600.webp,https://i.ebayimg.com/images/g/i6kAAOSwBuxneOSp/s-l1600.webp,https://i.ebayimg.com/images/g/Z50AAOSwcV9lsS8K/s-l1600.webp,,,,,,,,
https://www.ebay.com/itm/356633872175?itmmeta=01JW68N2RV9YBP1G8RZNAEAQTW&hash=item530909072f:g:cxMAAOSwTYJnxxNo,Festival Kurta Dupatta Set - Indian Readymade Salwar Kameez for Women,US $38.53,New without tags,Yes Fully Stitched,"Wedding , Festival , Partywear , Travel","Cotton, Chinon Dupatta",Handmade,Embroidery Work And Kodi Work,V Neck,India,Long Kurta With Pant & Dupatta,3/4 Sleeve,Peach,Women,Below The Knee (44+inch),Salwar Kameez,"Winter , Summer And Spring",,https://i.ebayimg.com/images/g/cxMAAOSwTYJnxxNo/s-l1600.webp,https://i.ebayimg.com/images/g/QrUAAOSwYyxnxxNn/s-l1600.webp,https://i.ebayimg.com/images/g/OysAAOSw7dtnxxNm/s-l1600.webp,https://i.ebayimg.com/images/g/WgUAAOSwCwZnxxNo/s-l1600.webp,https://i.ebayimg.com/images/g/gasAAOSwvmlnxxNp/s-l1600.webp,https://i.ebayimg.com/images/g/7Z4AAOSwtmplsS8H/s-l1600.webp,,,,,,,,,
https://www.ebay.com/itm/355646192430?itmmeta=01JW68R8NWJX6KPHMERDPAPMKN&hash=item52ce2a3b2e:g:hswAAOSwSAdmIRlc,Summer Cotton Kurti Set - Readymade Women Salwar Kameez Combo Outfit,US $36.89,New without tags,Yes Fully Stitched,"Wedding , Festival , Partywear , Travel",Cotton,Handmade,No,Salwar Kameez,"Winter , Summer And Spring",Straight Kurta With Pant & Dupatta,3/4 Sleeve,Multi-Color,Women,Knee,Printed,V Neck,India,https://i.ebayimg.com/images/g/hswAAOSwSAdmIRlc/s-l1600.webp,https://i.ebayimg.com/images/g/3F0AAOSwjT9mIRlZ/s-l1600.webp,https://i.ebayimg.com/images/g/lJUAAOSwPAhmIRmG/s-l1600.webp,https://i.ebayimg.com/images/g/g9kAAOSw2YxmIRlW/s-l1600.webp,https://i.ebayimg.com/images/g/EtYAAOSwiaRmIRlR/s-l1600.webp,https://i.ebayimg.com/images/g/JRQAAOSwogRlzMF3/s-l1600.webp,,,,,,,,,
https://www.ebay.com/itm/356828294771?itmmeta=01JW68N2S1T2X2EWYZTBEHJPQV&hash=item53149fae73:g:Z1AAAOSwOShoDKMS,Plus Size Palazzo Kurta Suit - 7XL Readymade Salwar Kameez Big Set,US $35.25,New without tags,Yes Fully Stitched,"Wedding , Festival , Partywear , Travel",Cotton,Handmade,No,Salwar Kameez,"Winter , Summer And Spring",Long Kurta With Pant,3/4 Sleeve,Yellow,Women,Below The Knee (46inch),Hand Aari Embroidery Work,V Neck,India,https://i.ebayimg.com/images/g/Z1AAAOSwOShoDKMS/s-l1600.webp,https://i.ebayimg.com/images/g/hzcAAOSwriloDKMS/s-l1600.webp,https://i.ebayimg.com/images/g/WdMAAOSwN1doDKMQ/s-l1600.webp,https://i.ebayimg.com/images/g/jKwAAOSwSfRoDKMO/s-l1600.webp,https://i.ebayimg.com/images/g/K5YAAOSwOk1oDKMS/s-l1600.webp,https://i.ebayimg.com/images/g/C48AAOSwh2NoDKMR/s-l1600.webp,https://i.ebayimg.com/images/g/VtcAAOSwxNBoDKNF/s-l1600.webp,https://i.ebayimg.com/images/g/xhcAAOSwry9oDKNI/s-l1600.webp,https://i.ebayimg.com/images/g/Z50AAOSwcV9lsS8K/s-l1600.webp,,,,,,
https://www.ebay.com/itm/355713392307?itmmeta=01JW69BT2M7DQA7C470X141JS0&hash=item52d22b9eb3:g:NwgAAOSw72lmQ1-W,3 Piece Kurta Palazzo Suit - Indian Readymade Salwar Kameez Set,US $37.71,New without tags,Yes Fully Stitched,"Wedding , Festival , Partywear , Travel","Cotton, Kota Doriya",Handmade,No,Salwar Kameez,"Winter , Summer And Spring",Straight Kurta With Pant & Dupatta,3/4 Sleeve,Multi-Color,Women,Knee (44 inch),Embroidery Work And Printed,Round Neck,India,https://i.ebayimg.com/images/g/NwgAAOSw72lmQ1-W/s-l1600.webp,https://i.ebayimg.com/images/g/-MwAAOSwVk1mQ1-U/s-l1600.webp,https://i.ebayimg.com/images/g/auUAAOSwO89mQ1-a/s-l1600.webp,https://i.ebayimg.com/images/g/VXQAAOSwizlmQ1-Q/s-l1600.webp,https://i.ebayimg.com/images/g/LygAAOSw-pBmQ1-S/s-l1600.webp,https://i.ebayimg.com/images/g/N38AAOSw4uBmQ1-O/s-l1600.webp,https://i.ebayimg.com/images/g/RL4AAOSwjD5mQ1-x/s-l1600.webp,https://i.ebayimg.com/images/g/5VIAAOSw2DlmQ1-M/s-l1600.webp,https://i.ebayimg.com/images/g/rtMAAOSwIOtlsS0o/s-l1600.webp,,,,,,
https://www.ebay.com/itm/356420036802?itmmeta=01JW68R8NXQNXXG49DEES5WX9F&hash=item52fc4a28c2:g:Q50AAOSwwGRncn4K,Eid Ready Kurta Palazzo Set - Pakistani Salwar Kameez Combo for Women,US $37.71,New without tags,Yes Fully Stitched,"Wedding , Festival , Partywear , Travel , Puja",Cotton,Handmade,Embroidery Work,Salwar Kameez,"Winter , Summer And Spring",Straight Kurta With Pant & Dupatta,3/4 Sleeve,Purple,Women,Knee,Yes,Collar-V,India,https://i.ebayimg.com/images/g/Q50AAOSwwGRncn4K/s-l1600.webp,https://i.ebayimg.com/images/g/D7QAAOSw25Vncn4H/s-l1600.webp,https://i.ebayimg.com/images/g/xWAAAOSws39ncn4N/s-l1600.webp,https://i.ebayimg.com/images/g/oO0AAOSwEsBncn4Q/s-l1600.webp,https://i.ebayimg.com/images/g/0uUAAOSwv9pncn4N/s-l1600.webp,https://i.ebayimg.com/images/g/pcMAAOSwL69ncn4U/s-l1600.webp,https://i.ebayimg.com/images/g/8EAAAOSwwsJncn4X/s-l1600.webp,https://i.ebayimg.com/images/g/TCAAAOSwJpdncn4W/s-l1600.webp,https://i.ebayimg.com/images/g/g~oAAOSwEeRncn4P/s-l1600.webp,https://i.ebayimg.com/images/g/Z50AAOSwcV9lsS8K/s-l1600.webp,,,,,
https://www.ebay.com/itm/355509792402?itmmeta=01JW68R8NWNCCQ72V5DFZBPJ3S&hash=item52c608ee92:g:79AAAOSw~O5l44m4,White Chikankari Kurta Set - Festival Wear Palazzo Dupatta Dress,US $40.17,New without tags,Yes Fully Stitched,"Wedding , Festival , Partywear , Travel , Puja","Chikankari Cotton, Chanderi",Handmade,Heavy Embroidery Work,Salwar Kameez,"Winter , Summer And Spring",Straight Kurta With Pant & Dupatta,3/4 Sleeve,Off White,Women,Knee,No,V Neck,India,https://i.ebayimg.com/images/g/79AAAOSw~O5l44m4/s-l1600.webp,https://i.ebayimg.com/images/g/j9cAAOSw18xl44ms/s-l1600.webp,https://i.ebayimg.com/images/g/EjQAAOSw0Wll44m1/s-l1600.webp,https://i.ebayimg.com/images/g/yPkAAOSwCp1l44mu/s-l1600.webp,https://i.ebayimg.com/images/g/PqUAAOSwab1l44mw/s-l1600.webp,https://i.ebayimg.com/images/g/Z50AAOSwcV9lsS8K/s-l1600.webp,,,,,,,,,
https://www.ebay.com/itm/356907505390?itmmeta=01JW68N2S12ASRQSQFFC5F98EV&hash=item53195856ee:g:U9MAAOSw74hoJ0F5,Muslin Readymade Salwar Kameez - Kurta Palazzo Dupatta Combo Set,US $38.53,New without tags,Yes Fully Stitched,"Wedding , Festival , Partywear , Travel , Puja",Muslin,Handmade,Hand Embroidery Work,Salwar Kameez,"Winter , Summer And Spring",Straight Kurta With Pant & Dupatta,3/4 Sleeve,Multi-Color,Women,Below The Knee,No,Round Neck,India,https://i.ebayimg.com/images/g/U9MAAOSw74hoJ0F5/s-l1600.webp,https://i.ebayimg.com/images/g/B-IAAOSw6VRoJ0F2/s-l1600.webp,https://i.ebayimg.com/images/g/B-QAAOSw6VRoJ0F5/s-l1600.webp,https://i.ebayimg.com/images/g/-I4AAOSwjWdoJ0F5/s-l1600.webp,https://i.ebayimg.com/images/g/ItIAAOSwTSZoJ0F7/s-l1600.webp,https://i.ebayimg.com/images/g/oVwAAOSwwPtoJ0F6/s-l1600.webp,https://i.ebayimg.com/images/g/dhUAAOSw2ixoJ0GB/s-l1600.webp,https://i.ebayimg.com/images/g/T7YAAOSwH-doJ0GA/s-l1600.webp,https://i.ebayimg.com/images/g/RR0AAOSwkU1oJ0GA/s-l1600.webp,https://i.ebayimg.com/images/g/Z50AAOSwcV9lsS8K/s-l1600.webp,,,,,
https://www.ebay.com/itm/355830797324?itmmeta=01JW69BT2N41YEY02R77YZYXBN&hash=item52d92b140c:g:QeAAAOSwRr1mgP4M,Festival Kurti Pant Set - Cotton Readymade Indian Salwar Kameez Suit,US $36.89,New without tags,Yes Fully Stitched,"Wedding , Festival , Partywear , Travel , Puja",Cotton,Handmade,Neck Embroidery Work,Salwar Kameez,"Winter , Summer And Spring",Straight Kurta With Pant & Dupatta,3/4 Sleeve,Multi-Color,Women,Knee,One Side,V Neck,India,https://i.ebayimg.com/images/g/QeAAAOSwRr1mgP4M/s-l1600.webp,https://i.ebayimg.com/images/g/7UcAAOSw-YVmgP4L/s-l1600.webp,https://i.ebayimg.com/images/g/QJMAAOSwq49mgP4J/s-l1600.webp,https://i.ebayimg.com/images/g/j7wAAOSwj8JmgP4F/s-l1600.webp,https://i.ebayimg.com/images/g/yNkAAOSwUWFmgP4H/s-l1600.webp,https://i.ebayimg.com/images/g/Z50AAOSwcV9lsS8K/s-l1600.webp,,,,,,,,,
https://www.ebay.com/itm/356009430140?itmmeta=01JW68N2RXB167PV8YV2SWND3C&hash=item52e3d0cc7c:g:jfQAAOSw0T1m1sNC,Festival Wear Kurta Set - Readymade Indian Salwar Kameez with Dupatta,US $36.89,New without tags,Yes Fully Stitched,"Wedding , Festival , Partywear , Travel","Cotton, Kota Doriya",Handmade,No,Salwar Kameez,"Winter , Summer And Spring",Flared Kurta With Pant & Dupatta,3/4 Sleeve,Yellow,Women,Below The Knee (48inch),Printed And Lace Work,V Neck,India,https://i.ebayimg.com/images/g/jfQAAOSw0T1m1sNC/s-l1600.webp,https://i.ebayimg.com/images/g/kXsAAOSw4Mpm1sNP/s-l1600.webp,https://i.ebayimg.com/images/g/VWcAAOSw0ORm1sNR/s-l1600.webp,https://i.ebayimg.com/images/g/C2oAAOSwBEhm1sNN/s-l1600.webp,https://i.ebayimg.com/images/g/gOcAAOSwErVm1sNH/s-l1600.webp,https://i.ebayimg.com/images/g/~aIAAOSwf9tm1sNE/s-l1600.webp,https://i.ebayimg.com/images/g/qwEAAOSwCcZm1sN3/s-l1600.webp,https://i.ebayimg.com/images/g/2dsAAOSwlIJm1sNK/s-l1600.webp,https://i.ebayimg.com/images/g/Z50AAOSwcV9lsS8K/s-l1600.webp,,,,,,
https://www.ebay.com/itm/356434273421?itmmeta=01JW68R8NSHFXKJBXR4HS65EB4&hash=item52fd23648d:g:YfsAAOSwzZpneOal,Bandhej Kurta Palazzo Set - Festival Wear Red Salwar Kameez Combo,US $37.71,New without tags,Yes Fully Stitched,"Wedding , Festival , Partywear , Travel , Puja",Cotton,Handmade,Printed,Salwar Kameez,"Winter , Summer And Spring",Long Kurta With Pant & Dupatta,3/4 Sleeve,Red,Women,Below The Knee (46inch),No,V Neck,India,https://i.ebayimg.com/images/g/YfsAAOSwzZpneOal/s-l1600.webp,https://i.ebayimg.com/images/g/ihUAAOSwfApneOal/s-l1600.webp,https://i.ebayimg.com/images/g/YLUAAOSwKb9neOal/s-l1600.webp,https://i.ebayimg.com/images/g/1QoAAOSwWYZneOal/s-l1600.webp,https://i.ebayimg.com/images/g/gEIAAOSwx8pneOal/s-l1600.webp,https://i.ebayimg.com/images/g/oJsAAOSwCKFneOak/s-l1600.webp,https://i.ebayimg.com/images/g/tl0AAOSwsuZneOak/s-l1600.webp,https://i.ebayimg.com/images/g/7xwAAOSwuDJneOan/s-l1600.webp,https://i.ebayimg.com/images/g/Z50AAOSwcV9lsS8K/s-l1600.webp,,,,,,
https://www.ebay.com/itm/356843721875?itmmeta=01JW68N2RYAARY2T09N0RTF4E8&hash=item53158b1493:g:2DoAAOSwtdFoEd1T,Wedding Kurta Palazzo Dupatta Set - Gift Ready Salwar Kameez Combo,US $40.17,New without tags,Yes Fully Stitched,"Wedding , Festival , Partywear , Travel",Chanderi,Handmade,Embroidery Work,V Neck,India,Straight Kurta With Palazzo & Dupatta,Full Sleeve,White,Women,Below The Knee (48inch),Salwar Kameez,"Winter , Summer And Spring",,https://i.ebayimg.com/images/g/2DoAAOSwtdFoEd1T/s-l1600.webp,https://i.ebayimg.com/images/g/QwYAAOSwV85oEd1T/s-l1600.webp,https://i.ebayimg.com/images/g/Q9sAAOSw2MloEd1V/s-l1600.webp,https://i.ebayimg.com/images/g/djgAAOSwcYxoEd1R/s-l1600.webp,https://i.ebayimg.com/images/g/gPQAAOSwgLVoEd1U/s-l1600.webp,https://i.ebayimg.com/images/g/-IkAAOSw5V1oEd1T/s-l1600.webp,https://i.ebayimg.com/images/g/hrQAAOSwuYFoEd1Z/s-l1600.webp,https://i.ebayimg.com/images/g/7Z4AAOSwtmplsS8H/s-l1600.webp,,,,,,,
https://www.ebay.com/itm/356407144765?itmmeta=01JW69BT2Q8GBWTNXHRPAWVHDR&hash=item52fb85713d:g:WJMAAOSwbFZna-rt,Bollywood Anarkali Kurta Set - Designer Readymade Kurti Pant Combo,US $53.29,New without tags,Yes Fully Stitched,"Wedding , Festival , Partywear , Travel",Georgette,Handmade,No,Salwar Kameez,"Winter , Summer And Spring",Flared Kurta With Pant & Dupatta,3/4 Sleeve,Green,Women,Full (50inch),Embroidery Sequence Work,Round Neck,India,https://i.ebayimg.com/images/g/WJMAAOSwbFZna-rt/s-l1600.webp,https://i.ebayimg.com/images/g/rT8AAOSwfBVna-ru/s-l1600.webp,https://i.ebayimg.com/images/g/mU0AAOSwnIhna-rs/s-l1600.webp,https://i.ebayimg.com/images/g/NskAAOSwdytna-r1/s-l1600.webp,https://i.ebayimg.com/images/g/PxsAAOSwGgZna-ry/s-l1600.webp,https://i.ebayimg.com/images/g/~aQAAOSwRnNna-rx/s-l1600.webp,https://i.ebayimg.com/images/g/~8AAAOSwfeZm9Rxf/s-l1600.webp,,,,,,,,
https://www.ebay.com/itm/356515735858?itmmeta=01JW68N2S2P6JXMK15TYY4W1H5&hash=item5301fe6932:g:mLoAAOSwvFdnmj6D,Wedding Salwar Kameez Combo - Designer 3-Piece Kurta Palazzo Set,US $39.35,New without tags,Yes Fully Stitched,"Wedding , Festival , Partywear , Travel",Chanderi Silk,Handmade,Hand Sequence Work,Round Neck,India,Straight Kurta With Pant & Dupatta,3/4 Sleeve,Green,Women,Knee,Salwar Kameez,"Winter , Summer And Spring",,https://i.ebayimg.com/images/g/mLoAAOSwvFdnmj6D/s-l1600.webp,https://i.ebayimg.com/images/g/fosAAOSwzO1nmj6D/s-l1600.webp,https://i.ebayimg.com/images/g/l6cAAOSwX1Bnmj6B/s-l1600.webp,https://i.ebayimg.com/images/g/SqwAAOSwBXpnmj6H/s-l1600.webp,https://i.ebayimg.com/images/g/WYAAAOSwx2Nnmj5-/s-l1600.webp,https://i.ebayimg.com/images/g/JkAAAOSwElVnmj5~/s-l1600.webp,https://i.ebayimg.com/images/g/gQ8AAOSw5ZNnmj6F/s-l1600.webp,https://i.ebayimg.com/images/g/w3gAAOSw-QFnmj6J/s-l1600.webp,https://i.ebayimg.com/images/g/vs0AAOSwppFnmj6F/s-l1600.webp,https://i.ebayimg.com/images/g/zToAAOSwIvlnmj6H/s-l1600.webp,https://i.ebayimg.com/images/g/7Z4AAOSwtmplsS8H/s-l1600.webp,,,,
https://www.ebay.com/itm/356419981907?itmmeta=01JW68R8NSHD4EA9E9G2VK7XQ5&hash=item52fc495253:g:yuQAAOSw7-5ncnie,7XL Kurta Palazzo Set - Plus Size Indian Women’s Readymade Outfit,US $36.89,New without tags,Yes Fully Stitched,"Wedding , Festival , Partywear , Travel , Puja",Cotton,Handmade,Embroidery Work With Printed Dupatta,Salwar Kameez,"Winter , Summer And Spring",Flared Anarkali Kurta With Pant & Dupatta,3/4 Sleeve,Green,Women,Knee,Yes,V Neck,India,https://i.ebayimg.com/images/g/yuQAAOSw7-5ncnie/s-l1600.webp,https://i.ebayimg.com/images/g/fdEAAOSwBkRncni2/s-l1600.webp,https://i.ebayimg.com/images/g/RiEAAOSwHjdncnhj/s-l1600.webp,https://i.ebayimg.com/images/g/k0IAAOSwkLdncnhl/s-l1600.webp,https://i.ebayimg.com/images/g/Z50AAOSwcV9lsS8K/s-l1600.webp,,,,,,,,,,
https://www.ebay.com/itm/356938959172?itmmeta=01JW68N2S07TB789SKC8KJ470C&hash=item531b384944:g:jTkAAOSwCmZoLaq6,Kurta Palazzo Dupatta Suit - Indian 3-Piece Readymade Salwar Combo,US $36.89,New without tags,Yes Fully Stitched,"Wedding , Festival , Partywear , Travel",Cotton,Handmade,No,Salwar Kameez,"Winter , Summer And Spring",Straight Kurta With Pant & Dupatta,3/4 Sleeve,Multi-Color,Women,Knee (46 inch),Printed,Round Neck,India,https://i.ebayimg.com/images/g/jTkAAOSwCmZoLaq6/s-l1600.webp,https://i.ebayimg.com/images/g/3WUAAOSw8iBoLaqv/s-l1600.webp,https://i.ebayimg.com/images/g/VIwAAOSwxjxoLaqz/s-l1600.webp,https://i.ebayimg.com/images/g/CTcAAOSw42hoLaqy/s-l1600.webp,https://i.ebayimg.com/images/g/jYIAAOSwHcNoLaqx/s-l1600.webp,https://i.ebayimg.com/images/g/OQ0AAOSwPEdoLaq8/s-l1600.webp,https://i.ebayimg.com/images/g/8FkAAOSw9XVoLarr/s-l1600.webp,https://i.ebayimg.com/images/g/H4IAAOSwCUVoLaqz/s-l1600.webp,https://i.ebayimg.com/images/g/-lIAAOSwTGNoLaqt/s-l1600.webp,https://i.ebayimg.com/images/g/fbsAAOSw5xVoLaqx/s-l1600.webp,https://i.ebayimg.com/images/g/u8QAAOSw3WdoLaq4/s-l1600.webp,https://i.ebayimg.com/images/g/oZIAAOSwUL5oLary/s-l1600.webp,https://i.ebayimg.com/images/g/Z50AAOSwcV9lsS8K/s-l1600.webp,https://i.ebayimg.com/images/g/K0QAAOSwzZBoLaq6/s-l1600.webp,https://i.ebayimg.com/images/g/SYMAAOSwqD9oLaq-/s-l1600.webp
https://www.ebay.com/itm/355475628777?itmmeta=01JW68R8NWWD3NEX7HK4SKH3Z1&hash=item52c3ffa2e9:g:yV4AAOSw9FVl0wcG,Pakistani Readymade Kurta Set - Tunic Top Palazzo Dupatta 3-Piece,US $36.89,New without tags,Yes Fully Stitched,"Wedding , Festival , Partywear , Travel",Cotton,Handmade,No,Salwar Kameez,"Winter , Summer And Spring",Flared Kurta With Pant & Dupatta,3/4 Sleeve,Multi-Color,Women,Below The Knee (48inch),Printed,Round Neck,India,https://i.ebayimg.com/images/g/yV4AAOSw9FVl0wcG/s-l1600.webp,https://i.ebayimg.com/images/g/KOoAAOSw-qFl0wb6/s-l1600.webp,https://i.ebayimg.com/images/g/p8kAAOSw229l0wa8/s-l1600.webp,https://i.ebayimg.com/images/g/ckQAAOSwxhRl0wbB/s-l1600.webp,https://i.ebayimg.com/images/g/5WgAAOSwrO9l0wbT/s-l1600.webp,https://i.ebayimg.com/images/g/9BMAAOSwaYll0wbM/s-l1600.webp,https://i.ebayimg.com/images/g/fc0AAOSw8FZl0war/s-l1600.webp,https://i.ebayimg.com/images/g/FKoAAOSwIctl0wa2/s-l1600.webp,https://i.ebayimg.com/images/g/Z50AAOSwcV9lsS8K/s-l1600.webp,,,,,,
https://www.ebay.com/itm/356185555259?itmmeta=01JW68N2RYFZAJKHHF05GWZDJG&hash=item52ee50413b:g:KIwAAOSw76BnGgwq,Anarkali Kurta Suit Set - Women Readymade Festival Wear Outfit,US $36.89,New without tags,Yes Fully Stitched,"Wedding , Festival , Partywear , Travel , Puja",Rayon,Handmade,Sequence Dori & dhaga Embroidery & gota lace with latkan,Salwar Kameez,"Winter , Summer And Spring",Flared Kurta With Pant & Dupatta,3/4 Sleeve,Orange,Women,Full (50inch),No,Round Neck,India,https://i.ebayimg.com/images/g/KIwAAOSw76BnGgwq/s-l1600.webp,https://i.ebayimg.com/images/g/eCoAAOSwQEBnGgws/s-l1600.webp,https://i.ebayimg.com/images/g/T~UAAOSwO7JnGgwq/s-l1600.webp,https://i.ebayimg.com/images/g/kgYAAOSwNodnGgwq/s-l1600.webp,https://i.ebayimg.com/images/g/ZU8AAOSwJOpnGgxX/s-l1600.webp,https://i.ebayimg.com/images/g/DRIAAOSwDjFnGgwo/s-l1600.webp,https://i.ebayimg.com/images/g/Z50AAOSwcV9lsS8K/s-l1600.webp,,,,,,,,
https://www.ebay.com/itm/356112892858?itmmeta=01JW69BT2SDY88W2VQCDEKHPEF&hash=item52e9fb83ba:g:ju8AAOSwYTpm~qIr,Karwa Chauth Red Kurta Set - Handwork Readymade Salwar Kameez,US $52.47,New without tags,Yes Fully Stitched,"Wedding , Festival , Partywear , Travel",Georgette,Handmade,No,Pakistani,"Winter , Summer And Spring",Flared Kurta With Pant & Dupatta,3/4 Sleeve,Red,Women,Full (50inch),Hand Embroidery Work,V Neck,India,https://i.ebayimg.com/images/g/ju8AAOSwYTpm~qIr/s-l1600.webp,https://i.ebayimg.com/images/g/EMAAAOSwGyVm~qIp/s-l1600.webp,https://i.ebayimg.com/images/g/t-0AAOSwoRhm~qIn/s-l1600.webp,https://i.ebayimg.com/images/g/PIkAAOSwIYpm~qIk/s-l1600.webp,https://i.ebayimg.com/images/g/g3wAAOSwBRRm~qIa/s-l1600.webp,https://i.ebayimg.com/images/g/oa0AAOSwjOtm~qIe/s-l1600.webp,https://i.ebayimg.com/images/g/paYAAOSwBeNm~qIh/s-l1600.webp,https://i.ebayimg.com/images/g/rtMAAOSwIOtlsS0o/s-l1600.webp,,,,,,,
https://www.ebay.com/itm/355691684181?itmmeta=01JW68N2RX6NKHBDA7ECVHAX3E&hash=item52d0e06155:g:LfcAAOSwVDNmOHJ6,Wedding Handwork Kurta Set - Indian Readymade Palazzo Dupatta Suit,US $37.71,New without tags,Yes Fully Stitched,"Wedding , Festival , Partywear , Travel",Cotton,Handmade,Printed And Hand Work,V Neck,India,Angrakha Style Kurta With Pant & Dupatta,3/4 Sleeve,Pink And Purple,Women,Knee,Salwar Kameez,"Winter , Summer And Spring",,https://i.ebayimg.com/images/g/LfcAAOSwVDNmOHJ6/s-l1600.webp,https://i.ebayimg.com/images/g/-gEAAOSwKPBmOHJz/s-l1600.webp,https://i.ebayimg.com/images/g/6NYAAOSwBj5mOHJ2/s-l1600.webp,https://i.ebayimg.com/images/g/3WoAAOSwkZ9mOHJl/s-l1600.webp,https://i.ebayimg.com/images/g/5hAAAOSw7-ZmOHJi/s-l1600.webp,https://i.ebayimg.com/images/g/15kAAOSwAqxmOHJv/s-l1600.webp,https://i.ebayimg.com/images/g/55oAAOSwtRdmOHJs/s-l1600.webp,https://i.ebayimg.com/images/g/x0kAAOSwCvxmOHJo/s-l1600.webp,https://i.ebayimg.com/images/g/p0QAAOSw8OpmOHJf/s-l1600.webp,https://i.ebayimg.com/images/g/7Z4AAOSwtmplsS8H/s-l1600.webp,https://i.ebayimg.com/images/g/7GEAAOSwBj5mOHPf/s-l1600.webp,https://i.ebayimg.com/images/g/cJQAAOSwdAxmOHPi/s-l1600.webp,,,
https://www.ebay.com/itm/356284391348?itmmeta=01JW68N2S1MZWMKFQ085KCJ718&hash=item52f4345fb4:g:Pu4AAOSwJ9FnPgsk,Embroidered Kurta Palazzo Set - Indian Readymade Salwar Kameez Suit,US $45.09,New without tags,Yes Fully Stitched,"Wedding , Festival , Partywear , Travel",Delta Fabric,Handmade,No,Salwar Kameez,"Winter , Summer And Spring",Straight Kurta With Palazzo & Dupatta,3/4 Sleeve,Peach,Women,Knee (48 inch),Thread Embroidery Work,V Neck,India,https://i.ebayimg.com/images/g/Pu4AAOSwJ9FnPgsk/s-l1600.webp,https://i.ebayimg.com/images/g/zz8AAOSwKApnPgsz/s-l1600.webp,https://i.ebayimg.com/images/g/rtMAAOSwIOtlsS0o/s-l1600.webp,,,,,,,,,,,,
https://www.ebay.com/itm/356654775979?itmmeta=01JW69BT2NKXPNP87YGZM5VMYC&hash=item530a47feab:g:2bEAAOSw4gxn0B3U,Cotton Readymade Salwar Suit - Kurta Palazzo Dupatta Festival Wear,US $37.71,New without tags,Yes Fully Stitched,"Wedding , Festival , Partywear , Travel",Cotton,Handmade,No,Salwar Kameez,"Winter , Summer And Spring",Straight Kurta With Palazzo & Dupatta,3/4 Sleeve,Multi-Color,Women,Knee,Embroidery Work And Printed Dupatta,Round Neck,India,https://i.ebayimg.com/images/g/2bEAAOSw4gxn0B3U/s-l1600.webp,https://i.ebayimg.com/images/g/aSQAAOSw00Jn0B3S/s-l1600.webp,https://i.ebayimg.com/images/g/BC8AAOSwHHVn0B3U/s-l1600.webp,https://i.ebayimg.com/images/g/5LMAAOSwZsBn0B4G/s-l1600.webp,https://i.ebayimg.com/images/g/td4AAOSwjNFn0B3T/s-l1600.webp,https://i.ebayimg.com/images/g/q1cAAOSwUgFn0B3b/s-l1600.webp,https://i.ebayimg.com/images/g/rtMAAOSwIOtlsS0o/s-l1600.webp,,,,,,,,
https://www.ebay.com/itm/356800959787?itmmeta=01JW69BT2PE6K37CEAMGJ7YGM1&hash=item5312fe952b:g:JkQAAOSwlY5oA8hc,Black Bollywood Kurta Set - Stylish Palazzo Suit Gift for Her,US $36.89,New without tags,Yes Fully Stitched,"Wedding , Festival , Partywear , Travel , Puja",Cotton,Handmade,Printed,Salwar Kameez,"Winter , Summer And Spring",Straight Kurta With Pant & Dupatta,3/4 Sleeve,Multi-Color,Women,Knee,No,V Neck,India,https://i.ebayimg.com/images/g/JkQAAOSwlY5oA8hc/s-l1600.webp,https://i.ebayimg.com/images/g/OVcAAOSw9G1oA8hZ/s-l1600.webp,https://i.ebayimg.com/images/g/7QEAAOSwHHloA8hZ/s-l1600.webp,https://i.ebayimg.com/images/g/ZlUAAOSwsS1oA8hZ/s-l1600.webp,https://i.ebayimg.com/images/g/FgEAAOSwVa9oA8hg/s-l1600.webp,https://i.ebayimg.com/images/g/Wu0AAOSwFPRoA8hX/s-l1600.webp,https://i.ebayimg.com/images/g/Z50AAOSwcV9lsS8K/s-l1600.webp,,,,,,,,
https://www.ebay.com/itm/356753548647?itmmeta=01JW68N2RY3SZBYKKR177CZ3XN&hash=item53102b2567:g:hxgAAOSwsyhn9icr,Pakistani Readymade Salwar Suit - Kurta Palazzo Dupatta Set for Women,US $36.89,New without tags,Yes Fully Stitched,"Wedding , Festival , Partywear , Travel",Cotton,Handmade,No,Salwar Kameez,"Winter , Summer And Spring",Straight Kurta With Pant & Dupatta,3/4 Sleeve,Please check real image,Women,Knee,Embroidery Work,V Neck,India,https://i.ebayimg.com/images/g/hxgAAOSwsyhn9icr/s-l1600.webp,https://i.ebayimg.com/images/g/u-cAAOSw5hNn9icr/s-l1600.webp,https://i.ebayimg.com/images/g/2AAAAOSwit5n9ics/s-l1600.webp,https://i.ebayimg.com/images/g/j1sAAOSwMPZn9icr/s-l1600.webp,https://i.ebayimg.com/images/g/wskAAOSwz5Jn9ics/s-l1600.webp,https://i.ebayimg.com/images/g/OPcAAOSw901n9ict/s-l1600.webp,https://i.ebayimg.com/images/g/rI4AAOSwp~Fn9icv/s-l1600.webp,https://i.ebayimg.com/images/g/Z50AAOSwcV9lsS8K/s-l1600.webp,,,,,,,
https://www.ebay.com/itm/356454448967?itmmeta=01JW69BT2P22EYD8FC6W7X1HNR&hash=item52fe573f47:g:QhoAAOSwJQ1ngSSb,Palazzo Suit Set for Festivals - Indian Kurti Readymade Combo Dress,US $36.89,New with tags,Yes Fully Stitched,"Wedding , Festival , Partywear , Travel",Cotton,Handmade,No,Salwar Kameez,"Winter , Summer And Spring",Straight Kurta With Pant & Dupatta,3/4 Sleeve,Purple,Women,Knee,Embroidery Work,Round Neck,India,https://i.ebayimg.com/images/g/QhoAAOSwJQ1ngSSb/s-l1600.webp,https://i.ebayimg.com/images/g/sLwAAOSwPlNngSSa/s-l1600.webp,https://i.ebayimg.com/images/g/FeMAAOSw9E1ngSSa/s-l1600.webp,https://i.ebayimg.com/images/g/vyEAAOSw8elngSSY/s-l1600.webp,https://i.ebayimg.com/images/g/fzgAAOSwbbhngSSZ/s-l1600.webp,https://i.ebayimg.com/images/g/ivgAAOSwq~pngSSj/s-l1600.webp,https://i.ebayimg.com/images/g/7b0AAOSw-tJngSSd/s-l1600.webp,https://i.ebayimg.com/images/g/Z50AAOSwcV9lsS8K/s-l1600.webp,,,,,,,
https://www.ebay.com/itm/356441101142?itmmeta=01JW68N2S3A5RK62A92SJ0YZDG&hash=item52fd8b9356:g:olMAAOSwX3dne83O,Indian Designer Palazzo Set - Readymade Festival Salwar Kameez Suit,US $37.71,New without tags,Yes Fully Stitched,"Wedding , Festival , Partywear , Travel","Rayon, Organza Dupatta",Handmade,No,Salwar Kameez,"Winter , Summer And Spring",Flared Kurta With Pant & Dupatta,3/4 Sleeve,Red,Women,Below The Knee (48inch),Sequence Embroidery Work & Fancy Lace Border,V Neck,India,https://i.ebayimg.com/images/g/olMAAOSwX3dne83O/s-l1600.webp,https://i.ebayimg.com/images/g/SnEAAOSwMMNne82B/s-l1600.webp,https://i.ebayimg.com/images/g/IqsAAOSwBFFne82E/s-l1600.webp,https://i.ebayimg.com/images/g/Ax0AAOSw17Rne82F/s-l1600.webp,https://i.ebayimg.com/images/g/rtMAAOSwIOtlsS0o/s-l1600.webp,,,,,,,,,,
https://www.ebay.com/itm/355585385940?itmmeta=01JW68R8NV1QS7G2V662AJ7XZS&hash=item52ca8a65d4:g:MuwAAOSwl75mBWL7,Pakistani ChikanKari Kurta Set - Wedding Wear Anarkali Dupatta Combo,US $40.99,New without tags,Yes Fully Stitched,"Wedding , Festival , Partywear , Travel","Cotton, Chanderi",Handmade,Chikankari Embroidery Sequence Work,Round Neck,India,Flared Kurta With Dupatta,3/4 Sleeve,Off White,Women,Below The Knee,Salwar Kameez,"Winter , Summer And Spring",,https://i.ebayimg.com/images/g/MuwAAOSwl75mBWL7/s-l1600.webp,https://i.ebayimg.com/images/g/iyMAAOSw0-1mBWL5/s-l1600.webp,https://i.ebayimg.com/images/g/fBAAAOSwWLZmBWMA/s-l1600.webp,https://i.ebayimg.com/images/g/aX0AAOSwGypmBWL9/s-l1600.webp,https://i.ebayimg.com/images/g/7Z4AAOSwtmplsS8H/s-l1600.webp,,,,,,,,,,
https://www.ebay.com/itm/355613016116?itmmeta=01JW68R8NRPB46TZ84YBT22CB9&hash=item52cc300034:g:jzAAAOSwhCRmElya,Cotton Anarkali Kurta Suit - Indian Printed Palazzo Dupatta Dress,US $36.89,New without tags,Yes Fully Stitched,"Wedding , Festival , Partywear , Travel",Cotton,Handmade,No,Anarkali,"Winter , Summer And Spring",Flared Kurta With Pant & Dupatta,3/4 Sleeve,Pink,Women,Below The Knee,Printed,V Neck,India,https://i.ebayimg.com/images/g/jzAAAOSwhCRmElya/s-l1600.webp,https://i.ebayimg.com/images/g/NakAAOSw4HhmElyX/s-l1600.webp,https://i.ebayimg.com/images/g/nPAAAOSwd8JmElyS/s-l1600.webp,https://i.ebayimg.com/images/g/E0gAAOSwN95mElyN/s-l1600.webp,https://i.ebayimg.com/images/g/3tUAAOSwWGdmElyQ/s-l1600.webp,https://i.ebayimg.com/images/g/FzsAAOSwVB5mElyL/s-l1600.webp,https://i.ebayimg.com/images/g/Z50AAOSwcV9lsS8K/s-l1600.webp,,,,,,,,
https://www.ebay.com/itm/355887710948?itmmeta=01JW68N2RY8C9AXEE2HG9P7MFH&hash=item52dc8f82e4:g:8VgAAOSw-L9mnOYV,Cotton Kurti Dupatta Set - Indian Wedding Wear Palazzo Suit 3 Piece,US $36.89,New without tags,Yes Fully Stitched,"Wedding , Festival , Partywear , Travel",Cotton,Handmade,No,Salwar Kameez,"Winter , Summer And Spring",Straight Kurta With Pant & Dupatta,3/4 Sleeve,Yellow,Women,Knee,Printed,V Neck,India,https://i.ebayimg.com/images/g/8VgAAOSw-L9mnOYV/s-l1600.webp,https://i.ebayimg.com/images/g/Wb0AAOSwKf9mnOYX/s-l1600.webp,https://i.ebayimg.com/images/g/LOsAAOSwdJtmnOYM/s-l1600.webp,https://i.ebayimg.com/images/g/Qj0AAOSwnPlmnOYS/s-l1600.webp,https://i.ebayimg.com/images/g/q-gAAOSwmGdmnOYP/s-l1600.webp,https://i.ebayimg.com/images/g/Q~QAAOSwzKdlsS7a/s-l1600.webp,,,,,,,,,
https://www.ebay.com/itm/356031980627?itmmeta=01JW68N2S0B1M6WM5T7X1RNB9K&hash=item52e528e453:g:E7sAAOSwoNpm4ESD,Indian Festival Palazzo Set - Readymade Kurta Dupatta Salwar Kameez,US $36.89,New without tags,Yes Fully Stitched,"Wedding , Festival , Partywear , Travel , Puja",Cotton,Handmade,No,Round Neck,India,Straight Kurta With Pant & Dupatta,3/4 Sleeve,Blue,Women,Knee (44inch),Salwar Kameez,"Winter , Summer And Spring",,https://i.ebayimg.com/images/g/E7sAAOSwoNpm4ESD/s-l1600.webp,https://i.ebayimg.com/images/g/BjUAAOSw6xRm4ERx/s-l1600.webp,https://i.ebayimg.com/images/g/sF4AAOSwrB5m4ESN/s-l1600.webp,https://i.ebayimg.com/images/g/o1oAAOSwgddm4ERn/s-l1600.webp,https://i.ebayimg.com/images/g/npMAAOSwEE9m4ER6/s-l1600.webp,https://i.ebayimg.com/images/g/tawAAOSwwaRm4ERf/s-l1600.webp,https://i.ebayimg.com/images/g/Z50AAOSwcV9lsS8K/s-l1600.webp,,,,,,,,
https://www.ebay.com/itm/356648013837?itmmeta=01JW69BT2SSYE6CDK4M6XDP68H&hash=item5309e0d00d:g:2QYAAOSwXHNnzT9e,Embroidery Work Suit Combo - Readymade 3-Piece Tunic Kurta Kameez,US $48.37,New without tags,Yes Fully Stitched,"Wedding , Festival , Partywear , Travel",Georgette,Handmade,No,Salwar Kameez,"Winter , Summer And Spring",Straight Kurta With Palazzo & Dupatta,3/4 Sleeve,Purple,Women,Below The Knee (45inch),Embroidery Sequence Work,Round Neck,India,https://i.ebayimg.com/images/g/2QYAAOSwXHNnzT9e/s-l1600.webp,https://i.ebayimg.com/images/g/eNgAAOSwC-hnzT9e/s-l1600.webp,https://i.ebayimg.com/images/g/wrAAAOSwIrBnzT9e/s-l1600.webp,https://i.ebayimg.com/images/g/2EYAAOSwYfBnzT9g/s-l1600.webp,https://i.ebayimg.com/images/g/wj4AAOSwtF5nzT9d/s-l1600.webp,https://i.ebayimg.com/images/g/rtMAAOSwIOtlsS0o/s-l1600.webp,,,,,,,,,
https://www.ebay.com/itm/356293069077?itmmeta=01JW68R8NYY76VFJZQXYKKQK6V&hash=item52f4b8c915:g:h~AAAOSw2opnQMxr,Velvet Readymade Suit Set - Designer Kurta Palazzo Salwar Kameez,US $53.29,New without tags,Yes Fully Stitched,"Wedding , Festival , Partywear , Travel",Velvet,Handmade,No,Salwar Kameez,"Winter , Summer And Spring",Straight Kurta With Palazzo & Dupatta,3/4 Sleeve,Blue,Women,Knee (46 inch),Embroidery Work,V Neck,India,https://i.ebayimg.com/images/g/h~AAAOSw2opnQMxr/s-l1600.webp,https://i.ebayimg.com/images/g/6McAAOSwHCxnQMxx/s-l1600.webp,https://i.ebayimg.com/images/g/nWkAAOSwHuxnQMxu/s-l1600.webp,https://i.ebayimg.com/images/g/kSoAAOSwvwlnQMxq/s-l1600.webp,https://i.ebayimg.com/images/g/rtMAAOSwIOtlsS0o/s-l1600.webp,,,,,,,,,,
https://www.ebay.com/itm/355454228105?itmmeta=01JW68N2S2DJ2RQFP0J7FBWTJD&hash=item52c2b91689:g:SOsAAOSwJnllx57T,Plus Size Salwar Kameez Suit - Readymade Kurta Palazzo Set for Women,US $37.71,New without tags,Yes Fully Stitched,"Wedding , Festival , Partywear , Travel",Rayon,Handmade,No,Salwar Kameez,"Winter , Summer And Spring",Straight Kurta With Pant & Dupatta,3/4 Sleeve,Multi-Color,Women,Knee,Embroidery Work And Printed,Round Neck,India,https://i.ebayimg.com/images/g/SOsAAOSwJnllx57T/s-l1600.webp,https://i.ebayimg.com/images/g/~1cAAOSwHeFlx57N/s-l1600.webp,https://i.ebayimg.com/images/g/HswAAOSwd6tlx57P/s-l1600.webp,https://i.ebayimg.com/images/g/rZ8AAOSw9DBlx57Q/s-l1600.webp,https://i.ebayimg.com/images/g/0UMAAOSw4wRlx57I/s-l1600.webp,https://i.ebayimg.com/images/g/soMAAOSw-QNlx57R/s-l1600.webp,https://i.ebayimg.com/images/g/fHAAAOSw8yJlx57L/s-l1600.webp,https://i.ebayimg.com/images/g/Z50AAOSwcV9lsS8K/s-l1600.webp,,,,,,,
https://www.ebay.com/itm/356490409131?itmmeta=01JW68N2S3X58FYGM0PJVE0CAF&hash=item53007bf4ab:g:k1oAAOSw6Q9nj58p,Pakistani Readymade Salwar Suit - Kurta Palazzo Embroidered Set,US $36.89,New without tags,Yes Fully Stitched,"Wedding , Festival , Partywear , Travel , Puja",Cotton,Handmade,Embroidery Work,Salwar Kameez,"Winter , Summer And Spring",Straight Kurta With Pant & Dupatta,3/4 Sleeve,Please Check Real Picture,Women,Knee,No,V Neck,India,https://i.ebayimg.com/images/g/k1oAAOSw6Q9nj58p/s-l1600.webp,https://i.ebayimg.com/images/g/YHkAAOSwjnxnj58q/s-l1600.webp,https://i.ebayimg.com/images/g/m8QAAOSwLMVnj58q/s-l1600.webp,https://i.ebayimg.com/images/g/UCUAAOSwZApnj58q/s-l1600.webp,https://i.ebayimg.com/images/g/3zUAAOSwvzJnj58p/s-l1600.webp,https://i.ebayimg.com/images/g/G50AAOSw0bZnj58t/s-l1600.webp,https://i.ebayimg.com/images/g/BjQAAOSwWLJnj58o/s-l1600.webp,https://i.ebayimg.com/images/g/JScAAOSwbWtnj58r/s-l1600.webp,https://i.ebayimg.com/images/g/piIAAOSw8Gdnj5-R/s-l1600.webp,https://i.ebayimg.com/images/g/s-EAAOSwrkVnj58q/s-l1600.webp,https://i.ebayimg.com/images/g/Z50AAOSwcV9lsS8K/s-l1600.webp,,,,
https://www.ebay.com/itm/356907408174?itmmeta=01JW68N2RXK3ZRMT511H97FZJN&hash=item531956db2e:g:gv0AAOSwgGBoJz-P,Pure Cotton Kurta Palazzo Dupatta Set - 3 Piece Readymade Salwar Kameez Suit,US $37.71,New without tags,Yes Fully Stitched,"Wedding , Festival , Partywear , Travel , Puja",Cotton,Handmade,Embroidery Work & Hand Moti Work,Salwar Kameez,"Winter , Summer And Spring",Anarkali Kurta With Pant & Dupatta,3/4 Sleeve,Please Check Real Image,Women,Below The Knee (46inch),No,Round Neck,India,https://i.ebayimg.com/images/g/gv0AAOSwgGBoJz-P/s-l1600.webp,https://i.ebayimg.com/images/g/OygAAOSwnUFoJz-O/s-l1600.webp,https://i.ebayimg.com/images/g/INgAAOSwWdtoJz-P/s-l1600.webp,https://i.ebayimg.com/images/g/bS8AAOSw8hpoJz-R/s-l1600.webp,https://i.ebayimg.com/images/g/6GMAAOSwiUhoJz-Q/s-l1600.webp,https://i.ebayimg.com/images/g/3J0AAOSwEN9oJz-P/s-l1600.webp,https://i.ebayimg.com/images/g/8Y0AAOSwQW1oJz-M/s-l1600.webp,https://i.ebayimg.com/images/g/I9UAAOSwXJNoJz-u/s-l1600.webp,https://i.ebayimg.com/images/g/Z50AAOSwcV9lsS8K/s-l1600.webp,,,,,,
https://www.ebay.com/itm/356560546448?itmmeta=01JW68N2S16M2SA30CQYE4RW6C&hash=item5304aa2a90:g:1~EAAOSw0ctnrE49,Indian Anarkali Flared Kurti Set - Designer Readymade Salwar Kameez for Women,US $37.71,New without tags,Yes Fully Stitched,"Wedding , Festival , Partywear , Travel , Puja",Cotton,Handmade,Printed,Salwar Kameez,"Winter , Summer And Spring",Anarkali Flared Kurta With Pant & Dupatta,3/4 Sleeve,Green,Women,Below The Knee (47inch),No,Round Neck,India,https://i.ebayimg.com/images/g/1~EAAOSw0ctnrE49/s-l1600.webp,https://i.ebayimg.com/images/g/jbMAAOSwGN1nrE49/s-l1600.webp,https://i.ebayimg.com/images/g/dzYAAOSwYVBnrE5E/s-l1600.webp,https://i.ebayimg.com/images/g/RngAAOSwbh5nrE5A/s-l1600.webp,https://i.ebayimg.com/images/g/s2oAAOSwc4ZnrE5-/s-l1600.webp,https://i.ebayimg.com/images/g/Z50AAOSwcV9lsS8K/s-l1600.webp,,,,,,,,,
https://www.ebay.com/itm/355907865207?itmmeta=01JW68R8NT8P76CN72C0JTGKBX&hash=item52ddc30a77:g:ttAAAOSw81Fmpx-f,Anarkali Kurta Pant Dupatta Set - Readymade Indian Wedding & Festival Wear,US $53.29,New without tags,Yes Fully Stitched,"Wedding , Festival , Partywear , Travel","georgette, Muslin",Handmade,No,Salwar Kameez,"Winter , Summer And Spring",Flared Kurta With Pant & Dupatta,3/4 Sleeve,Multi-Color,Women,Full (50inch),Print and work,Round Neck,India,https://i.ebayimg.com/images/g/ttAAAOSw81Fmpx-f/s-l1600.webp,https://i.ebayimg.com/images/g/lZkAAOSwxn9mpx-c/s-l1600.webp,https://i.ebayimg.com/images/g/eWEAAOSwcpZmpx-Z/s-l1600.webp,https://i.ebayimg.com/images/g/y7UAAOSwS7hmpx-U/s-l1600.webp,https://i.ebayimg.com/images/g/HPAAAOSwDqtmpx-W/s-l1600.webp,https://i.ebayimg.com/images/g/5OwAAOSwfq9mpx-R/s-l1600.webp,https://i.ebayimg.com/images/g/SCoAAOSwhZNmpx-O/s-l1600.webp,https://i.ebayimg.com/images/g/rtMAAOSwIOtlsS0o/s-l1600.webp,,,,,,,
https://www.ebay.com/itm/356336374816?itmmeta=01JW68R8NSQ4CDNV903VJ0KQ4C&hash=item52f74d9420:g:wFwAAOSw7Y1nTvVK,Pakistani Embroidered Salwar Kameez Set - Readymade Kurti Pant Wedding Outfit,US $39.35,New without tags,Yes Fully Stitched,"Wedding , Festival , Partywear , Travel , Puja",Cotton,Handmade,Embroidery Sequence Work,Salwar Kameez,"Winter , Summer And Spring",Straight Kurta With Pant & Dupatta,3/4 Sleeve,White,Women,Knee (44inch),No,Round Neck,India,https://i.ebayimg.com/images/g/wFwAAOSw7Y1nTvVK/s-l1600.webp,https://i.ebayimg.com/images/g/2zMAAOSwGZpnTvVN/s-l1600.webp,https://i.ebayimg.com/images/g/nrYAAOSwxg9nTvVN/s-l1600.webp,https://i.ebayimg.com/images/g/XOcAAOSwQaBnTvVM/s-l1600.webp,https://i.ebayimg.com/images/g/OwkAAOSwUXBnTvVJ/s-l1600.webp,https://i.ebayimg.com/images/g/tA0AAOSwYMNnTvVO/s-l1600.webp,https://i.ebayimg.com/images/g/Z50AAOSwcV9lsS8K/s-l1600.webp,,,,,,,,
https://www.ebay.com/itm/355852226165?itmmeta=01JW68R8NVVE6R0D386D2VH1T9&hash=item52da720e75:g:P2gAAOSwF~9mi6zc,Printed Kurta Palazzo Dupatta Set - Indian Readymade Salwar Kameez for Women,US $37.71,New without tags,Yes Fully Stitched,"Wedding , Festival , Partywear , Travel",Cotton,Handmade,No,Salwar Kameez,"Winter , Summer And Spring",Flared Kurta With Pant & Dupatta,3/4 Sleeve,Multi-Color,Women,Below The Knee (49inch),Printed,V Neck,India,https://i.ebayimg.com/images/g/P2gAAOSwF~9mi6zc/s-l1600.webp,https://i.ebayimg.com/images/g/OMYAAOSwqH5mi6z0/s-l1600.webp,https://i.ebayimg.com/images/g/kasAAOSw4yJmi6zl/s-l1600.webp,https://i.ebayimg.com/images/g/T2kAAOSw2l9mi6zR/s-l1600.webp,https://i.ebayimg.com/images/g/Ui0AAOSwcnZmi61D/s-l1600.webp,https://i.ebayimg.com/images/g/Z50AAOSwcV9lsS8K/s-l1600.webp,,,,,,,,,
https://www.ebay.com/itm/356141032736?itmmeta=01JW69BT2R0PMHRKANE5MYBM20&hash=item52eba8e520:g:etQAAOSwUhlnCk~A,Red Bollywood Salwar Kameez Set - Embroidered Kurta Sharara for Diwali,US $54.93,New without tags,Yes Fully Stitched,"Wedding , Festival , Partywear , Travel",Chinon Silk,Handmade,No,Salwar Kameez,"Winter , Summer And Spring",Straight Kurta With Sharara & Dupatta,3/4 Sleeve,Red,Women,Knee (40inch),Thread Embroidery Work,Round Neck,India,https://i.ebayimg.com/images/g/etQAAOSwUhlnCk~A/s-l1600.webp,https://i.ebayimg.com/images/g/ma4AAOSw855nCk-5/s-l1600.webp,https://i.ebayimg.com/images/g/hAoAAOSwk5tnCk-8/s-l1600.webp,https://i.ebayimg.com/images/g/P3MAAOSwTIlnCk--/s-l1600.webp,https://i.ebayimg.com/images/g/C7wAAOSw4~hnCk-y/s-l1600.webp,https://i.ebayimg.com/images/g/bJkAAOSwqvFnCk-3/s-l1600.webp,https://i.ebayimg.com/images/g/rtMAAOSwIOtlsS0o/s-l1600.webp,,,,,,,,
https://www.ebay.com/itm/356515713751?itmmeta=01JW68R8NV7CDZ2QWVFGMVWAQ7&hash=item5301fe12d7:g:PpUAAOSwbP1nmgMe,3-Piece Kurta Palazzo Dupatta Set - Readymade Salwar Kameez Suit Combo,US $39.35,New without tags,Yes Fully Stitched,"Wedding , Festival , Partywear , Travel",Chanderi Silk,Handmade,Hand Sequence Work,Round Neck,India,Straight Kurta With Pant & Dupatta,3/4 Sleeve,Pink,Women,Knee,Salwar Kameez,"Winter , Summer And Spring",,https://i.ebayimg.com/images/g/PpUAAOSwbP1nmgMe/s-l1600.webp,https://i.ebayimg.com/images/g/qucAAOSwwyxnmgMb/s-l1600.webp,https://i.ebayimg.com/images/g/gkMAAOSw-hpnmgMc/s-l1600.webp,https://i.ebayimg.com/images/g/zysAAOSwxC5nmgMc/s-l1600.webp,https://i.ebayimg.com/images/g/hBkAAOSwCkFnmgMc/s-l1600.webp,https://i.ebayimg.com/images/g/118AAOSwp25nmgMb/s-l1600.webp,https://i.ebayimg.com/images/g/fdQAAOSwbxRnmgMf/s-l1600.webp,https://i.ebayimg.com/images/g/5TQAAOSwCpNnmgMh/s-l1600.webp,https://i.ebayimg.com/images/g/qhwAAOSwLUNnmgMi/s-l1600.webp,https://i.ebayimg.com/images/g/T80AAOSwy0JnmgMh/s-l1600.webp,https://i.ebayimg.com/images/g/7Z4AAOSwtmplsS8H/s-l1600.webp,,,,
https://www.ebay.com/itm/355982751711?itmmeta=01JW68N2RXYC69CQ9MHEW94RWM&hash=item52e239b7df:g:m~gAAOSwbDxmyim9,White Diwali Kurta Palazzo Set - Indian Readymade Festival Wear for Women,US $39.35,New without tags,Yes Fully Stitched,"Wedding , Festival , Partywear , Travel","Cotton, Organza",Handmade,No,Salwar Kameez,"Winter , Summer And Spring",Straight Kurta With Pant & Dupatta,3/4 Sleeve,White,Women,Knee,Printed And Hand Embroidery Work,V Neck,India,https://i.ebayimg.com/images/g/m~gAAOSwbDxmyim9/s-l1600.webp,https://i.ebayimg.com/images/g/cj4AAOSw7R1myim2/s-l1600.webp,https://i.ebayimg.com/images/g/tD4AAOSwXwtmyim6/s-l1600.webp,https://i.ebayimg.com/images/g/oC0AAOSwjOBmyim4/s-l1600.webp,https://i.ebayimg.com/images/g/ElAAAOSwAtxmyimz/s-l1600.webp,https://i.ebayimg.com/images/g/wFQAAOSw28RmyinA/s-l1600.webp,https://i.ebayimg.com/images/g/KkAAAOSwW1dmyimx/s-l1600.webp,https://i.ebayimg.com/images/g/Z50AAOSwcV9lsS8K/s-l1600.webp,,,,,,,
https://www.ebay.com/itm/356477898192?itmmeta=01JW68R8NWXHZ3A7PR9T9TQ6CF&hash=item52ffbd0dd0:g:SZIAAOSwmWNnilsC,Designer Kurta Palazzo Dupatta Set - Readymade Indian Salwar Kameez Combo,US $37.71,New without tags,Yes Fully Stitched,"Wedding , Festival , Partywear , Travel , Puja",Cotton,Handmade,Adda Work And Printed,Salwar Kameez,"Winter , Summer And Spring",Anarkali Kurta With Pant & Dupatta,3/4 Sleeve,Multi-Color,Women,Knee,No,Round Neck,India,https://i.ebayimg.com/images/g/SZIAAOSwmWNnilsC/s-l1600.webp,https://i.ebayimg.com/images/g/4eAAAOSwSStnilsD/s-l1600.webp,https://i.ebayimg.com/images/g/yxQAAOSw9bRnilsD/s-l1600.webp,https://i.ebayimg.com/images/g/SakAAOSw6txnilr5/s-l1600.webp,https://i.ebayimg.com/images/g/9woAAOSwOf1nilsF/s-l1600.webp,https://i.ebayimg.com/images/g/ZKEAAOSw3LhnilsE/s-l1600.webp,https://i.ebayimg.com/images/g/Z50AAOSwcV9lsS8K/s-l1600.webp,,,,,,,,
https://www.ebay.com/itm/356062541391?itmmeta=01JW69BT2NR33M9PJJFYB0BMXA&hash=item52e6fb364f:g:RjUAAOSwOqZm67qX,Palazzo Kurta 2-Piece Set - Indian Designer Readymade Salwar Kameez Suit,US $32.79,New without tags,Yes Fully Stitched,"Wedding , Festival , Partywear , Travel",Cotton,Handmade,No,Salwar Kameez,"Winter , Summer And Spring",Kurta With Pant,3/4 Sleeve,Red,Women,Knee (46 inch),Printed,Round Neck,India,https://i.ebayimg.com/images/g/RjUAAOSwOqZm67qX/s-l1600.webp,https://i.ebayimg.com/images/g/T88AAOSwwwhm67qN/s-l1600.webp,https://i.ebayimg.com/images/g/xpMAAOSwTkFm67p1/s-l1600.webp,https://i.ebayimg.com/images/g/jq0AAOSwYKZm67qJ/s-l1600.webp,https://i.ebayimg.com/images/g/JRQAAOSwogRlzMF3/s-l1600.webp,,,,,,,,,,
https://www.ebay.com/itm/356407168981?itmmeta=01JW68R8NXQ403EMSPPYK5BZQ0&hash=item52fb85cfd5:g:of8AAOSwo2dna-7K,Red Embroidered Kurta Palazzo Dupatta Set - Readymade Salwar Kameez Outfit,US $48.37,New without tags,Yes Fully Stitched,"Wedding , Festival , Partywear , Travel",Chinon Silk,Handmade,No,Salwar Kameez,"Winter , Summer And Spring",Straight Kurta With Pant & Dupatta,3/4 Sleeve,Red,Women,Knee (39inch),Embroidery Sequence Work,Round Neck,India,https://i.ebayimg.com/images/g/of8AAOSwo2dna-7K/s-l1600.webp,https://i.ebayimg.com/images/g/wEIAAOSwvxpna-7H/s-l1600.webp,https://i.ebayimg.com/images/g/ANAAAOSwECpna-7H/s-l1600.webp,https://i.ebayimg.com/images/g/CMgAAOSwOWFna-7E/s-l1600.webp,https://i.ebayimg.com/images/g/9BAAAOSwDPtna-7L/s-l1600.webp,https://i.ebayimg.com/images/g/D~IAAOSwkEtna-7M/s-l1600.webp,https://i.ebayimg.com/images/g/-jgAAOSweTdna-7L/s-l1600.webp,https://i.ebayimg.com/images/g/QvkAAOSwrHZna-7L/s-l1600.webp,https://i.ebayimg.com/images/g/~8AAAOSwfeZm9Rxf/s-l1600.webp,,,,,,
https://www.ebay.com/itm/356572095963?itmmeta=01JW68R8NWSYKT6ENW7ASNM5PH&hash=item53055a65db:g:7hsAAOSwrBRnr0D-,Bollywood Pakistani Kurtis Set - Designer Readymade Palazzo Kurta Combo,US $36.89,New without tags,Yes Fully Stitched,"Wedding , Festival , Partywear , Travel , Puja",Cotton,Handmade,Embroidery Work,Salwar Kameez,"Winter , Summer And Spring",Flared Anarkali Kurta With Pant & Dupatta,3/4 Sleeve,Brown,Women,Knee,No,V Neck,India,https://i.ebayimg.com/images/g/7hsAAOSwrBRnr0D-/s-l1600.webp,https://i.ebayimg.com/images/g/hgcAAOSwiRpnr0D~/s-l1600.webp,https://i.ebayimg.com/images/g/fF0AAOSwsatnr0D-/s-l1600.webp,https://i.ebayimg.com/images/g/aWUAAOSwpalnr0ED/s-l1600.webp,https://i.ebayimg.com/images/g/Z50AAOSwcV9lsS8K/s-l1600.webp,,,,,,,,,,
https://www.ebay.com/itm/356450658598?itmmeta=01JW69BT2Q12HDYV611BPQ2V0E&hash=item52fe1d6926:g:kykAAOSwEHNnf5q7,3-Piece Kurta Pant Dupatta Gift Set - Readymade Combo for Women & Girls,US $36.89,New with tags,Yes Fully Stitched,"Wedding , Festival , Partywear , Travel",Cotton,Handmade,No,Salwar Kameez,"Winter , Summer And Spring",Straight Kurta With Pant & Dupatta,3/4 Sleeve,White,Women,Knee (45 inch),Hand Work And Printed,V Neck,India,https://i.ebayimg.com/images/g/kykAAOSwEHNnf5q7/s-l1600.webp,https://i.ebayimg.com/images/g/WW0AAOSw5Elnf5q7/s-l1600.webp,https://i.ebayimg.com/images/g/wzsAAOSwGzhnf5q7/s-l1600.webp,https://i.ebayimg.com/images/g/ghEAAOSw~Hxnf5q8/s-l1600.webp,https://i.ebayimg.com/images/g/vgkAAOSwJflnf5rV/s-l1600.webp,https://i.ebayimg.com/images/g/Z50AAOSwcV9lsS8K/s-l1600.webp,,,,,,,,,
https://www.ebay.com/itm/356415031589?itmmeta=01JW68R8NS1M2DVP8TWE9FZVS0&hash=item52fbfdc925:g:-JgAAOSwA8hnb~eQ,Blue Wedding Kurta Palazzo Dupatta Set - Readymade Salwar Kameez Suit,US $53.29,New without tags,Yes Fully Stitched,"Wedding , Festival , Partywear , Travel",Velvet,Handmade,No,Salwar Kameez,"Winter , Summer And Spring",Straight Kurta With Palazzo & Dupatta,3/4 Sleeve,Blue,Women,Knee,Thread Sequence Work & Fancy Lace Border,Round Neck,India,https://i.ebayimg.com/images/g/-JgAAOSwA8hnb~eQ/s-l1600.webp,https://i.ebayimg.com/images/g/~M0AAOSwS~1nb~eQ/s-l1600.webp,https://i.ebayimg.com/images/g/rtkAAOSwCnBnb~eP/s-l1600.webp,https://i.ebayimg.com/images/g/Z8MAAOSwDdxnb~eP/s-l1600.webp,https://i.ebayimg.com/images/g/m14AAOSw5EBnb~eQ/s-l1600.webp,https://i.ebayimg.com/images/g/~jcAAOSwHXBnb~eS/s-l1600.webp,https://i.ebayimg.com/images/g/~8AAAOSwfeZm9Rxf/s-l1600.webp,,,,,,,,
https://www.ebay.com/itm/356960534564?itmmeta=01JW68N2S1S8GYAVXCR27FRG5V&hash=item531c818024:g:XhgAAOSwm9RoMe2u,Plus Size Kurta Palazzo Dupatta Set - Upto 3XL Gift-Ready Readymade Suit,US $38.53,New without tags,Yes Fully Stitched,"Wedding , Festival , Partywear , Travel , Puja",Cotton,Handmade,Sequence Work & Printed,Salwar Kameez,"Winter , Summer And Spring",Straight Kurta With Pant & Dupatta,3/4 Sleeve,Multi-Color,Women,Knee,No,Round Neck,India,https://i.ebayimg.com/images/g/XhgAAOSwm9RoMe2u/s-l1600.webp,https://i.ebayimg.com/images/g/hecAAOSwF2xoMe2z/s-l1600.webp,https://i.ebayimg.com/images/g/4eUAAOSwCeJoMe2w/s-l1600.webp,https://i.ebayimg.com/images/g/EmYAAOSwlkdoMe2y/s-l1600.webp,https://i.ebayimg.com/images/g/Z50AAOSwcV9lsS8K/s-l1600.webp,,,,,,,,,,
https://www.ebay.com/itm/356524025776?itmmeta=01JW69BT2P644GDDY0ECQ12640&hash=item53027ce7b0:g:KJIAAOSwv3pnne6p,Valentine Kurta Palazzo Dupatta Set - Fully Stitched Salwar Kameez Combo,US $36.89,New without tags,Yes Fully Stitched,"Wedding , Festival , Partywear , Travel",Cotton,Handmade,Adda Work And Printed,Round Neck,India,Straight Kurta With Pant & Dupatta,3/4 Sleeve,Multi-Color,Women,Knee (45inch),Salwar Kameez,"Winter , Summer And Spring",,https://i.ebayimg.com/images/g/KJIAAOSwv3pnne6p/s-l1600.webp,https://i.ebayimg.com/images/g/KeQAAOSwRklnne6o/s-l1600.webp,https://i.ebayimg.com/images/g/ZZcAAOSwEKxnne6o/s-l1600.webp,https://i.ebayimg.com/images/g/PV4AAOSwyBhnne6r/s-l1600.webp,https://i.ebayimg.com/images/g/7P4AAOSwmChnne6l/s-l1600.webp,https://i.ebayimg.com/images/g/PpoAAOSwbxRnne6l/s-l1600.webp,https://i.ebayimg.com/images/g/vVwAAOSwvtRnne7Z/s-l1600.webp,https://i.ebayimg.com/images/g/FwMAAOSw52Rnne6l/s-l1600.webp,https://i.ebayimg.com/images/g/7Z4AAOSwtmplsS8H/s-l1600.webp,,,,,,
https://www.ebay.com/itm/356509698347?itmmeta=01JW68R8NXCM3NKSTD828GNESS&hash=item5301a2492b:g:ADQAAOSwhwtnl4vO,Eid Special Pakistani Salwar Kameez Set - Readymade Kurta Palazzo Suit,US $36.89,New without tags,Yes Fully Stitched,"Wedding , Festival , Partywear , Travel","Cotton, Nazmin Dupatta",Handmade,No,Salwar Kameez,"Winter , Summer And Spring",Straight Kurta With Pant & Dupatta,3/4 Sleeve,Green,Women,Knee (46 inch),Embroidery Work,Round Neck,India,https://i.ebayimg.com/images/g/ADQAAOSwhwtnl4vO/s-l1600.webp,https://i.ebayimg.com/images/g/NDQAAOSw2Z9nl4vN/s-l1600.webp,https://i.ebayimg.com/images/g/DwsAAOSwByVnl4vS/s-l1600.webp,https://i.ebayimg.com/images/g/5GQAAOSwhwpnl4v4/s-l1600.webp,https://i.ebayimg.com/images/g/Z50AAOSwcV9lsS8K/s-l1600.webp,,,,,,,,,,
https://www.ebay.com/itm/356781501915?itmmeta=01JW68R8NVG8PXA4MGNC97XVD3&hash=item5311d5addb:g:xakAAOSwHa1n~itz,Bollywood Wedding Salwar Set - Straight Kurta Palazzo Dupatta Ready to Wear,US $36.07,New without tags,Yes Fully Stitched,"Wedding , Festival , Partywear , Travel",Cotton,Handmade,Printed,Round Neck,India,Straight Kurta With Pant & Dupatta,3/4 Sleeve,Multi-Color,Women,Knee,Salwar Kameez,"Winter , Summer And Spring",,https://i.ebayimg.com/images/g/xakAAOSwHa1n~itz/s-l1600.webp,https://i.ebayimg.com/images/g/TBsAAOSw4Idn~itz/s-l1600.webp,https://i.ebayimg.com/images/g/CSUAAOSwPjBn~it2/s-l1600.webp,https://i.ebayimg.com/images/g/F2sAAOSwJN5n~iur/s-l1600.webp,https://i.ebayimg.com/images/g/7Z4AAOSwtmplsS8H/s-l1600.webp,,,,,,,,,,
https://www.ebay.com/itm/356647967923?itmmeta=01JW68N2S3723K451M11RYEGAF&hash=item5309e01cb3:g:d5YAAOSwunVnzTgv,White Bollywood Party Kurta Set - Readymade Salwar Kameez for Women,US $47.55,New without tags,Yes Fully Stitched,"Wedding , Festival , Partywear , Travel",Chinon Silk,Handmade,No,Salwar Kameez,"Winter , Summer And Spring",Straight Kurta With Palazzo & Dupatta,3/4 Sleeve,White,Women,Knee,Embroidery Sequence Work,Round Neck,India,https://i.ebayimg.com/images/g/d5YAAOSwunVnzTgv/s-l1600.webp,https://i.ebayimg.com/images/g/x4kAAOSwnPFnzTgv/s-l1600.webp,https://i.ebayimg.com/images/g/DqEAAOSw3NRnzTgv/s-l1600.webp,https://i.ebayimg.com/images/g/rtMAAOSwIOtlsS0o/s-l1600.webp,,,,,,,,,,,
https://www.ebay.com/itm/356367384606?itmmeta=01JW68R8NVS9CV40M07HCCPZNA&hash=item52f926c01e:g:Us8AAOSwRzBnWpIQ,Indian Wedding Kurti Pant Set - Designer Readymade Salwar Kameez Combo,US $37.71,New without tags,Yes Fully Stitched,"Wedding , Festival , Partywear , Travel , Puja",Organza,Handmade,Printed,Salwar Kameez,"Winter , Summer And Spring",Straight Kurta With Pant & Dupatta,3/4 Sleeve,Pink,Women,Knee,No,Round Neck,India,https://i.ebayimg.com/images/g/Us8AAOSwRzBnWpIQ/s-l1600.webp,https://i.ebayimg.com/images/g/b2sAAOSwsINnWpIP/s-l1600.webp,https://i.ebayimg.com/images/g/LMQAAOSwdm5nWpIP/s-l1600.webp,https://i.ebayimg.com/images/g/1kIAAOSwRvZnWpIP/s-l1600.webp,https://i.ebayimg.com/images/g/RZsAAOSwD4VnWpIP/s-l1600.webp,https://i.ebayimg.com/images/g/ewAAAOSwjdJnWpIP/s-l1600.webp,https://i.ebayimg.com/images/g/4UUAAOSwgKhnWpIQ/s-l1600.webp,https://i.ebayimg.com/images/g/kdwAAOSwOjlnWpIQ/s-l1600.webp,https://i.ebayimg.com/images/g/Z50AAOSwcV9lsS8K/s-l1600.webp,,,,,,
https://www.ebay.com/itm/356781324830?itmmeta=01JW68N2RXPPNDPG6ZJVEXM5PJ&hash=item5311d2fa1e:g:X~wAAOSwf~5n~iBQ,3-Piece Palazzo Kurta Dupatta Set - Stitched Women Wear Salwar Kameez,US $36.89,New without tags,Yes Fully Stitched,"Wedding , Festival , Partywear , Travel",Cotton,Handmade,Printed,Round Neck,India,Long Side Cut Kurta With Pant & Dupatta,3/4 Sleeve,Purple,Women,Knee (45 inch),Salwar Kameez,"Winter , Summer And Spring",,https://i.ebayimg.com/images/g/X~wAAOSwf~5n~iBQ/s-l1600.webp,https://i.ebayimg.com/images/g/Q~EAAOSwUq5n~iBR/s-l1600.webp,https://i.ebayimg.com/images/g/PYEAAOSwLcBn~iBR/s-l1600.webp,https://i.ebayimg.com/images/g/pYEAAOSwdnJn~iBT/s-l1600.webp,https://i.ebayimg.com/images/g/irQAAOSwLrNn~iBR/s-l1600.webp,https://i.ebayimg.com/images/g/za4AAOSwnkFn~iBS/s-l1600.webp,https://i.ebayimg.com/images/g/7Z4AAOSwtmplsS8H/s-l1600.webp,,,,,,,,
https://www.ebay.com/itm/355473708867?itmmeta=01JW69BT2S8CWEMZYXFEAFMZTM&hash=item52c3e25743:g:UpEAAOSwrRxl0ei8,Pakistani Embroidered Kurti Pant Set - Readymade Indian Wedding Suit,US $36.89,New without tags,Yes Fully Stitched,"Wedding , Festival , Partywear , Travel","Rayon, Malmal Dupatta",Handmade,No,Salwar Kameez,"Winter , Summer And Spring",Straight Kurta With Pant & Dupatta,3/4 Sleeve,Purple,Women,Knee (46 inch),Embroidery Work,Round Neck,India,https://i.ebayimg.com/images/g/UpEAAOSwrRxl0ei8/s-l1600.webp,https://i.ebayimg.com/images/g/ZIMAAOSwGHFl0ejC/s-l1600.webp,https://i.ebayimg.com/images/g/GQAAAOSwlPFl0ejT/s-l1600.webp,https://i.ebayimg.com/images/g/TZAAAOSwtxll0ejY/s-l1600.webp,https://i.ebayimg.com/images/g/SNsAAOSwTzZl0ei-/s-l1600.webp,https://i.ebayimg.com/images/g/Jj4AAOSw3ppl0ei7/s-l1600.webp,https://i.ebayimg.com/images/g/JRQAAOSwogRlzMF3/s-l1600.webp,,,,,,,,
https://www.ebay.com/itm/356045622320?itmmeta=01JW68N2S3C3XQAQDRDCE9JYQ6&hash=item52e5f90c30:g:GZQAAOSwvXZm5Z-j,Festival Kurta Palazzo Dupatta Set - Designer Indian Readymade Salwar Kameez,US $52.47,New without tags,Yes Fully Stitched,"Wedding , Festival , Partywear , Travel",Chinon Silk,Handmade,No,Salwar Kameez,"Winter , Summer And Spring",Flared Kurta With Palazzo & Dupatta,3/4 Sleeve,Brown,Women,Full (52inch),Embroidery Work,V Neck,India,https://i.ebayimg.com/images/g/GZQAAOSwvXZm5Z-j/s-l1600.webp,https://i.ebayimg.com/images/g/UFcAAOSwb09m5Z-u/s-l1600.webp,https://i.ebayimg.com/images/g/DBEAAOSwxVdm5Z-q/s-l1600.webp,https://i.ebayimg.com/images/g/DfIAAOSw03tm5Z-e/s-l1600.webp,https://i.ebayimg.com/images/g/rtMAAOSwIOtlsS0o/s-l1600.webp,,,,,,,,,,
https://www.ebay.com/itm/355830793644?itmmeta=01JW68N2S1ARB3385VK3YRYRA3&hash=item52d92b05ac:g:QFEAAOSw9V1mgPqd,White Cotton Kurta Palazzo Dupatta Set - Readymade Indian Salwar Suit,US $36.89,New without tags,Yes Fully Stitched,"Wedding , Festival , Partywear , Travel , Puja",Cotton,Handmade,Neck Embroidery Work,Salwar Kameez,"Winter , Summer And Spring",Straight Kurta With Pant & Dupatta,3/4 Sleeve,Multi-Color,Women,Knee,No,Round Neck,India,https://i.ebayimg.com/images/g/QFEAAOSw9V1mgPqd/s-l1600.webp,https://i.ebayimg.com/images/g/0HsAAOSw~ZpmgPqa/s-l1600.webp,https://i.ebayimg.com/images/g/oTIAAOSw7w9mgPqX/s-l1600.webp,https://i.ebayimg.com/images/g/QDkAAOSw9V1mgPqN/s-l1600.webp,https://i.ebayimg.com/images/g/MJwAAOSw8ChmgPqT/s-l1600.webp,https://i.ebayimg.com/images/g/Z50AAOSwcV9lsS8K/s-l1600.webp,,,,,,,,,
https://www.ebay.com/itm/356828487478?itmmeta=01JW68N2S1NVX3SDCRHRG18VGT&hash=item5314a29f36:g:DrYAAOSwqL1oDK0D,Pink Stitched Kurta Palazzo Set - Readymade Salwar Kameez for Women,US $36.89,New without tags,Yes Fully Stitched,"Wedding , Festival , Partywear , Travel",Cotton,Handmade,No,Salwar Kameez,"Winter , Summer And Spring",Straight Kurta With Pant & Dupatta,3/4 Sleeve,Pink,Women,Knee (46 inch),Embroidery Work And Printed And Hand Work,Round Neck,India,https://i.ebayimg.com/images/g/DrYAAOSwqL1oDK0D/s-l1600.webp,https://i.ebayimg.com/images/g/cV8AAOSwp7toDK0C/s-l1600.webp,https://i.ebayimg.com/images/g/YxgAAOSwTghoDK0D/s-l1600.webp,https://i.ebayimg.com/images/g/feYAAOSwvitoDK0G/s-l1600.webp,https://i.ebayimg.com/images/g/~vIAAOSwsRRoDK0A/s-l1600.webp,https://i.ebayimg.com/images/g/sKQAAOSwcZNoDK0F/s-l1600.webp,https://i.ebayimg.com/images/g/le0AAOSwOdtoDK0s/s-l1600.webp,https://i.ebayimg.com/images/g/Z50AAOSwcV9lsS8K/s-l1600.webp,,,,,,,
https://www.ebay.com/itm/356376925472?itmmeta=01JW68R8NX98ZMDVZ6ZP67TEA4&hash=item52f9b85520:g:pA4AAOSwYb5nXxHQ,Georgette Kurta Sharara Dupatta Set - Indian Wedding Salwar Kameez Dress,US $52.47,New without tags,Yes Fully Stitched,"Wedding , Festival , Partywear , Travel","Georgette, Net Dupatta",Handmade,No,Salwar Kameez,"Winter , Summer And Spring",Straight Kurta With Sharara & Dupatta,3/4 Sleeve,Lavender,Women,Knee (46inch),Embroidery Sequence Work,Round Neck,India,https://i.ebayimg.com/images/g/pA4AAOSwYb5nXxHQ/s-l1600.webp,https://i.ebayimg.com/images/g/GM4AAOSwyb1nXxHP/s-l1600.webp,https://i.ebayimg.com/images/g/SpAAAOSwflZnXxHS/s-l1600.webp,https://i.ebayimg.com/images/g/JC0AAOSwn8tnXxHQ/s-l1600.webp,https://i.ebayimg.com/images/g/~90AAOSwr8lnXxHS/s-l1600.webp,https://i.ebayimg.com/images/g/rtMAAOSwIOtlsS0o/s-l1600.webp,,,,,,,,,
https://www.ebay.com/itm/356477963407?itmmeta=01JW69BT2NDKW1S674GR2T8CZP&hash=item52ffbe0c8f:g:ZhkAAOSwo4FnimD1,Stylish Bollywood Kurta Pant Set - Eid Wear Designer Salwar Kameez Suit,US $37.71,New without tags,Yes Fully Stitched,"Wedding , Festival , Partywear , Travel , Puja",Cotton,Handmade,Printed,Salwar Kameez,"Winter , Summer And Spring",Straight Kurta With Pant & Dupatta,3/4 Sleeve,Multi-Color,Women,Knee,No,V Neck,India,https://i.ebayimg.com/images/g/ZhkAAOSwo4FnimD1/s-l1600.webp,https://i.ebayimg.com/images/g/IosAAOSwnHtnimEe/s-l1600.webp,https://i.ebayimg.com/images/g/ymcAAOSwxhBnimDw/s-l1600.webp,https://i.ebayimg.com/images/g/xqoAAOSwzkFnimDz/s-l1600.webp,https://i.ebayimg.com/images/g/8ToAAOSwiwNnimD5/s-l1600.webp,https://i.ebayimg.com/images/g/Z50AAOSwcV9lsS8K/s-l1600.webp,,,,,,,,,
https://www.ebay.com/itm/356450755102?itmmeta=01JW69BT2PFZ9W8NBQ7MT9FSFQ&hash=item52fe1ee21e:g:F2cAAOSwLNRnf58b,Kurta Pant Dupatta & Tote Bag Combo - Readymade Salwar Kameez Gift Set,US $41.81,New without tags,Yes Fully Stitched,"Wedding , Festival , Partywear , Travel",Cotton,Handmade,No,Salwar Kameez,"Winter , Summer And Spring",Alia Cut Kurta With Pant & Dupatta And Bag,3/4 Sleeve,Purple,Women,Below The Knee (46inch),Printed,Round Neck,India,https://i.ebayimg.com/images/g/F2cAAOSwLNRnf58b/s-l1600.webp,https://i.ebayimg.com/images/g/56cAAOSwxnZnf58a/s-l1600.webp,https://i.ebayimg.com/images/g/2jYAAOSwRFhnf58b/s-l1600.webp,https://i.ebayimg.com/images/g/8KoAAOSwPbtnf58a/s-l1600.webp,https://i.ebayimg.com/images/g/Z50AAOSwcV9lsS8K/s-l1600.webp,,,,,,,,,,
https://www.ebay.com/itm/355471467696?itmmeta=01JW69BT2P4CEQAVP8TMF75GAK&hash=item52c3c024b0:g:QKEAAOSwmF5l0Jeh,Elegant Kurta Pant Set - Heavy Cotton Flared Designer Salwar Kameez,US $32.79,New without tags,Yes Fully Stitched,"Wedding , Festival , Partywear , Travel",Cotton,Handmade,No,Salwar Kameez,"Winter , Summer And Spring",Flared Kurta With Pant,3/4 Sleeve,Purple,Women,Knee (46 inch),Printed,Collar Neck,India,https://i.ebayimg.com/images/g/QKEAAOSwmF5l0Jeh/s-l1600.webp,https://i.ebayimg.com/images/g/4gAAAOSwkDVl0Jek/s-l1600.webp,https://i.ebayimg.com/images/g/6ywAAOSwPLhl0Jeq/s-l1600.webp,https://i.ebayimg.com/images/g/izsAAOSwLYJl0Jeo/s-l1600.webp,https://i.ebayimg.com/images/g/JRQAAOSwogRlzMF3/s-l1600.webp,,,,,,,,,,
https://www.ebay.com/itm/355481576623?itmmeta=01JW69BT2SGF9GYA4QKBKJ6E99&hash=item52c45a64af:g:KBMAAOSwaYll1ffx,Pakistani 3-Piece Kurti Set - Designer Indian Readymade Salwar Kameez,US $53.29,New without tags,Yes Fully Stitched,"Wedding , Festival , Partywear , Travel",Georgette,Handmade,No,Salwar Kameez,Winter And Spring,Straight Kurta With Palazzo & Dupatta,3/4 Sleeve,"Yellow, Purple, Maroon, Blue",Women,Knee,Embroidery Work And Mirror Work,Round Neck,India,https://i.ebayimg.com/images/g/KBMAAOSwaYll1ffx/s-l1600.webp,https://i.ebayimg.com/images/g/~MEAAOSwjDZl1ffz/s-l1600.webp,https://i.ebayimg.com/images/g/3XMAAOSwLFJl1fgM/s-l1600.webp,https://i.ebayimg.com/images/g/a3oAAOSwzmVl1ff1/s-l1600.webp,https://i.ebayimg.com/images/g/2JgAAOSwl2Vl1fgR/s-l1600.webp,https://i.ebayimg.com/images/g/xsAAAOSw2s1l1ff4/s-l1600.webp,https://i.ebayimg.com/images/g/Sh0AAOSwt3Vl1fgU/s-l1600.webp,https://i.ebayimg.com/images/g/-DUAAOSwUCZl1ff7/s-l1600.webp,https://i.ebayimg.com/images/g/-D8AAOSwpPFl1fgg/s-l1600.webp,https://i.ebayimg.com/images/g/rtMAAOSwIOtlsS0o/s-l1600.webp,https://i.ebayimg.com/images/g/SsUAAOSwXhVl1fhN/s-l1600.webp,https://i.ebayimg.com/images/g/9N8AAOSw7K5l1fhR/s-l1600.webp,https://i.ebayimg.com/images/g/9yQAAOSwY7xl1fhV/s-l1600.webp,https://i.ebayimg.com/images/g/DjgAAOSwWsZl1fhc/s-l1600.webp,
https://www.ebay.com/itm/356024925553?itmmeta=01JW68N2RX7CR87GES7JSWJMTS&hash=item52e4bd3d71:g:V8gAAOSwvh9m3Y8T,Palazzo Kurta Set for Weddings - Festival Readymade Salwar Kameez Suit,US $36.89,New without tags,Yes Fully Stitched,"Wedding , Festival , Partywear , Travel , Puja","Cotton, Silk",Handmade,Embroidery Work,Salwar Kameez,"Winter , Summer And Spring",Straight Kurta With Pant & Dupatta,3/4 Sleeve,Blue,Women,Knee,No,Round Neck,India,https://i.ebayimg.com/images/g/V8gAAOSwvh9m3Y8T/s-l1600.webp,https://i.ebayimg.com/images/g/6ScAAOSwu35m3Y8P/s-l1600.webp,https://i.ebayimg.com/images/g/g6IAAOSwbHdm3Y8a/s-l1600.webp,https://i.ebayimg.com/images/g/iicAAOSwtUBm3Y8M/s-l1600.webp,https://i.ebayimg.com/images/g/WfMAAOSw~Jhm3Y9C/s-l1600.webp,https://i.ebayimg.com/images/g/Z50AAOSwcV9lsS8K/s-l1600.webp,,,,,,,,,
https://www.ebay.com/itm/356828256905?itmmeta=01JW68N2RZ4K1JYSCXJWJMPNAK&hash=item53149f1a89:g:57AAAOSwkX1oDKGG,Plus Size Readymade Salwar Kameez - Designer Kurta Palazzo Dupatta Set,US $38.53,New without tags,Yes Fully Stitched,"Wedding , Festival , Partywear , Travel",Cotton,Handmade,No,Salwar Kameez,"Winter , Summer And Spring",Straight Kurta With Pant & Dupatta,3/4 Sleeve,Multi-Color,Women,Knee (47 inch),Hand Embroidery Work,Round Neck,India,https://i.ebayimg.com/images/g/57AAAOSwkX1oDKGG/s-l1600.webp,https://i.ebayimg.com/images/g/soYAAOSwC65oDKGH/s-l1600.webp,https://i.ebayimg.com/images/g/jucAAOSwrxJoDKGF/s-l1600.webp,https://i.ebayimg.com/images/g/qfYAAOSwTUJoDKGF/s-l1600.webp,https://i.ebayimg.com/images/g/sqYAAOSw3ihoDKGH/s-l1600.webp,https://i.ebayimg.com/images/g/TsIAAOSwwcNoDKGG/s-l1600.webp,https://i.ebayimg.com/images/g/9tkAAOSwGf9oDKGG/s-l1600.webp,https://i.ebayimg.com/images/g/YnYAAOSw~wpoDKGI/s-l1600.webp,https://i.ebayimg.com/images/g/KJwAAOSwNphoDKHG/s-l1600.webp,https://i.ebayimg.com/images/g/GcgAAOSwhnVoDKHP/s-l1600.webp,https://i.ebayimg.com/images/g/Z50AAOSwcV9lsS8K/s-l1600.webp,,,,
https://www.ebay.com/itm/356713746817?itmmeta=01JW69BT2PGSE2YVQ0SFV315VJ&hash=item530dcbd181:g:0JMAAOSwIHJn5WBK,Pakistani Readymade Salwar Kameez - 3-Piece Tunic Top Combo for Women,US $36.07,New without tags,Yes Fully Stitched,"Wedding , Festival , Partywear , Travel , Puja",Cotton,Handmade,Embroidery Work And Printed,Salwar Kameez,"Winter , Summer And Spring",Straight Kurta With Pant & Dupatta,3/4 Sleeve,Red,Women,Knee,No,V Neck,India,https://i.ebayimg.com/images/g/0JMAAOSwIHJn5WBK/s-l1600.webp,https://i.ebayimg.com/images/g/7lkAAOSwcxVn5WBF/s-l1600.webp,https://i.ebayimg.com/images/g/6dkAAOSwoMln5WBM/s-l1600.webp,https://i.ebayimg.com/images/g/IwAAAOSwLiJn5WBM/s-l1600.webp,https://i.ebayimg.com/images/g/Z50AAOSwcV9lsS8K/s-l1600.webp,,,,,,,,,,
https://www.ebay.com/itm/355873060255?itmmeta=01JW68N2S0AR4M5D6B2N356SBV&hash=item52dbaff59f:g:TF0AAOSwLxJmlT1c,Bollywood Kurta Palazzo Dupatta Set - Wedding Wear Salwar Kameez for Women,US $37.71,New without tags,Yes Fully Stitched,"Wedding , Festival , Partywear , Travel",Muslin,Handmade,Printed,Round Neck,India,Straight Kurta With Pant & Dupatta,3/4 Sleeve,White,Women,Knee,Salwar Kameez,"Winter , Summer And Spring",,https://i.ebayimg.com/images/g/TF0AAOSwLxJmlT1c/s-l1600.webp,https://i.ebayimg.com/images/g/tBQAAOSwhL1mlT1V/s-l1600.webp,https://i.ebayimg.com/images/g/T2oAAOSwkMNmlT1Z/s-l1600.webp,https://i.ebayimg.com/images/g/QBYAAOSwgodmlT1R/s-l1600.webp,https://i.ebayimg.com/images/g/Y2wAAOSw~-dmlT1N/s-l1600.webp,https://i.ebayimg.com/images/g/MKAAAOSwfkxmlT1K/s-l1600.webp,https://i.ebayimg.com/images/g/7Z4AAOSwtmplsS8H/s-l1600.webp,,,,,,,,
https://www.ebay.com/itm/356654798209?itmmeta=01JW68R8NVQSD80CDQV7PQFVA3&hash=item530a485581:g:fOQAAOSwAi5n0CDe,Designer Kurta & Kurtis Set - Readymade Plus Size Salwar Kameez for Women,US $38.53,New without tags,Yes Fully Stitched,"Wedding , Festival , Partywear , Travel",Cotton,Handmade,No,Salwar Kameez,"Winter , Summer And Spring",Long Kurta With Pant & Dupatta,3/4 Sleeve,Multi-Color,Women,Below The Knee (46inch),Mirror Hand Adda Work & Printed,Round Neck,India,https://i.ebayimg.com/images/g/fOQAAOSwAi5n0CDe/s-l1600.webp,https://i.ebayimg.com/images/g/Dc8AAOSwm99n0CDd/s-l1600.webp,https://i.ebayimg.com/images/g/e9EAAOSwUVln0CDa/s-l1600.webp,https://i.ebayimg.com/images/g/xT0AAOSwkedn0CDf/s-l1600.webp,https://i.ebayimg.com/images/g/QiAAAOSwospn0CDZ/s-l1600.webp,https://i.ebayimg.com/images/g/TyIAAOSwDrhn0CDa/s-l1600.webp,https://i.ebayimg.com/images/g/G2QAAOSwjUZn0CDV/s-l1600.webp,https://i.ebayimg.com/images/g/4ZcAAOSwYshn0CDe/s-l1600.webp,https://i.ebayimg.com/images/g/rtMAAOSwIOtlsS0o/s-l1600.webp,,,,,,
https://www.ebay.com/itm/356585731714?itmmeta=01JW68R8NS27N4CHNKYDPKPHGP&hash=item53062a7682:g:d9AAAOSw4NBntHQ4,Summer Cotton Palazzo Kurta Set - 3-Piece Dupatta Ready Salwar Kameez,US $29.51,New without tags,Yes Fully Stitched,"Wedding , Festival , Partywear , Travel , Puja",Cotton,Handmade,Printed Dupatta,Salwar Kameez,"Winter , Summer And Spring",Straight Kurta With Pant & Dupatta,3/4 Sleeve,Purple + Multi Dupatta,Women,Knee,No,Round Neck,India,https://i.ebayimg.com/images/g/d9AAAOSw4NBntHQ4/s-l1600.webp,https://i.ebayimg.com/images/g/~6cAAOSwEitntHQ1/s-l1600.webp,https://i.ebayimg.com/images/g/CMAAAOSwDzhntHQ7/s-l1600.webp,https://i.ebayimg.com/images/g/Z50AAOSwcV9lsS8K/s-l1600.webp,,,,,,,,,,,
https://www.ebay.com/itm/355982691535?itmmeta=01JW68N2RWVDJT9PNPN5GGBA2F&hash=item52e238cccf:g:vIQAAOSwBTNmyiB4,Festival Kurta Palazzo Dupatta Set - Fully Stitched Readymade Salwar Suit,US $36.89,New without tags,Yes Fully Stitched,"Wedding , Festival , Partywear , Travel",Cotton,Handmade,No,Salwar Kameez,"Winter , Summer And Spring",Flared Kurta With Pant & Dupatta,3/4 Sleeve,Green,Women,Below The Knee (45inch),Printed,Round Neck,India,https://i.ebayimg.com/images/g/vIQAAOSwBTNmyiB4/s-l1600.webp,https://i.ebayimg.com/images/g/3eYAAOSwLPtmyiBp/s-l1600.webp,https://i.ebayimg.com/images/g/LqkAAOSwduRmyiBu/s-l1600.webp,https://i.ebayimg.com/images/g/l20AAOSwbu5myiBy/s-l1600.webp,https://i.ebayimg.com/images/g/tqMAAOSwc75myiCT/s-l1600.webp,https://i.ebayimg.com/images/g/rqgAAOSwia9myiB8/s-l1600.webp,https://i.ebayimg.com/images/g/RvEAAOSwaHVmyiC3/s-l1600.webp,https://i.ebayimg.com/images/g/Z50AAOSwcV9lsS8K/s-l1600.webp,,,,,,,
https://www.ebay.com/itm/356608637328?itmmeta=01JW68R8NTECZS41AYFABCZ7B3&hash=item530787f990:g:Op8AAOSw1ttnvgcz,Pakistani Blue Salwar Kameez Set - Bollywood Kurta Palazzo Ready to Wear,US $36.89,New without tags,Yes Fully Stitched,"Wedding , Festival , Partywear , Travel , Puja",Cotton,Handmade,Embroidery Work,Salwar Kameez,"Winter , Summer And Spring",Short Flared Kurta With Palazzo & Dupatta,3/4 Sleeve,Blue,Women,Above The Knee,No,V Neck,India,https://i.ebayimg.com/images/g/Op8AAOSw1ttnvgcz/s-l1600.webp,https://i.ebayimg.com/images/g/Z2IAAOSwEStnvgcz/s-l1600.webp,https://i.ebayimg.com/images/g/of0AAOSw4qJnvgcz/s-l1600.webp,https://i.ebayimg.com/images/g/cGAAAOSwaudnvgcz/s-l1600.webp,https://i.ebayimg.com/images/g/iZwAAOSwZvhnvgc0/s-l1600.webp,https://i.ebayimg.com/images/g/n-wAAOSwG-tnvgcz/s-l1600.webp,https://i.ebayimg.com/images/g/XmkAAOSwpzZnvgc1/s-l1600.webp,https://i.ebayimg.com/images/g/Z50AAOSwcV9lsS8K/s-l1600.webp,,,,,,,
https://www.ebay.com/itm/355982198013?itmmeta=01JW68N2RWPVPEHMDXZYX0102B&hash=item52e23144fd:g:wYgAAOSwHbNmyeOh,Summer Cotton Kurta Palazzo Dupatta Set - Indian Festival Readymade Suit,US $36.89,New without tags,Yes Fully Stitched,"Wedding , Festival , Partywear , Travel",Cotton,Handmade,No,Salwar Kameez,"Winter , Summer And Spring",Flared Kurta With Pant & Dupatta,3/4 Sleeve,Multi-Color,Women,Below The Knee,Printed,Round Neck,India,https://i.ebayimg.com/images/g/wYgAAOSwHbNmyeOh/s-l1600.webp,https://i.ebayimg.com/images/g/8KcAAOSwUu5myeOM/s-l1600.webp,https://i.ebayimg.com/images/g/9-YAAOSw~9xmyeOQ/s-l1600.webp,https://i.ebayimg.com/images/g/09wAAOSwPIBmyeOe/s-l1600.webp,https://i.ebayimg.com/images/g/JooAAOSwidRmyeOT/s-l1600.webp,https://i.ebayimg.com/images/g/NswAAOSwW-xmyePK/s-l1600.webp,https://i.ebayimg.com/images/g/GREAAOSweAJmyeOF/s-l1600.webp,https://i.ebayimg.com/images/g/Z50AAOSwcV9lsS8K/s-l1600.webp,,,,,,,
https://www.ebay.com/itm/355979263884?itmmeta=01JW68N2S2PTSYC3ND5Z17B1DT&hash=item52e2047f8c:g:qU8AAOSw71hmyFxR,Wedding Party Kurta Dupatta Set - Fully Readymade Salwar Kameez for Women,US $53.29,New without tags,Yes Fully Stitched,"Wedding , Festival , Partywear , Travel",Georgette,Handmade,No,Salwar Kameez,"Winter , Summer And Spring",Flared Kurta & Dupatta,3/4 Sleeve,Multi-Color,Women,Full (56inch),Embroidery Sequence Work,Round Neck,India,https://i.ebayimg.com/images/g/qU8AAOSw71hmyFxR/s-l1600.webp,https://i.ebayimg.com/images/g/62AAAOSwmLFmyFxA/s-l1600.webp,https://i.ebayimg.com/images/g/MacAAOSwNeNmyFxM/s-l1600.webp,https://i.ebayimg.com/images/g/-yMAAOSw-URmyFw0/s-l1600.webp,https://i.ebayimg.com/images/g/988AAOSwahpmyFw4/s-l1600.webp,https://i.ebayimg.com/images/g/SqQAAOSwCDRmyFw8/s-l1600.webp,https://i.ebayimg.com/images/g/rtMAAOSwIOtlsS0o/s-l1600.webp,,,,,,,,
https://www.ebay.com/itm/355761087203?itmmeta=01JW69BT2RXC0D7CSEWDQFZQR2&hash=item52d50362e3:g:40YAAOSwRHRmXI-R,Sharara Kurta Set - Pakistani Readymade Salwar Kameez for Festival Wear,US $38.53,New without tags,Yes Fully Stitched,"Wedding , Festival , Partywear , Travel , Puja","Cotton, Organza",Handmade,Embroidery Work,Salwar Kameez,"Winter , Summer And Spring",Straight Kurta With Sharara & Dupatta,3/4 Sleeve,Pink,Women,Knee,No,V Neck,India,https://i.ebayimg.com/images/g/40YAAOSwRHRmXI-R/s-l1600.webp,https://i.ebayimg.com/images/g/dh8AAOSwsHFmXI-U/s-l1600.webp,https://i.ebayimg.com/images/g/W78AAOSwtBlmXI-T/s-l1600.webp,https://i.ebayimg.com/images/g/tS8AAOSwmOhmXI-S/s-l1600.webp,https://i.ebayimg.com/images/g/g7wAAOSwgMJmXI-v/s-l1600.webp,https://i.ebayimg.com/images/g/eRgAAOSwNG9mXI-Q/s-l1600.webp,https://i.ebayimg.com/images/g/Z50AAOSwcV9lsS8K/s-l1600.webp,,,,,,,,
https://www.ebay.com/itm/356367594372?itmmeta=01JW68R8NYD82A9QGZH0FXJN5E&hash=item52f929f384:g:x-4AAOSw5G9nWqp7,Wedding Palazzo Kurta Pant Set - Straight Kurta Readymade Salwar Suit,US $36.89,New without tags,Yes Fully Stitched,"Wedding , Festival , Partywear , Travel , Puja",Cotton,Handmade,Hand Embroidery Work And Printed,Salwar Kameez,"Winter , Summer And Spring",Straight Kurta With Pant & Dupatta,3/4 Sleeve,Wine,Women,Knee,No,Round Neck,India,https://i.ebayimg.com/images/g/x-4AAOSw5G9nWqp7/s-l1600.webp,https://i.ebayimg.com/images/g/KIoAAOSwV35nWqp8/s-l1600.webp,https://i.ebayimg.com/images/g/2JAAAOSwc7RnWqp7/s-l1600.webp,https://i.ebayimg.com/images/g/4KcAAOSwYz1nWqp8/s-l1600.webp,https://i.ebayimg.com/images/g/gMMAAOSwlnBnWqqA/s-l1600.webp,https://i.ebayimg.com/images/g/XWoAAOSwuNdnWqqA/s-l1600.webp,https://i.ebayimg.com/images/g/shgAAOSwAXxnWqp7/s-l1600.webp,https://i.ebayimg.com/images/g/Z50AAOSwcV9lsS8K/s-l1600.webp,,,,,,,
https://www.ebay.com/itm/356376925472?itmmeta=01JW69BT2MF3VNV9H2H7B3D307&hash=item52f9b85520:g:pA4AAOSwYb5nXxHQ,Georgette Sharara Kurta Dupatta Set - Indian Wedding Salwar Kameez Dress,US $52.47,New without tags,Yes Fully Stitched,"Wedding , Festival , Partywear , Travel","Georgette, Net Dupatta",Handmade,No,Salwar Kameez,"Winter , Summer And Spring",Straight Kurta With Sharara & Dupatta,3/4 Sleeve,Lavender,Women,Knee (46inch),Embroidery Sequence Work,Round Neck,India,https://i.ebayimg.com/images/g/pA4AAOSwYb5nXxHQ/s-l1600.webp,https://i.ebayimg.com/images/g/GM4AAOSwyb1nXxHP/s-l1600.webp,https://i.ebayimg.com/images/g/SpAAAOSwflZnXxHS/s-l1600.webp,https://i.ebayimg.com/images/g/JC0AAOSwn8tnXxHQ/s-l1600.webp,https://i.ebayimg.com/images/g/~90AAOSwr8lnXxHS/s-l1600.webp,https://i.ebayimg.com/images/g/rtMAAOSwIOtlsS0o/s-l1600.webp,,,,,,,,,
https://www.ebay.com/itm/356691559189?itmmeta=01JW68R8NS6AYCZF1EEYDTK0ER&hash=item530c794315:g:6ZQAAOSweDFn3C2-,Pakistani Embroidered Palazzo Kurta Set - Women’s Readymade Salwar Kameez,US $36.07,New without tags,Yes Fully Stitched,"Wedding , Festival , Partywear , Travel",Cotton,Handmade,Embroidery & Hand Work And Printed,Round Neck,India,Straight Kurta With Pant & Dupatta,Cut Dori Sleeve,Green,Women,Knee (45inch),Salwar Kameez,"Winter , Summer And Spring",,https://i.ebayimg.com/images/g/6ZQAAOSweDFn3C2-/s-l1600.webp,https://i.ebayimg.com/images/g/phwAAOSwRL5n3C29/s-l1600.webp,https://i.ebayimg.com/images/g/UHQAAOSwfOJn3C2-/s-l1600.webp,https://i.ebayimg.com/images/g/7Z4AAOSwtmplsS8H/s-l1600.webp,,,,,,,,,,,
https://www.ebay.com/itm/356450780661?itmmeta=01JW68R8NXWG2JZS8JWVWKC7KN&hash=item52fe1f45f5:g:XNsAAOSwddxnf6MC,Haldi Yellow Kurta Palazzo Dupatta Set - Tote Bag 4-Piece Wedding Combo,US $36.89,New without tags,Yes Fully Stitched,"Wedding , Festival , Partywear , Travel",Cotton,Handmade,No,Salwar Kameez,"Winter , Summer And Spring",Alia Cut Kurta With Pant & Dupatta And Bag,3/4 Sleeve,Yellow,Women,Below The Knee (46inch),Printed,Round Neck,India,https://i.ebayimg.com/images/g/XNsAAOSwddxnf6MC/s-l1600.webp,https://i.ebayimg.com/images/g/jGgAAOSwIqRnf6MC/s-l1600.webp,https://i.ebayimg.com/images/g/rewAAOSwIA9nf6MA/s-l1600.webp,https://i.ebayimg.com/images/g/vUQAAOSwDptnf6MC/s-l1600.webp,https://i.ebayimg.com/images/g/Z50AAOSwcV9lsS8K/s-l1600.webp,,,,,,,,,,
https://www.ebay.com/itm/356062650869?itmmeta=01JW69BT2QQM0JK0Y29EC4YQP2&hash=item52e6fce1f5:g:vY8AAOSwpH1m68TW,Floral Printed Kurta Palazzo Dupatta Set - Designer Women Salwar Kameez,US $36.89,New without tags,Yes Fully Stitched,"Wedding , Festival , Partywear , Travel",Cotton,Handmade,No,Salwar Kameez,"Winter , Summer And Spring",Straight Kurta With Pant & Dupatta,3/4 Sleeve,Multi-Color,Women,Below The Knee (48inch),Printed And Embroidery Work,V Neck,India,https://i.ebayimg.com/images/g/vY8AAOSwpH1m68TW/s-l1600.webp,https://i.ebayimg.com/images/g/DfIAAOSwMHxm68TU/s-l1600.webp,https://i.ebayimg.com/images/g/BvIAAOSwBlxm68TS/s-l1600.webp,https://i.ebayimg.com/images/g/cGAAAOSw3p1m68TY/s-l1600.webp,https://i.ebayimg.com/images/g/UAsAAOSwGeVm68TO/s-l1600.webp,https://i.ebayimg.com/images/g/JRQAAOSwogRlzMF3/s-l1600.webp,,,,,,,,,
https://www.ebay.com/itm/355466252685?itmmeta=01JW69BT2NHWHYVVX8FJ9HG9VM&hash=item52c370918d:g:hGkAAOSwJ5FlzdOL,Black Palazzo Kurta Set - Wedding Special Readymade Salwar Kameez Suit,US $54.11,New without tags,Yes Fully Stitched,"Wedding , Festival , Partywear , Travel",Georgette,Handmade,No,Salwar Kameez,"Winter , Summer And Spring",Straight Kurta With Pant & Dupatta,Full Sleeve,Black,Women,Below The Knee (49inch),Sequence Embroidery Work,Round Neck,India,https://i.ebayimg.com/images/g/hGkAAOSwJ5FlzdOL/s-l1600.webp,https://i.ebayimg.com/images/g/OTgAAOSwxTxlzdOO/s-l1600.webp,https://i.ebayimg.com/images/g/Wg4AAOSw3yFlzdOS/s-l1600.webp,https://i.ebayimg.com/images/g/FBEAAOSwt1FlzdOH/s-l1600.webp,https://i.ebayimg.com/images/g/gMcAAOSwnjZlzdOD/s-l1600.webp,https://i.ebayimg.com/images/g/GA8AAOSwVF1lzdN9/s-l1600.webp,https://i.ebayimg.com/images/g/VVcAAOSwaJ9lzdN2/s-l1600.webp,https://i.ebayimg.com/images/g/rtMAAOSwIOtlsS0o/s-l1600.webp,,,,,,,
https://www.ebay.com/itm/356585782695?itmmeta=01JW68R8NW18ZD62W8B9S2JXAE&hash=item53062b3da7:g:b6AAAOSwkLlntHeA,Anarkali Kurta Kurti Set - Pakistani Eid Festival Readymade Palazzo Suit,US $36.07,New without tags,Yes Fully Stitched,"Wedding , Festival , Partywear , Travel , Puja",Cotton,Handmade,Hand Work And Printed,Salwar Kameez,"Winter , Summer And Spring",Anarkali Kurta With Pant & Dupatta,3/4 Sleeve,Multi-Color,Women,Below The Knee (48inch),No,Round Neck,India,https://i.ebayimg.com/images/g/b6AAAOSwkLlntHeA/s-l1600.webp,https://i.ebayimg.com/images/g/etQAAOSwitdntHd-/s-l1600.webp,https://i.ebayimg.com/images/g/ZrkAAOSwaZNntHeJ/s-l1600.webp,https://i.ebayimg.com/images/g/YMoAAOSwJdFntHeI/s-l1600.webp,https://i.ebayimg.com/images/g/Z50AAOSwcV9lsS8K/s-l1600.webp,,,,,,,,,,
https://www.ebay.com/itm/356600700985?itmmeta=01JW68R8NVTE1C2XH2CT4H9Y0C&hash=item53070ee039:g:ayYAAOSwHhpnus3j,Pure Silk Salwar Kameez for Women - Eid Festival Wear Kurta Dupatta Set,US $49.19,New without tags,Yes Fully Stitched,"Wedding , Festival , Partywear , Travel",Roman Silk,Handmade,No,Pakistani,"Winter , Summer And Spring",Straight Kurta With Palazzo & Dupatta,3/4 Sleeve,Multi-Color,Women,Above The Knee (39inch),Embroidery Sequence Work,Round Neck,India,https://i.ebayimg.com/images/g/ayYAAOSwHhpnus3j/s-l1600.webp,https://i.ebayimg.com/images/g/J6cAAOSwsUFnus3p/s-l1600.webp,https://i.ebayimg.com/images/g/GyQAAOSwrlZnus3p/s-l1600.webp,https://i.ebayimg.com/images/g/-L4AAOSwjUdnus3p/s-l1600.webp,https://i.ebayimg.com/images/g/OlEAAOSwzgJnus3p/s-l1600.webp,https://i.ebayimg.com/images/g/cesAAOSwDGhnus3o/s-l1600.webp,https://i.ebayimg.com/images/g/rtMAAOSwIOtlsS0o/s-l1600.webp,,,,,,,,
https://www.ebay.com/itm/355438839446?itmmeta=01JW68R8NXMN9CC9B8T7ZX02K8&hash=item52c1ce4696:g:7BwAAOSwpzplv9Fi,Black Kurta Kurti Set - Readymade Indian Kurta Palazzo Salwar Kameez,US $36.07,New without tags,Yes Fully Stitched,"Wedding , Festival , Partywear , Travel , Puja","Cotton, Silk",Handmade,Embroidery Work And Printed Dupatta,Salwar Kameez,"Winter , Summer And Spring",Straight Kurta With Pant & Dupatta,3/4 Sleeve,Black,Women,Knee,No,Round Neck,India,https://i.ebayimg.com/images/g/7BwAAOSwpzplv9Fi/s-l1600.webp,https://i.ebayimg.com/images/g/RXgAAOSwDhllv9Fr/s-l1600.webp,https://i.ebayimg.com/images/g/ZugAAOSwfTNlv9Ft/s-l1600.webp,https://i.ebayimg.com/images/g/3NsAAOSw-UFlv9Fp/s-l1600.webp,https://i.ebayimg.com/images/g/sd4AAOSwkOplv9Fn/s-l1600.webp,https://i.ebayimg.com/images/g/ercAAOSw2eplv9Fk/s-l1600.webp,https://i.ebayimg.com/images/g/Z50AAOSwcV9lsS8K/s-l1600.webp,,,,,,,,
https://www.ebay.com/itm/356828294771?itmmeta=01JW69BT2P8BWRVFVT3EPQBM3Q&hash=item53149fae73:g:Z1AAAOSwOShoDKMS,Plus Size Kurta Palazzo Set - 7XL Readymade Women Salwar Kameez Outfit,US $35.25,New without tags,Yes Fully Stitched,"Wedding , Festival , Partywear , Travel",Cotton,Handmade,No,Salwar Kameez,"Winter , Summer And Spring",Long Kurta With Pant,3/4 Sleeve,Yellow,Women,Below The Knee (46inch),Hand Aari Embroidery Work,V Neck,India,https://i.ebayimg.com/images/g/Z1AAAOSwOShoDKMS/s-l1600.webp,https://i.ebayimg.com/images/g/hzcAAOSwriloDKMS/s-l1600.webp,https://i.ebayimg.com/images/g/WdMAAOSwN1doDKMQ/s-l1600.webp,https://i.ebayimg.com/images/g/jKwAAOSwSfRoDKMO/s-l1600.webp,https://i.ebayimg.com/images/g/K5YAAOSwOk1oDKMS/s-l1600.webp,https://i.ebayimg.com/images/g/C48AAOSwh2NoDKMR/s-l1600.webp,https://i.ebayimg.com/images/g/VtcAAOSwxNBoDKNF/s-l1600.webp,https://i.ebayimg.com/images/g/xhcAAOSwry9oDKNI/s-l1600.webp,https://i.ebayimg.com/images/g/Z50AAOSwcV9lsS8K/s-l1600.webp,,,,,,
https://www.ebay.com/itm/356828309596?itmmeta=01JW68N2S1EAF0YBGZN1RG9ESA&hash=item53149fe85c:g:mG8AAOSwJhVoDKQB,Big Size Palazzo Kurta Set - Full Stitched Indian Women Casual Salwar Suit,US $35.25,New without tags,Yes Fully Stitched,"Wedding , Festival , Partywear , Travel",Cotton,Handmade,No,Salwar Kameez,"Winter , Summer And Spring",Long Kurta With Pant,3/4 Sleeve,Green,Women,Below The Knee (46inch),Hand Aari Embroidery Work,V Neck,India,https://i.ebayimg.com/images/g/mG8AAOSwJhVoDKQB/s-l1600.webp,https://i.ebayimg.com/images/g/dekAAOSwaj5oDKQB/s-l1600.webp,https://i.ebayimg.com/images/g/jGoAAOSw8vFoDKQB/s-l1600.webp,https://i.ebayimg.com/images/g/8WYAAOSwJlJoDKQH/s-l1600.webp,https://i.ebayimg.com/images/g/57QAAOSwFJJoDKQA/s-l1600.webp,https://i.ebayimg.com/images/g/Z50AAOSwcV9lsS8K/s-l1600.webp,,,,,,,,,
https://www.ebay.com/itm/356099254258?itmmeta=01JW68N2RY1QVF5B8Q8BAG24B2&hash=item52e92b67f2:g:ywcAAOSwOqZm-UIp,Designer Kurta Palazzo Dupatta Set - Indian Readymade Salwar Kameez for Women,US $41.81,New without tags,Yes Fully Stitched,"Wedding , Festival , Partywear , Travel , Puja",Silk,Handmade,Hand Work And Printed Lace Work Dupatta,Salwar Kameez,"Winter , Summer And Spring",Straight Kurta With Pant & Dupatta,3/4 Sleeve,Pink And White,Women,Knee,Yes,V Neck,India,https://i.ebayimg.com/images/g/ywcAAOSwOqZm-UIp/s-l1600.webp,https://i.ebayimg.com/images/g/mPwAAOSwl1Bm-UIb/s-l1600.webp,https://i.ebayimg.com/images/g/SDIAAOSwvLFm-UH8/s-l1600.webp,https://i.ebayimg.com/images/g/QyMAAOSwQvdm-UHz/s-l1600.webp,https://i.ebayimg.com/images/g/M9EAAOSwRkVm-UIO/s-l1600.webp,https://i.ebayimg.com/images/g/SKYAAOSw-cVm-UHt/s-l1600.webp,https://i.ebayimg.com/images/g/KpUAAOSw3xBm-UHn/s-l1600.webp,https://i.ebayimg.com/images/g/blUAAOSwOAlm-UIH/s-l1600.webp,https://i.ebayimg.com/images/g/Z50AAOSwcV9lsS8K/s-l1600.webp,https://i.ebayimg.com/images/g/j0kAAOSwyyRm-UIe/s-l1600.webp,https://i.ebayimg.com/images/g/L5wAAOSwEMZm-UIi/s-l1600.webp,,,,
https://www.ebay.com/itm/356410023125?itmmeta=01JW68N2RXGFHR7QXGE6VFRZJS&hash=item52fbb15cd5:g:BBEAAOSwxlhnbU4U,Wedding Kurta Palazzo Dupatta Set - Indian Readymade Kurti Pant Salwar Suit,US $36.89,New without tags,Yes Fully Stitched,"Wedding , Festival , Partywear , Travel , Puja",Cotton,Handmade,Embroidery Work & Adda Work,Salwar Kameez,"Winter , Summer And Spring",Straight Kurta With Pant & Dupatta,3/4 Sleeve,Orange,Women,Knee (46Inch),No,Round Neck,India,https://i.ebayimg.com/images/g/BBEAAOSwxlhnbU4U/s-l1600.webp,https://i.ebayimg.com/images/g/PFEAAOSw~UdnbU4U/s-l1600.webp,https://i.ebayimg.com/images/g/xe8AAOSwaD5nbU4U/s-l1600.webp,https://i.ebayimg.com/images/g/TLMAAOSwKG1nbU4T/s-l1600.webp,https://i.ebayimg.com/images/g/GJUAAOSwWY5nbU4T/s-l1600.webp,https://i.ebayimg.com/images/g/PL8AAOSwUnpnbU4U/s-l1600.webp,https://i.ebayimg.com/images/g/qVcAAOSwIBlnbU4R/s-l1600.webp,https://i.ebayimg.com/images/g/Z50AAOSwcV9lsS8K/s-l1600.webp,,,,,,,
https://www.ebay.com/itm/356938719320?itmmeta=01JW68N2S25MZBKAKVEVJE5FJZ&hash=item531b34a058:g:~SwAAOSwmUBoLaFE,Stitched Kurta Pant Combo Set - Indian Kurtas & Kurtis Salwar Kameez Suit,US $35.25,New without tags,Yes Fully Stitched,"Wedding , Festival , Partywear , Travel",Cotton,Handmade,No,Salwar Kameez,"Winter , Summer And Spring",Straight Kurta With Pant,3/4 Sleeve,Multi-Color,Women,Knee,Adda and Embroidery Work,Round Neck,India,https://i.ebayimg.com/images/g/~SwAAOSwmUBoLaFE/s-l1600.webp,https://i.ebayimg.com/images/g/HUgAAOSw7E9oLaGW/s-l1600.webp,https://i.ebayimg.com/images/g/5rsAAOSw7qloLaFC/s-l1600.webp,https://i.ebayimg.com/images/g/cq0AAOSwANpoLaFF/s-l1600.webp,https://i.ebayimg.com/images/g/IhUAAOSwzZBoLaGk/s-l1600.webp,https://i.ebayimg.com/images/g/FV0AAOSwAudoLaFD/s-l1600.webp,https://i.ebayimg.com/images/g/JtsAAOSwVZ1oLaFF/s-l1600.webp,https://i.ebayimg.com/images/g/V3YAAOSwtXVoLaFF/s-l1600.webp,https://i.ebayimg.com/images/g/wpUAAOSwbt5oLaFD/s-l1600.webp,https://i.ebayimg.com/images/g/0DkAAOSwu-9oLaFE/s-l1600.webp,https://i.ebayimg.com/images/g/1KcAAOSwA1hoLaGv/s-l1600.webp,https://i.ebayimg.com/images/g/qPIAAOSwpO9oLaFG/s-l1600.webp,https://i.ebayimg.com/images/g/90wAAOSwfE9oLaGu/s-l1600.webp,https://i.ebayimg.com/images/g/Z50AAOSwcV9lsS8K/s-l1600.webp,https://i.ebayimg.com/images/g/59MAAOSwO2xoLaFO/s-l1600.webp
https://www.ebay.com/itm/356367594372?itmmeta=01JW69BT2NE8BE9SMGM86ERFA7&hash=item52f929f384:g:x-4AAOSw5G9nWqp7,Straight Palazzo Kurta Pant Set - Readymade Wedding Wear for Women,US $36.89,New without tags,Yes Fully Stitched,"Wedding , Festival , Partywear , Travel , Puja",Cotton,Handmade,Hand Embroidery Work And Printed,Salwar Kameez,"Winter , Summer And Spring",Straight Kurta With Pant & Dupatta,3/4 Sleeve,Wine,Women,Knee,No,Round Neck,India,https://i.ebayimg.com/images/g/x-4AAOSw5G9nWqp7/s-l1600.webp,https://i.ebayimg.com/images/g/KIoAAOSwV35nWqp8/s-l1600.webp,https://i.ebayimg.com/images/g/2JAAAOSwc7RnWqp7/s-l1600.webp,https://i.ebayimg.com/images/g/4KcAAOSwYz1nWqp8/s-l1600.webp,https://i.ebayimg.com/images/g/gMMAAOSwlnBnWqqA/s-l1600.webp,https://i.ebayimg.com/images/g/XWoAAOSwuNdnWqqA/s-l1600.webp,https://i.ebayimg.com/images/g/shgAAOSwAXxnWqp7/s-l1600.webp,https://i.ebayimg.com/images/g/Z50AAOSwcV9lsS8K/s-l1600.webp,,,,,,,
