1,https://i.ebayimg.com/images/g/okYAAOSwGXtmpype/s-l1600.webp,https://i.ebayimg.com/images/g/j1UAAOSwtLVmpypi/s-l1600.webp,https://i.ebayimg.com/images/g/RpIAAOSwZMhmpypg/s-l1600.webp,https://i.ebayimg.com/images/g/dq0AAOSwvoFmpypk/s-l1600.webp,https://i.ebayimg.com/images/g/Q2wAAOSw59Vmpypc/s-l1600.webp,https://i.ebayimg.com/images/g/~xQAAOSwV-dmpypS/s-l1600.webp,https://i.ebayimg.com/images/g/99IAAOSw2MRmpypZ/s-l1600.webp,https://i.ebayimg.com/images/g/rtMAAOSwIOtlsS0o/s-l1600.webp
2,https://i.ebayimg.com/images/g/AyMAAOSwFjhl-TOL/s-l1600.webp,https://i.ebayimg.com/images/g/-tYAAOSw1Kxl-TOJ/s-l1600.webp,https://i.ebayimg.com/images/g/KwYAAOSwp7Zl-TOC/s-l1600.webp,https://i.ebayimg.com/images/g/tZ8AAOSwIaNl-TOG/s-l1600.webp,https://i.ebayimg.com/images/g/qL8AAOSwA0Vl-TN8/s-l1600.webp,https://i.ebayimg.com/images/g/7hUAAOSwMOJl-TN~/s-l1600.webp,https://i.ebayimg.com/images/g/rtMAAOSwIOtlsS0o/s-l1600.webp
3,https://i.ebayimg.com/images/g/tbgAAOSw6K5m67uI/s-l1600.webp,https://i.ebayimg.com/images/g/Ul0AAOSwnblm67uF/s-l1600.webp,https://i.ebayimg.com/images/g/bOgAAOSwwT1m67uA/s-l1600.webp,https://i.ebayimg.com/images/g/T9MAAOSwS8Zm67t7/s-l1600.webp,https://i.ebayimg.com/images/g/JRQAAOSwogRlzMF3/s-l1600.webp
4,https://i.ebayimg.com/images/g/69EAAOSwP51lyIPe/s-l1600.webp,https://i.ebayimg.com/images/g/DYYAAOSw8cZlyIPg/s-l1600.webp,https://i.ebayimg.com/images/g/-uoAAOSwOZBlyIPi/s-l1600.webp,https://i.ebayimg.com/images/g/fIUAAOSw-WplyIPb/s-l1600.webp,https://i.ebayimg.com/images/g/dIAAAOSwV39lyIP3/s-l1600.webp,https://i.ebayimg.com/images/g/Z50AAOSwcV9lsS8K/s-l1600.webp
5,https://i.ebayimg.com/images/g/6rEAAOSwu0plw125/s-l1600.webp,https://i.ebayimg.com/images/g/KZwAAOSwSHplw123/s-l1600.webp,https://i.ebayimg.com/images/g/HYUAAOSw2tZlw12w/s-l1600.webp,https://i.ebayimg.com/images/g/9zMAAOSwP8Rlw12z/s-l1600.webp,https://i.ebayimg.com/images/g/x8wAAOSwz89lw121/s-l1600.webp,https://i.ebayimg.com/images/g/QroAAOSwMvNlw12u/s-l1600.webp,https://i.ebayimg.com/images/g/ZngAAOSwJTtlw12o/s-l1600.webp,https://i.ebayimg.com/images/g/Z50AAOSwcV9lsS8K/s-l1600.webp
6,https://i.ebayimg.com/images/g/V3QAAOSwrRxl0eyX/s-l1600.webp,https://i.ebayimg.com/images/g/mYQAAOSwASll0eyS/s-l1600.webp,https://i.ebayimg.com/images/g/OE0AAOSwrM9l0eyQ/s-l1600.webp,https://i.ebayimg.com/images/g/ZFgAAOSwgatl0eyU/s-l1600.webp,https://i.ebayimg.com/images/g/XukAAOSwa1Rl0eyW/s-l1600.webp,https://i.ebayimg.com/images/g/A1EAAOSwTzhl0eyO/s-l1600.webp,https://i.ebayimg.com/images/g/JRQAAOSwogRlzMF3/s-l1600.webp
7,https://i.ebayimg.com/images/g/aIYAAOSwkARlz1a5/s-l1600.webp,https://i.ebayimg.com/images/g/yXUAAOSwVBhlz1ax/s-l1600.webp,https://i.ebayimg.com/images/g/AY0AAOSwnixlz1as/s-l1600.webp,https://i.ebayimg.com/images/g/-SUAAOSwHKplz1an/s-l1600.webp,https://i.ebayimg.com/images/g/bN8AAOSwXVFlz1af/s-l1600.webp,https://i.ebayimg.com/images/g/rtMAAOSwIOtlsS0o/s-l1600.webp
8,https://i.ebayimg.com/images/g/FzwAAOSwS39oDJ9n/s-l1600.webp,https://i.ebayimg.com/images/g/fpoAAOSwxjpoDJ9n/s-l1600.webp,https://i.ebayimg.com/images/g/hzUAAOSw1s5oDJ9l/s-l1600.webp,https://i.ebayimg.com/images/g/oOIAAOSwcZNoDJ9k/s-l1600.webp,https://i.ebayimg.com/images/g/R3kAAOSwlgZoDJ9m/s-l1600.webp,https://i.ebayimg.com/images/g/nDsAAOSwZtZoDJ-C/s-l1600.webp,https://i.ebayimg.com/images/g/Z50AAOSwcV9lsS8K/s-l1600.webp
9,https://i.ebayimg.com/images/g/XSoAAOSwZ7hmR6Oz/s-l1600.webp,https://i.ebayimg.com/images/g/lB8AAOSwLFFmR6Op/s-l1600.webp,https://i.ebayimg.com/images/g/P28AAOSwiK5mR6Os/s-l1600.webp,https://i.ebayimg.com/images/g/bvkAAOSwmTxmR6OD/s-l1600.webp,https://i.ebayimg.com/images/g/FUkAAOSwW4xmR6Oa/s-l1600.webp,https://i.ebayimg.com/images/g/JRQAAOSwogRlzMF3/s-l1600.webp
10,https://i.ebayimg.com/images/g/vzMAAOSwnQln9iko/s-l1600.webp,https://i.ebayimg.com/images/g/hroAAOSwWUVn9ikn/s-l1600.webp,https://i.ebayimg.com/images/g/DswAAOSwBpVn9iko/s-l1600.webp,https://i.ebayimg.com/images/g/dzQAAOSwWEBn9iko/s-l1600.webp,https://i.ebayimg.com/images/g/P2kAAOSwDapn9ikp/s-l1600.webp,https://i.ebayimg.com/images/g/v1kAAOSw1ytn9iko/s-l1600.webp,https://i.ebayimg.com/images/g/SYgAAOSwgYxn9iko/s-l1600.webp,https://i.ebayimg.com/images/g/cGIAAOSw5jtn9ikp/s-l1600.webp,https://i.ebayimg.com/images/g/Z50AAOSwcV9lsS8K/s-l1600.webp
11,https://i.ebayimg.com/images/g/T3YAAOSwZoVnbWcC/s-l1600.webp,https://i.ebayimg.com/images/g/t6QAAOSwMaBnbWcM/s-l1600.webp,https://i.ebayimg.com/images/g/XRsAAOSwqDxnbWcM/s-l1600.webp,https://i.ebayimg.com/images/g/xqgAAOSwjphnbWcL/s-l1600.webp,https://i.ebayimg.com/images/g/~8AAAOSwfeZm9Rxf/s-l1600.webp
12,https://i.ebayimg.com/images/g/CAAAAOSwXeFnm71o/s-l1600.webp,https://i.ebayimg.com/images/g/H0kAAOSw-QFnm71m/s-l1600.webp,https://i.ebayimg.com/images/g/kCwAAOSw4-Vnm71o/s-l1600.webp,https://i.ebayimg.com/images/g/Pq0AAOSwc99nm71p/s-l1600.webp,https://i.ebayimg.com/images/g/S~YAAOSwvXpnm71n/s-l1600.webp,https://i.ebayimg.com/images/g/HY8AAOSwbFVnm71p/s-l1600.webp,https://i.ebayimg.com/images/g/7Z4AAOSwtmplsS8H/s-l1600.webp
13,https://i.ebayimg.com/images/g/O5oAAOSwfBZnvgYp/s-l1600.webp,https://i.ebayimg.com/images/g/58MAAOSwndZnvgYp/s-l1600.webp,https://i.ebayimg.com/images/g/ubsAAOSwC8ZnvgYo/s-l1600.webp,https://i.ebayimg.com/images/g/y4wAAOSwXyJnvgYq/s-l1600.webp,https://i.ebayimg.com/images/g/yWUAAOSwo0RnvgYq/s-l1600.webp,https://i.ebayimg.com/images/g/e-IAAOSwhsxnvgYp/s-l1600.webp,https://i.ebayimg.com/images/g/ZuYAAOSwgCVnvgYo/s-l1600.webp,https://i.ebayimg.com/images/g/r3cAAOSwieBnvgYo/s-l1600.webp,https://i.ebayimg.com/images/g/OpoAAOSwBWlnvgYr/s-l1600.webp,https://i.ebayimg.com/images/g/UuUAAOSwT-RnvgYn/s-l1600.webp,https://i.ebayimg.com/images/g/Z50AAOSwcV9lsS8K/s-l1600.webp
14,https://i.ebayimg.com/images/g/YaAAAOSwo-JnNy3z/s-l1600.webp,https://i.ebayimg.com/images/g/l1cAAOSwAdhnNy3x/s-l1600.webp,https://i.ebayimg.com/images/g/-c0AAOSwZ6lnNy3w/s-l1600.webp,https://i.ebayimg.com/images/g/TEkAAOSwrSNnNy3u/s-l1600.webp,https://i.ebayimg.com/images/g/3iwAAOSwF81nNy3y/s-l1600.webp,https://i.ebayimg.com/images/g/sioAAOSwpSJnNy30/s-l1600.webp,https://i.ebayimg.com/images/g/rtMAAOSwIOtlsS0o/s-l1600.webp
15,https://i.ebayimg.com/images/g/72wAAOSwkvxn~hze/s-l1600.webp,https://i.ebayimg.com/images/g/5DgAAOSwxPRn~hzg/s-l1600.webp,https://i.ebayimg.com/images/g/LAsAAOSw-hxn~hzg/s-l1600.webp,https://i.ebayimg.com/images/g/0acAAOSwjaRn~hzg/s-l1600.webp,https://i.ebayimg.com/images/g/IJIAAOSwak1n~hzg/s-l1600.webp,https://i.ebayimg.com/images/g/7Z4AAOSwtmplsS8H/s-l1600.webp
16,https://i.ebayimg.com/images/g/dvQAAOSw6~NnuIG7/s-l1600.webp,https://i.ebayimg.com/images/g/akQAAOSw6TdnuIG6/s-l1600.webp,https://i.ebayimg.com/images/g/FbMAAOSwQzRnuIHA/s-l1600.webp,https://i.ebayimg.com/images/g/faYAAOSwU8dnuIHN/s-l1600.webp,https://i.ebayimg.com/images/g/2tYAAOSw-EdnuIHK/s-l1600.webp,https://i.ebayimg.com/images/g/Z50AAOSwcV9lsS8K/s-l1600.webp
17,https://i.ebayimg.com/images/g/6kIAAOSwKihoKJWY/s-l1600.webp,https://i.ebayimg.com/images/g/eKIAAOSw0uBoKJWY/s-l1600.webp,https://i.ebayimg.com/images/g/wrYAAOSw-9BoKJWX/s-l1600.webp,https://i.ebayimg.com/images/g/dc8AAOSwD2xoKJWW/s-l1600.webp,https://i.ebayimg.com/images/g/kdAAAOSw3jNoKJWY/s-l1600.webp,https://i.ebayimg.com/images/g/loMAAOSwOvVoKJWZ/s-l1600.webp,https://i.ebayimg.com/images/g/0vMAAOSwHn5oKJWW/s-l1600.webp,https://i.ebayimg.com/images/g/~a4AAOSwcVloKJWW/s-l1600.webp,https://i.ebayimg.com/images/g/Z50AAOSwcV9lsS8K/s-l1600.webp
18,https://i.ebayimg.com/images/g/KIEAAOSwHrBnkhrm/s-l1600.webp,https://i.ebayimg.com/images/g/vL8AAOSwhlxnkhro/s-l1600.webp,https://i.ebayimg.com/images/g/OAAAAOSwszVnkhrn/s-l1600.webp,https://i.ebayimg.com/images/g/fIEAAOSwnbtnkhrn/s-l1600.webp,https://i.ebayimg.com/images/g/kXwAAOSwmAVnkhrp/s-l1600.webp,https://i.ebayimg.com/images/g/QSsAAOSwjIVnkhro/s-l1600.webp,https://i.ebayimg.com/images/g/H3oAAOSwlb5nkhrk/s-l1600.webp,https://i.ebayimg.com/images/g/w~oAAOSwIvlnkhro/s-l1600.webp,https://i.ebayimg.com/images/g/Z50AAOSwcV9lsS8K/s-l1600.webp
19,https://i.ebayimg.com/images/g/P64AAOSw-WFnbVRW/s-l1600.webp,https://i.ebayimg.com/images/g/EMAAAOSw5m1nbVRW/s-l1600.webp,https://i.ebayimg.com/images/g/iXoAAOSw-txnbVRW/s-l1600.webp,https://i.ebayimg.com/images/g/MPgAAOSwSWJnbVRW/s-l1600.webp,https://i.ebayimg.com/images/g/JlMAAOSwglVnbVRX/s-l1600.webp,https://i.ebayimg.com/images/g/k-EAAOSw3hRnbVRZ/s-l1600.webp,https://i.ebayimg.com/images/g/mPsAAOSw80RnbVRW/s-l1600.webp,https://i.ebayimg.com/images/g/JkcAAOSwaGpnbVRX/s-l1600.webp,https://i.ebayimg.com/images/g/Z50AAOSwcV9lsS8K/s-l1600.webp
20,https://i.ebayimg.com/images/g/ysMAAOSwTVRnk0-f/s-l1600.webp,https://i.ebayimg.com/images/g/u-YAAOSworVnk0-d/s-l1600.webp,https://i.ebayimg.com/images/g/lcEAAOSwdV5nk0-f/s-l1600.webp,https://i.ebayimg.com/images/g/dZ4AAOSw52Rnk0-c/s-l1600.webp,https://i.ebayimg.com/images/g/2v4AAOSwAStnk0-e/s-l1600.webp,https://i.ebayimg.com/images/g/RLYAAOSwE1pnk0-Z/s-l1600.webp,https://i.ebayimg.com/images/g/KZ4AAOSw~Alnk0-f/s-l1600.webp,https://i.ebayimg.com/images/g/PgYAAOSwIS1nk0-b/s-l1600.webp,https://i.ebayimg.com/images/g/8RUAAOSw3bpnk0-b/s-l1600.webp,https://i.ebayimg.com/images/g/Z50AAOSwcV9lsS8K/s-l1600.webp
21,https://i.ebayimg.com/images/g/80wAAOSw-etnoGIg/s-l1600.webp,https://i.ebayimg.com/images/g/PXYAAOSw-RJnoGIm/s-l1600.webp,https://i.ebayimg.com/images/g/dj0AAOSwOh9noGIj/s-l1600.webp,https://i.ebayimg.com/images/g/MBcAAOSwPX5noGIh/s-l1600.webp,https://i.ebayimg.com/images/g/rtMAAOSwIOtlsS0o/s-l1600.webp
22,https://i.ebayimg.com/images/g/PY4AAOSw9X5m9j~s/s-l1600.webp,https://i.ebayimg.com/images/g/UkwAAOSw-eRm9j~p/s-l1600.webp,https://i.ebayimg.com/images/g/rucAAOSwMqpmXSia/s-l1600.webp,https://i.ebayimg.com/images/g/EgUAAOSw~iFmXSiZ/s-l1600.webp,https://i.ebayimg.com/images/g/iWQAAOSw61lmXSiX/s-l1600.webp,https://i.ebayimg.com/images/g/5asAAOSwENtmXSid/s-l1600.webp,https://i.ebayimg.com/images/g/ZDkAAOSwAilmXSic/s-l1600.webp,https://i.ebayimg.com/images/g/~jUAAOSwiZ9mXSib/s-l1600.webp,https://i.ebayimg.com/images/g/cyAAAOSwPJNmXSii/s-l1600.webp,https://i.ebayimg.com/images/g/-PoAAOSwMbtmXSih/s-l1600.webp,https://i.ebayimg.com/images/g/~YEAAOSwrupmXSif/s-l1600.webp,https://i.ebayimg.com/images/g/Z50AAOSwcV9lsS8K/s-l1600.webp,https://i.ebayimg.com/images/g/Qq0AAOSwBAZmXSjb/s-l1600.webp,https://i.ebayimg.com/images/g/PSAAAOSwFUBmXSjh/s-l1600.webp,https://i.ebayimg.com/images/g/faMAAOSwzbtmXSjo/s-l1600.webp,https://i.ebayimg.com/images/g/Q2UAAOSwtNpm9j~4/s-l1600.webp
23,https://i.ebayimg.com/images/g/2oUAAOSwiYhngiRU/s-l1600.webp,https://i.ebayimg.com/images/g/EvwAAOSw0zdngiRQ/s-l1600.webp,https://i.ebayimg.com/images/g/qG4AAOSwG-lngiRY/s-l1600.webp,https://i.ebayimg.com/images/g/rXUAAOSwIdlngiRY/s-l1600.webp,https://i.ebayimg.com/images/g/rtMAAOSwIOtlsS0o/s-l1600.webp
24,https://i.ebayimg.com/images/g/SZAAAOSwudtnNz4C/s-l1600.webp,https://i.ebayimg.com/images/g/sSkAAOSwKa9nNz4B/s-l1600.webp,https://i.ebayimg.com/images/g/HN0AAOSw66FnNz3~/s-l1600.webp,https://i.ebayimg.com/images/g/lHYAAOSwlSNnNz4I/s-l1600.webp,https://i.ebayimg.com/images/g/i10AAOSwAz1nNz4I/s-l1600.webp,https://i.ebayimg.com/images/g/rtMAAOSwIOtlsS0o/s-l1600.webp
25,https://i.ebayimg.com/images/g/F5IAAOSw2Q1lx5IL/s-l1600.webp,https://i.ebayimg.com/images/g/-tUAAOSwUb9lx5ID/s-l1600.webp,https://i.ebayimg.com/images/g/k4sAAOSwrCxlx5IF/s-l1600.webp,https://i.ebayimg.com/images/g/DQAAAOSwAW9lx5II/s-l1600.webp,https://i.ebayimg.com/images/g/~~AAAOSwXo5lx5IA/s-l1600.webp,https://i.ebayimg.com/images/g/Z50AAOSwcV9lsS8K/s-l1600.webp
26,https://i.ebayimg.com/images/g/wKcAAOSwh0Rm1gb-/s-l1600.webp,https://i.ebayimg.com/images/g/AxAAAOSw2vhm1gcC/s-l1600.webp,https://i.ebayimg.com/images/g/rXUAAOSwwFBm1gcA/s-l1600.webp,https://i.ebayimg.com/images/g/s40AAOSwbPxm1gcF/s-l1600.webp,https://i.ebayimg.com/images/g/9HMAAOSwPahm1gb8/s-l1600.webp,https://i.ebayimg.com/images/g/Z50AAOSwcV9lsS8K/s-l1600.webp
27,https://i.ebayimg.com/images/g/sSAAAOSwrHJnl4d3/s-l1600.webp,https://i.ebayimg.com/images/g/jBAAAOSwAmZnl4d1/s-l1600.webp,https://i.ebayimg.com/images/g/KYgAAOSwmChnl4d0/s-l1600.webp,https://i.ebayimg.com/images/g/Z50AAOSwcV9lsS8K/s-l1600.webp
28,https://i.ebayimg.com/images/g/C1QAAOSw0-1mC~dY/s-l1600.webp,https://i.ebayimg.com/images/g/WKMAAOSwZUVmC~dU/s-l1600.webp,https://i.ebayimg.com/images/g/0MYAAOSwsStmC~dR/s-l1600.webp,https://i.ebayimg.com/images/g/BrgAAOSwzURmC~dB/s-l1600.webp,https://i.ebayimg.com/images/g/0yAAAOSwXWRmC~dL/s-l1600.webp,https://i.ebayimg.com/images/g/drgAAOSw-kxmC~dG/s-l1600.webp,https://i.ebayimg.com/images/g/nP4AAOSwcBhmC~c8/s-l1600.webp,https://i.ebayimg.com/images/g/e4cAAOSwc9VmC~c-/s-l1600.webp,https://i.ebayimg.com/images/g/BI4AAOSwZSxmC~dE/s-l1600.webp,https://i.ebayimg.com/images/g/Z50AAOSwcV9lsS8K/s-l1600.webp,https://i.ebayimg.com/images/g/tHkAAOSwMPpmC~dI/s-l1600.webp,https://i.ebayimg.com/images/g/NLwAAOSwI9dmC~dU/s-l1600.webp,https://i.ebayimg.com/images/g/eM4AAOSwZE5mC~dW/s-l1600.webp
29,https://i.ebayimg.com/images/g/tPkAAOSwaD1mnOq2/s-l1600.webp,https://i.ebayimg.com/images/g/g4YAAOSwBE5mnOrA/s-l1600.webp,https://i.ebayimg.com/images/g/sVMAAOSwpINmnOq6/s-l1600.webp,https://i.ebayimg.com/images/g/ZoAAAOSwhlVmnOq9/s-l1600.webp,https://i.ebayimg.com/images/g/wZ8AAOSwtOdmnOq4/s-l1600.webp,https://i.ebayimg.com/images/g/sikAAOSwO9tmnOqz/s-l1600.webp,https://i.ebayimg.com/images/g/Q~QAAOSwzKdlsS7a/s-l1600.webp
30,https://i.ebayimg.com/images/g/B-0AAOSw3DNn7oIy/s-l1600.webp,https://i.ebayimg.com/images/g/5kgAAOSw03Vn7oIz/s-l1600.webp,https://i.ebayimg.com/images/g/2gMAAOSw5KZn7oI0/s-l1600.webp,https://i.ebayimg.com/images/g/jMoAAOSwCE9n7oI0/s-l1600.webp,https://i.ebayimg.com/images/g/Z50AAOSwcV9lsS8K/s-l1600.webp
31,https://i.ebayimg.com/images/g/RaMAAOSwDWJnZpP1/s-l1600.webp,https://i.ebayimg.com/images/g/VEEAAOSwe5ZnZpP1/s-l1600.webp,https://i.ebayimg.com/images/g/2NkAAOSwwstnZpP2/s-l1600.webp,https://i.ebayimg.com/images/g/Z50AAOSwcV9lsS8K/s-l1600.webp
32,https://i.ebayimg.com/images/g/-OIAAOSwXN1n~o09/s-l1600.webp,https://i.ebayimg.com/images/g/uPgAAOSw1cxn~o04/s-l1600.webp,https://i.ebayimg.com/images/g/69AAAOSwL91n~o0~/s-l1600.webp,https://i.ebayimg.com/images/g/NRQAAOSw3yFn~o1k/s-l1600.webp,https://i.ebayimg.com/images/g/rdUAAOSwE0Bn~o09/s-l1600.webp,https://i.ebayimg.com/images/g/Z50AAOSwcV9lsS8K/s-l1600.webp
33,https://i.ebayimg.com/images/g/97sAAOSw9B1nXw8o/s-l1600.webp,https://i.ebayimg.com/images/g/2xYAAOSwU3BnXw8n/s-l1600.webp,https://i.ebayimg.com/images/g/4bUAAOSwA71nXw8s/s-l1600.webp,https://i.ebayimg.com/images/g/8OcAAOSwCFdnXw8q/s-l1600.webp,https://i.ebayimg.com/images/g/p~wAAOSweqZnXw8q/s-l1600.webp,https://i.ebayimg.com/images/g/rtMAAOSwIOtlsS0o/s-l1600.webp
34,https://i.ebayimg.com/images/g/AwQAAOSwFudnr0QD/s-l1600.webp,https://i.ebayimg.com/images/g/z7AAAOSwnXRnr0QB/s-l1600.webp,https://i.ebayimg.com/images/g/9OwAAOSwRLhnr0QF/s-l1600.webp,https://i.ebayimg.com/images/g/Y-cAAOSwXDFnr0QD/s-l1600.webp,https://i.ebayimg.com/images/g/vkEAAOSwBJNnr0QD/s-l1600.webp,https://i.ebayimg.com/images/g/u2gAAOSw2p9nr0QF/s-l1600.webp,https://i.ebayimg.com/images/g/fIoAAOSwHH5nr0QF/s-l1600.webp,https://i.ebayimg.com/images/g/YykAAOSwOotnr0QF/s-l1600.webp,https://i.ebayimg.com/images/g/aCMAAOSwB45nr0QD/s-l1600.webp,https://i.ebayimg.com/images/g/~0sAAOSwBaxnr0QH/s-l1600.webp,https://i.ebayimg.com/images/g/Z50AAOSwcV9lsS8K/s-l1600.webp
35,https://i.ebayimg.com/images/g/RjUAAOSwOqZm67qX/s-l1600.webp,https://i.ebayimg.com/images/g/T88AAOSwwwhm67qN/s-l1600.webp,https://i.ebayimg.com/images/g/xpMAAOSwTkFm67p1/s-l1600.webp,https://i.ebayimg.com/images/g/jq0AAOSwYKZm67qJ/s-l1600.webp,https://i.ebayimg.com/images/g/JRQAAOSwogRlzMF3/s-l1600.webp
36,https://i.ebayimg.com/images/g/NgwAAOSw2mZmQ2Lj/s-l1600.webp,https://i.ebayimg.com/images/g/mK0AAOSwPWBmQ2Ly/s-l1600.webp,https://i.ebayimg.com/images/g/Pc4AAOSwe9dmQ2Lm/s-l1600.webp,https://i.ebayimg.com/images/g/raMAAOSw-HhmQ2L2/s-l1600.webp,https://i.ebayimg.com/images/g/UFYAAOSwbKxmQ2Ls/s-l1600.webp,https://i.ebayimg.com/images/g/z1QAAOSw0UFmQ2MM/s-l1600.webp,https://i.ebayimg.com/images/g/rtMAAOSwIOtlsS0o/s-l1600.webp
37,https://i.ebayimg.com/images/g/XJIAAOSwOyFnaS1i/s-l1600.webp,https://i.ebayimg.com/images/g/6V4AAOSwdpNnaS1j/s-l1600.webp,https://i.ebayimg.com/images/g/VkMAAOSwtPxnaS1i/s-l1600.webp,https://i.ebayimg.com/images/g/tHEAAOSw1MVnaS1j/s-l1600.webp,https://i.ebayimg.com/images/g/WKYAAOSwKuJnaS1l/s-l1600.webp,https://i.ebayimg.com/images/g/30IAAOSwN-hnaS1i/s-l1600.webp,https://i.ebayimg.com/images/g/jtcAAOSwiqtnaS1n/s-l1600.webp,https://i.ebayimg.com/images/g/YxAAAOSw6LNnaS1m/s-l1600.webp,https://i.ebayimg.com/images/g/~8AAAOSwfeZm9Rxf/s-l1600.webp
38,https://i.ebayimg.com/images/g/AH0AAOSwn0RoKEst/s-l1600.webp,https://i.ebayimg.com/images/g/WQ8AAOSwtpFoKEss/s-l1600.webp,https://i.ebayimg.com/images/g/xWwAAOSwVxpoKEsr/s-l1600.webp,https://i.ebayimg.com/images/g/O5YAAOSwZV1oKEss/s-l1600.webp,https://i.ebayimg.com/images/g/aXAAAOSwhD1oKEsy/s-l1600.webp,https://i.ebayimg.com/images/g/tO0AAOSwikxoKEsx/s-l1600.webp,https://i.ebayimg.com/images/g/Z50AAOSwcV9lsS8K/s-l1600.webp
39,https://i.ebayimg.com/images/g/454AAOSwO6FnYcv3/s-l1600.webp,https://i.ebayimg.com/images/g/GO0AAOSwtYJnYcv2/s-l1600.webp,https://i.ebayimg.com/images/g/2XMAAOSwPRZnYcv4/s-l1600.webp,https://i.ebayimg.com/images/g/5wYAAOSwK51nYcv2/s-l1600.webp,https://i.ebayimg.com/images/g/docAAOSwt99nYcv6/s-l1600.webp,https://i.ebayimg.com/images/g/rtMAAOSwIOtlsS0o/s-l1600.webp
40,https://i.ebayimg.com/images/g/ot0AAOSwIvVoFNdr/s-l1600.webp,https://i.ebayimg.com/images/g/j2EAAOSwLFdoFNdp/s-l1600.webp,https://i.ebayimg.com/images/g/uroAAOSwsMhoFNeb/s-l1600.webp,https://i.ebayimg.com/images/g/EawAAOSwctNoFNdn/s-l1600.webp,https://i.ebayimg.com/images/g/Z50AAOSwcV9lsS8K/s-l1600.webp
41,https://i.ebayimg.com/images/g/3pUAAOSwt5Rno1yO/s-l1600.webp,https://i.ebayimg.com/images/g/T4wAAOSwQ3tno1yZ/s-l1600.webp,https://i.ebayimg.com/images/g/N5oAAOSwuM9no1yV/s-l1600.webp,https://i.ebayimg.com/images/g/NSoAAOSwripno1yU/s-l1600.webp,https://i.ebayimg.com/images/g/-N4AAOSwq~dno1yU/s-l1600.webp,https://i.ebayimg.com/images/g/rtMAAOSwIOtlsS0o/s-l1600.webp
42,https://i.ebayimg.com/images/g/OoAAAOSwwelnbWY4/s-l1600.webp,https://i.ebayimg.com/images/g/sokAAOSwQg5nbWY7/s-l1600.webp,https://i.ebayimg.com/images/g/LOYAAOSw2ABnbWY7/s-l1600.webp,https://i.ebayimg.com/images/g/m0kAAOSw~EBnbWY7/s-l1600.webp,https://i.ebayimg.com/images/g/~8AAAOSwfeZm9Rxf/s-l1600.webp
43,https://i.ebayimg.com/images/g/69IAAOSwJLlnGhCH/s-l1600.webp,https://i.ebayimg.com/images/g/GYEAAOSwgzFnGhCG/s-l1600.webp,https://i.ebayimg.com/images/g/5hcAAOSw6fFnGhCG/s-l1600.webp,https://i.ebayimg.com/images/g/~30AAOSwkFBnGhCI/s-l1600.webp,https://i.ebayimg.com/images/g/g3sAAOSwxo5nGhCA/s-l1600.webp,https://i.ebayimg.com/images/g/0jIAAOSw2llnGhCG/s-l1600.webp,https://i.ebayimg.com/images/g/~EQAAOSwFP9nGhCG/s-l1600.webp,https://i.ebayimg.com/images/g/Z50AAOSwcV9lsS8K/s-l1600.webp
44,https://i.ebayimg.com/images/g/Y-AAAOSwA8hnbqBe/s-l1600.webp,https://i.ebayimg.com/images/g/8doAAOSwix9nbqBe/s-l1600.webp,https://i.ebayimg.com/images/g/Ln4AAOSwG8FnbqBd/s-l1600.webp,https://i.ebayimg.com/images/g/~8AAAOSwfeZm9Rxf/s-l1600.webp
45,https://i.ebayimg.com/images/g/dEwAAOSw74xnClHY/s-l1600.webp,https://i.ebayimg.com/images/g/d3gAAOSwgRhnClHU/s-l1600.webp,https://i.ebayimg.com/images/g/PnEAAOSwQwFnClHS/s-l1600.webp,https://i.ebayimg.com/images/g/pyMAAOSwouhnClHO/s-l1600.webp,https://i.ebayimg.com/images/g/3fkAAOSwM-5nClHQ/s-l1600.webp,https://i.ebayimg.com/images/g/If4AAOSwlBNnClHW/s-l1600.webp,https://i.ebayimg.com/images/g/rtMAAOSwIOtlsS0o/s-l1600.webp
46,https://i.ebayimg.com/images/g/sKIAAOSwj2xmR6Dl/s-l1600.webp,https://i.ebayimg.com/images/g/iKQAAOSw2BxmR6D3/s-l1600.webp,https://i.ebayimg.com/images/g/JRQAAOSwogRlzMF3/s-l1600.webp
47,https://i.ebayimg.com/images/g/QIIAAOSwwsdmlTRf/s-l1600.webp,https://i.ebayimg.com/images/g/kGYAAOSw6CNmlTRd/s-l1600.webp,https://i.ebayimg.com/images/g/O10AAOSwLG1mlTRb/s-l1600.webp,https://i.ebayimg.com/images/g/LXsAAOSwA1VmlTRZ/s-l1600.webp,https://i.ebayimg.com/images/g/IWIAAOSw4WlmlTRU/s-l1600.webp,https://i.ebayimg.com/images/g/ukwAAOSwTANmlTRS/s-l1600.webp,https://i.ebayimg.com/images/g/qC0AAOSwAFJmlTRX/s-l1600.webp,https://i.ebayimg.com/images/g/7Z4AAOSwtmplsS8H/s-l1600.webp
48,https://i.ebayimg.com/images/g/CfEAAOSwqxJneOFv/s-l1600.webp,https://i.ebayimg.com/images/g/KDAAAOSwJVBneOFv/s-l1600.webp,https://i.ebayimg.com/images/g/MjYAAOSwXRNneOFu/s-l1600.webp,https://i.ebayimg.com/images/g/Jn8AAOSwuvVneOFu/s-l1600.webp,https://i.ebayimg.com/images/g/uPkAAOSwDKtneOFt/s-l1600.webp,https://i.ebayimg.com/images/g/zDkAAOSwLgtneOFt/s-l1600.webp,https://i.ebayimg.com/images/g/GMsAAOSwUHJneOFu/s-l1600.webp,https://i.ebayimg.com/images/g/06wAAOSwKCpneOFq/s-l1600.webp,https://i.ebayimg.com/images/g/Z50AAOSwcV9lsS8K/s-l1600.webp
49,https://i.ebayimg.com/images/g/b9gAAOSw8ktnsHoQ/s-l1600.webp,https://i.ebayimg.com/images/g/cbYAAOSwtt5nsHoQ/s-l1600.webp,https://i.ebayimg.com/images/g/OyIAAOSwzlZnsHoQ/s-l1600.webp,https://i.ebayimg.com/images/g/z3UAAOSwBkdnsHoQ/s-l1600.webp,https://i.ebayimg.com/images/g/PV8AAOSwsVZnsHoe/s-l1600.webp,https://i.ebayimg.com/images/g/dzsAAOSw2a5nsHoW/s-l1600.webp,https://i.ebayimg.com/images/g/b90AAOSw8ktnsHoa/s-l1600.webp,https://i.ebayimg.com/images/g/voYAAOSwordnsHoV/s-l1600.webp,https://i.ebayimg.com/images/g/l5AAAOSwFKFnsHoY/s-l1600.webp,https://i.ebayimg.com/images/g/rtMAAOSwIOtlsS0o/s-l1600.webp
50,https://i.ebayimg.com/images/g/TBkAAOSwwwxn~oVR/s-l1600.webp,https://i.ebayimg.com/images/g/AqwAAOSwzAtn~oVU/s-l1600.webp,https://i.ebayimg.com/images/g/QF0AAOSwuzFn~oVQ/s-l1600.webp,https://i.ebayimg.com/images/g/AqsAAOSwzAtn~oVP/s-l1600.webp,https://i.ebayimg.com/images/g/cq8AAOSw77Zn~oVR/s-l1600.webp,https://i.ebayimg.com/images/g/fHMAAOSwHMdn~oVX/s-l1600.webp,https://i.ebayimg.com/images/g/rWYAAOSwC~hn~oWC/s-l1600.webp,https://i.ebayimg.com/images/g/Z50AAOSwcV9lsS8K/s-l1600.webp
51,https://i.ebayimg.com/images/g/UAsAAOSwwlpnil~8/s-l1600.webp,https://i.ebayimg.com/images/g/GEcAAOSwvYZnil~7/s-l1600.webp,https://i.ebayimg.com/images/g/-7YAAOSwPeJnil~7/s-l1600.webp,https://i.ebayimg.com/images/g/EukAAOSwumBnil~8/s-l1600.webp,https://i.ebayimg.com/images/g/0hwAAOSwn~NnimAE/s-l1600.webp,https://i.ebayimg.com/images/g/b7MAAOSw5OhnimAC/s-l1600.webp,https://i.ebayimg.com/images/g/430AAOSwNchnimAI/s-l1600.webp,https://i.ebayimg.com/images/g/Z50AAOSwcV9lsS8K/s-l1600.webp
52,https://i.ebayimg.com/images/g/mIEAAOSwOTVnBPRm/s-l1600.webp,https://i.ebayimg.com/images/g/JMgAAOSwTWtnBPSA/s-l1600.webp,https://i.ebayimg.com/images/g/t68AAOSwIaZnBPRz/s-l1600.webp,https://i.ebayimg.com/images/g/G20AAOSw3rhnBPRd/s-l1600.webp,https://i.ebayimg.com/images/g/tYsAAOSw1-hnBPSO/s-l1600.webp,https://i.ebayimg.com/images/g/UUEAAOSw981nBPRO/s-l1600.webp,https://i.ebayimg.com/images/g/YT4AAOSwl1BnBPRW/s-l1600.webp,https://i.ebayimg.com/images/g/wpoAAOSwBbZnBPRH/s-l1600.webp,https://i.ebayimg.com/images/g/Z50AAOSwcV9lsS8K/s-l1600.webp
53,https://i.ebayimg.com/images/g/2jUAAOSw6wNnPgwW/s-l1600.webp,https://i.ebayimg.com/images/g/Yj0AAOSw5W1nPgwn/s-l1600.webp,https://i.ebayimg.com/images/g/rtMAAOSwIOtlsS0o/s-l1600.webp
54,https://i.ebayimg.com/images/g/2u4AAOSwGcRnm3vZ/s-l1600.webp,https://i.ebayimg.com/images/g/uc8AAOSw52Rnm3vZ/s-l1600.webp,https://i.ebayimg.com/images/g/CGgAAOSw2fJnm3vc/s-l1600.webp,https://i.ebayimg.com/images/g/DFQAAOSw~OJnm3vX/s-l1600.webp,https://i.ebayimg.com/images/g/nkUAAOSwDYNnm3vY/s-l1600.webp,https://i.ebayimg.com/images/g/Mq4AAOSwRwVnm3vc/s-l1600.webp,https://i.ebayimg.com/images/g/hKIAAOSwEMtnm3va/s-l1600.webp,https://i.ebayimg.com/images/g/7~oAAOSwmwdnm3vY/s-l1600.webp,https://i.ebayimg.com/images/g/ar0AAOSwIGlnm3vX/s-l1600.webp,https://i.ebayimg.com/images/g/7Z4AAOSwtmplsS8H/s-l1600.webp
55,https://i.ebayimg.com/images/g/0kQAAOSw9sVoLNS7/s-l1600.webp,https://i.ebayimg.com/images/g/rtMAAOSwIOtlsS0o/s-l1600.webp
56,https://i.ebayimg.com/images/g/qpgAAOSwkeFm5in6/s-l1600.webp,https://i.ebayimg.com/images/g/r2sAAOSw01xm5in4/s-l1600.webp,https://i.ebayimg.com/images/g/G~4AAOSwUotm5in2/s-l1600.webp,https://i.ebayimg.com/images/g/q5QAAOSwcI9m5in0/s-l1600.webp,https://i.ebayimg.com/images/g/kN4AAOSwaB5m5inw/s-l1600.webp,https://i.ebayimg.com/images/g/OSsAAOSwvD5m5iny/s-l1600.webp,https://i.ebayimg.com/images/g/tgUAAOSwWJRm5inr/s-l1600.webp,https://i.ebayimg.com/images/g/bzQAAOSwkAZm5int/s-l1600.webp,https://i.ebayimg.com/images/g/Z50AAOSwcV9lsS8K/s-l1600.webp
57,https://i.ebayimg.com/images/g/KQ8AAOSwcaJmyL8m/s-l1600.webp,https://i.ebayimg.com/images/g/xY8AAOSwbwhmyL8i/s-l1600.webp,https://i.ebayimg.com/images/g/OQgAAOSwn61myL8S/s-l1600.webp,https://i.ebayimg.com/images/g/i9UAAOSw7tJmyL8a/s-l1600.webp,https://i.ebayimg.com/images/g/LO0AAOSwJ-FmyL8M/s-l1600.webp,https://i.ebayimg.com/images/g/w6gAAOSwolNmyL8W/s-l1600.webp,https://i.ebayimg.com/images/g/z7IAAOSwOkpmyL8Q/s-l1600.webp,https://i.ebayimg.com/images/g/rtMAAOSwIOtlsS0o/s-l1600.webp,https://i.ebayimg.com/images/g/8jsAAOSwBSdmyL9e/s-l1600.webp,https://i.ebayimg.com/images/g/bR4AAOSwaBxmyL9h/s-l1600.webp,https://i.ebayimg.com/images/g/DLEAAOSwdd5myL9l/s-l1600.webp
58,https://i.ebayimg.com/images/g/7SMAAOSw2XZnY--o/s-l1600.webp,https://i.ebayimg.com/images/g/cm0AAOSwHutnY--m/s-l1600.webp,https://i.ebayimg.com/images/g/TCEAAOSwk25nY--o/s-l1600.webp,https://i.ebayimg.com/images/g/Vl4AAOSwE4lnY--o/s-l1600.webp,https://i.ebayimg.com/images/g/CY8AAOSwbh9nY--o/s-l1600.webp,https://i.ebayimg.com/images/g/FHIAAOSw1MVnY--o/s-l1600.webp,https://i.ebayimg.com/images/g/Z50AAOSwcV9lsS8K/s-l1600.webp
59,https://i.ebayimg.com/images/g/RIAAAOSwmCpoJv3~/s-l1600.webp,https://i.ebayimg.com/images/g/u9IAAOSwevpoJv4B/s-l1600.webp,https://i.ebayimg.com/images/g/jGwAAOSw3XRoJv39/s-l1600.webp,https://i.ebayimg.com/images/g/JbQAAOSwI2JoJv4B/s-l1600.webp,https://i.ebayimg.com/images/g/E2IAAOSwCKxoJv3~/s-l1600.webp,https://i.ebayimg.com/images/g/tG8AAOSwHuNoJv3~/s-l1600.webp,https://i.ebayimg.com/images/g/vpIAAOSwgg9oJv3~/s-l1600.webp,https://i.ebayimg.com/images/g/Z50AAOSwcV9lsS8K/s-l1600.webp
60,https://i.ebayimg.com/images/g/7hwAAOSw7Clnqx5O/s-l1600.webp,https://i.ebayimg.com/images/g/fHcAAOSwcw9nqx5X/s-l1600.webp,https://i.ebayimg.com/images/g/H-EAAOSw2Ktnqx5U/s-l1600.webp,https://i.ebayimg.com/images/g/mWgAAOSwILJnqx5X/s-l1600.webp,https://i.ebayimg.com/images/g/JQMAAOSwzdxnqx5X/s-l1600.webp,https://i.ebayimg.com/images/g/w7AAAOSwRS1nqx5U/s-l1600.webp,https://i.ebayimg.com/images/g/VzcAAOSw1Hdnqx6I/s-l1600.webp,https://i.ebayimg.com/images/g/Z50AAOSwcV9lsS8K/s-l1600.webp
61,https://i.ebayimg.com/images/g/e5kAAOSwe6VmOG0X/s-l1600.webp,https://i.ebayimg.com/images/g/Nb4AAOSwFy9mOG0V/s-l1600.webp,https://i.ebayimg.com/images/g/8eQAAOSwx61mOG0Z/s-l1600.webp,https://i.ebayimg.com/images/g/CQQAAOSwzVNmOG0S/s-l1600.webp,https://i.ebayimg.com/images/g/Sc8AAOSwN21mOG0y/s-l1600.webp,https://i.ebayimg.com/images/g/7Z4AAOSwtmplsS8H/s-l1600.webp
62,https://i.ebayimg.com/images/g/7DwAAOSwLZZl0epY/s-l1600.webp,https://i.ebayimg.com/images/g/HlkAAOSwCrRl0epa/s-l1600.webp,https://i.ebayimg.com/images/g/5UYAAOSwEFdl0epe/s-l1600.webp,https://i.ebayimg.com/images/g/Om0AAOSwaHxl0epX/s-l1600.webp,https://i.ebayimg.com/images/g/OhsAAOSwxhRl0epc/s-l1600.webp,https://i.ebayimg.com/images/g/IK4AAOSwZVhl0epV/s-l1600.webp,https://i.ebayimg.com/images/g/ksMAAOSwolll0epT/s-l1600.webp,https://i.ebayimg.com/images/g/JRQAAOSwogRlzMF3/s-l1600.webp
63,https://i.ebayimg.com/images/g/ki0AAOSwiSxnCBMm/s-l1600.webp,https://i.ebayimg.com/images/g/IewAAOSwyHFnCBMk/s-l1600.webp,https://i.ebayimg.com/images/g/O4AAAOSwrvhnCBNA/s-l1600.webp,https://i.ebayimg.com/images/g/37YAAOSwsGlnCBMc/s-l1600.webp,https://i.ebayimg.com/images/g/JRQAAOSwogRlzMF3/s-l1600.webp
64,https://i.ebayimg.com/images/g/Q8EAAOSw6ytm9Zrj/s-l1600.webp,https://i.ebayimg.com/images/g/FZ8AAOSwJiZm9Zrh/s-l1600.webp,https://i.ebayimg.com/images/g/Z50AAOSwcV9lsS8K/s-l1600.webp
65,https://i.ebayimg.com/images/g/TH0AAOSwDuBmvelc/s-l1600.webp,https://i.ebayimg.com/images/g/AAEAAOSwDlVmvelY/s-l1600.webp,https://i.ebayimg.com/images/g/VhkAAOSwMSBmvemW/s-l1600.webp,https://i.ebayimg.com/images/g/CBkAAOSwDmJmvelR/s-l1600.webp,https://i.ebayimg.com/images/g/bL4AAOSwoiRmvemp/s-l1600.webp,https://i.ebayimg.com/images/g/7Z4AAOSwtmplsS8H/s-l1600.webp,https://i.ebayimg.com/images/g/pIwAAOSwZilmvem7/s-l1600.webp,https://i.ebayimg.com/images/g/LPIAAOSwuvFmvem-/s-l1600.webp
66,https://i.ebayimg.com/images/g/vqQAAOSwne1nk0ra/s-l1600.webp,https://i.ebayimg.com/images/g/5I8AAOSwXFhnk0ra/s-l1600.webp,https://i.ebayimg.com/images/g/k1kAAOSweGZnk0ra/s-l1600.webp,https://i.ebayimg.com/images/g/bUwAAOSwyphnk0rZ/s-l1600.webp,https://i.ebayimg.com/images/g/29QAAOSwetxnk0rc/s-l1600.webp,https://i.ebayimg.com/images/g/uGwAAOSwkx1nk0ri/s-l1600.webp,https://i.ebayimg.com/images/g/Z50AAOSwcV9lsS8K/s-l1600.webp
67,https://i.ebayimg.com/images/g/ve8AAOSwpzVmy2RS/s-l1600.webp,https://i.ebayimg.com/images/g/rq8AAOSwxAhmy2RP/s-l1600.webp,https://i.ebayimg.com/images/g/HR8AAOSwDWtmy2RX/s-l1600.webp,https://i.ebayimg.com/images/g/tdkAAOSwn61my2RV/s-l1600.webp,https://i.ebayimg.com/images/g/jCEAAOSw8s5my2RI/s-l1600.webp,https://i.ebayimg.com/images/g/lsYAAOSwO11my2RL/s-l1600.webp,https://i.ebayimg.com/images/g/7Z4AAOSwtmplsS8H/s-l1600.webp
68,https://i.ebayimg.com/images/g/sR0AAOSw2ehm3Y1j/s-l1600.webp,https://i.ebayimg.com/images/g/IYoAAOSwR8lm3Y1x/s-l1600.webp,https://i.ebayimg.com/images/g/F1gAAOSwrypm3Y11/s-l1600.webp,https://i.ebayimg.com/images/g/gxYAAOSwJM9m3Y1m/s-l1600.webp,https://i.ebayimg.com/images/g/PEQAAOSwj8xm3Y1e/s-l1600.webp,https://i.ebayimg.com/images/g/vb0AAOSwRbpm3Y1c/s-l1600.webp,https://i.ebayimg.com/images/g/Z50AAOSwcV9lsS8K/s-l1600.webp
69,https://i.ebayimg.com/images/g/HuoAAOSwRrNn7Aw6/s-l1600.webp,https://i.ebayimg.com/images/g/NDUAAOSwKMJn7Aw7/s-l1600.webp,https://i.ebayimg.com/images/g/0KsAAOSwJ2Zn7Aw6/s-l1600.webp,https://i.ebayimg.com/images/g/bT0AAOSw4cpn7Aw6/s-l1600.webp,https://i.ebayimg.com/images/g/o7sAAOSwS8Jn7Aw6/s-l1600.webp,https://i.ebayimg.com/images/g/0OgAAOSwe5Rn7Aw5/s-l1600.webp,https://i.ebayimg.com/images/g/elEAAOSwrFxn7Aw4/s-l1600.webp,https://i.ebayimg.com/images/g/XVsAAOSwM8dn7Aw9/s-l1600.webp,https://i.ebayimg.com/images/g/DloAAOSw8lBn7Aw~/s-l1600.webp,https://i.ebayimg.com/images/g/Z50AAOSwcV9lsS8K/s-l1600.webp
70,https://i.ebayimg.com/images/g/2OwAAOSwQmBnhIiy/s-l1600.webp,https://i.ebayimg.com/images/g/Za0AAOSwG-lnhIi1/s-l1600.webp,https://i.ebayimg.com/images/g/TjIAAOSw5x9nhIi7/s-l1600.webp,https://i.ebayimg.com/images/g/07cAAOSwSmdnhIi4/s-l1600.webp,https://i.ebayimg.com/images/g/2XAAAOSwKVhnhIi1/s-l1600.webp,https://i.ebayimg.com/images/g/WocAAOSwGUJnhIi0/s-l1600.webp,https://i.ebayimg.com/images/g/6~EAAOSw4VlnhIi2/s-l1600.webp,https://i.ebayimg.com/images/g/rtMAAOSwIOtlsS0o/s-l1600.webp
71,https://i.ebayimg.com/images/g/AosAAOSw1U5nSMrM/s-l1600.webp,https://i.ebayimg.com/images/g/ij4AAOSw9O5nSMrM/s-l1600.webp,https://i.ebayimg.com/images/g/fpIAAOSwM8VnSMrN/s-l1600.webp,https://i.ebayimg.com/images/g/QqwAAOSws1FnSMrK/s-l1600.webp,https://i.ebayimg.com/images/g/8qgAAOSwCJdnSMrM/s-l1600.webp,https://i.ebayimg.com/images/g/Z50AAOSwcV9lsS8K/s-l1600.webp
72,https://i.ebayimg.com/images/g/5DsAAOSwUe1oMe4o/s-l1600.webp,https://i.ebayimg.com/images/g/bZEAAOSw8K9oMe4p/s-l1600.webp,https://i.ebayimg.com/images/g/4tAAAOSwOgFoMe4p/s-l1600.webp,https://i.ebayimg.com/images/g/JyUAAOSw73BoMe4o/s-l1600.webp,https://i.ebayimg.com/images/g/Z50AAOSwcV9lsS8K/s-l1600.webp
73,https://i.ebayimg.com/images/g/0YYAAOSwBYFnrz9E/s-l1600.webp,https://i.ebayimg.com/images/g/H9YAAOSwU8Jnrz9E/s-l1600.webp,https://i.ebayimg.com/images/g/9D0AAOSwwYdnrz9C/s-l1600.webp,https://i.ebayimg.com/images/g/Y-8AAOSw3z5nrz9E/s-l1600.webp,https://i.ebayimg.com/images/g/Z50AAOSwcV9lsS8K/s-l1600.webp
74,https://i.ebayimg.com/images/g/ttAAAOSw81Fmpx-f/s-l1600.webp,https://i.ebayimg.com/images/g/lZkAAOSwxn9mpx-c/s-l1600.webp,https://i.ebayimg.com/images/g/eWEAAOSwcpZmpx-Z/s-l1600.webp,https://i.ebayimg.com/images/g/y7UAAOSwS7hmpx-U/s-l1600.webp,https://i.ebayimg.com/images/g/HPAAAOSwDqtmpx-W/s-l1600.webp,https://i.ebayimg.com/images/g/5OwAAOSwfq9mpx-R/s-l1600.webp,https://i.ebayimg.com/images/g/SCoAAOSwhZNmpx-O/s-l1600.webp,https://i.ebayimg.com/images/g/rtMAAOSwIOtlsS0o/s-l1600.webp
75,https://i.ebayimg.com/images/g/8VgAAOSw6a1m2ciF/s-l1600.webp,https://i.ebayimg.com/images/g/IRUAAOSwn8Nm2che/s-l1600.webp,https://i.ebayimg.com/images/g/WX0AAOSwLl9m2chh/s-l1600.webp,https://i.ebayimg.com/images/g/3QAAAOSwOoZm2ciC/s-l1600.webp,https://i.ebayimg.com/images/g/tQYAAOSwhJxm2ch8/s-l1600.webp,https://i.ebayimg.com/images/g/QR8AAOSwirhm2chT/s-l1600.webp,https://i.ebayimg.com/images/g/1N4AAOSwICRm2cha/s-l1600.webp,https://i.ebayimg.com/images/g/cakAAOSwAfRm2chv/s-l1600.webp,https://i.ebayimg.com/images/g/Z50AAOSwcV9lsS8K/s-l1600.webp
76,https://i.ebayimg.com/images/g/~LkAAOSwxBlmpw-b/s-l1600.webp,https://i.ebayimg.com/images/g/m-sAAOSwhKNmpw-d/s-l1600.webp,https://i.ebayimg.com/images/g/z~YAAOSwV-dmpw-f/s-l1600.webp,https://i.ebayimg.com/images/g/WdUAAOSwBclmpw-h/s-l1600.webp,https://i.ebayimg.com/images/g/mq4AAOSw81Fmpw-k/s-l1600.webp,https://i.ebayimg.com/images/g/XywAAOSwSIpmpw-X/s-l1600.webp,https://i.ebayimg.com/images/g/ZZQAAOSwEFZmpw~C/s-l1600.webp,https://i.ebayimg.com/images/g/Z50AAOSwcV9lsS8K/s-l1600.webp
77,https://i.ebayimg.com/images/g/o7YAAOSwc8RmyiIZ/s-l1600.webp,https://i.ebayimg.com/images/g/in0AAOSwdd5myiIQ/s-l1600.webp,https://i.ebayimg.com/images/g/Qu8AAOSwyZhmyiId/s-l1600.webp,https://i.ebayimg.com/images/g/ahoAAOSwX79myiIO/s-l1600.webp,https://i.ebayimg.com/images/g/y18AAOSwKbtmyiIK/s-l1600.webp,https://i.ebayimg.com/images/g/aCkAAOSwU7BmyiIG/s-l1600.webp,https://i.ebayimg.com/images/g/Z50AAOSwcV9lsS8K/s-l1600.webp
78,https://i.ebayimg.com/images/g/NdQAAOSwiDVn~h9E/s-l1600.webp,https://i.ebayimg.com/images/g/MqAAAOSwcvZn~h9D/s-l1600.webp,https://i.ebayimg.com/images/g/cRwAAOSwVfRn~h9C/s-l1600.webp,https://i.ebayimg.com/images/g/gpkAAOSwJ-Nn~h9F/s-l1600.webp,https://i.ebayimg.com/images/g/WaYAAOSwQ4tn~h9G/s-l1600.webp,https://i.ebayimg.com/images/g/j7wAAOSwGZpn~h87/s-l1600.webp,https://i.ebayimg.com/images/g/AsUAAOSwzktn~h9G/s-l1600.webp,https://i.ebayimg.com/images/g/7Z4AAOSwtmplsS8H/s-l1600.webp
79,https://i.ebayimg.com/images/g/vzoAAOSwZHNn8Cfv/s-l1600.webp,https://i.ebayimg.com/images/g/5cQAAOSwb~Zn8Cfw/s-l1600.webp,https://i.ebayimg.com/images/g/Jh0AAOSwe~Nn8Cfx/s-l1600.webp,https://i.ebayimg.com/images/g/CQQAAOSwmj9n8Cfw/s-l1600.webp,https://i.ebayimg.com/images/g/qyEAAOSw8ztn8Cfw/s-l1600.webp,https://i.ebayimg.com/images/g/bzMAAOSwVRxn8Cfy/s-l1600.webp,https://i.ebayimg.com/images/g/kG4AAOSwHOJn8Cfz/s-l1600.webp,https://i.ebayimg.com/images/g/Z50AAOSwcV9lsS8K/s-l1600.webp
80,https://i.ebayimg.com/images/g/w4IAAOSwwSRnSxRp/s-l1600.webp,https://i.ebayimg.com/images/g/0kcAAOSwIgxnSxRu/s-l1600.webp,https://i.ebayimg.com/images/g/YAsAAOSwfsJnSxRv/s-l1600.webp,https://i.ebayimg.com/images/g/gUwAAOSw~kFnSxRr/s-l1600.webp,https://i.ebayimg.com/images/g/XfcAAOSwMK1nSxRu/s-l1600.webp,https://i.ebayimg.com/images/g/whwAAOSw8wFnSxRu/s-l1600.webp,https://i.ebayimg.com/images/g/FKAAAOSw1H5nSxRu/s-l1600.webp,https://i.ebayimg.com/images/g/Z50AAOSwcV9lsS8K/s-l1600.webp
81,https://i.ebayimg.com/images/g/QkgAAOSwWo1l0yMl/s-l1600.webp,https://i.ebayimg.com/images/g/r4EAAOSw8zhl0yMm/s-l1600.webp,https://i.ebayimg.com/images/g/Ja8AAOSwmvhl0yMj/s-l1600.webp,https://i.ebayimg.com/images/g/GZcAAOSw27Zl0yMe/s-l1600.webp,https://i.ebayimg.com/images/g/CIMAAOSwPetl0yMh/s-l1600.webp,https://i.ebayimg.com/images/g/rtMAAOSwIOtlsS0o/s-l1600.webp
82,https://i.ebayimg.com/images/g/I6sAAOSwCDRmyd51/s-l1600.webp,https://i.ebayimg.com/images/g/WjAAAOSwpyBmyd53/s-l1600.webp,https://i.ebayimg.com/images/g/9N8AAOSwbh9myd6C/s-l1600.webp,https://i.ebayimg.com/images/g/pv0AAOSwgppmyd56/s-l1600.webp,https://i.ebayimg.com/images/g/WFsAAOSwzZFmyd58/s-l1600.webp,https://i.ebayimg.com/images/g/q90AAOSwXYVmyd5-/s-l1600.webp,https://i.ebayimg.com/images/g/5kYAAOSwKElmyd6B/s-l1600.webp,https://i.ebayimg.com/images/g/Z50AAOSwcV9lsS8K/s-l1600.webp,https://i.ebayimg.com/images/g/5fIAAOSwBIVmyd7g/s-l1600.webp,https://i.ebayimg.com/images/g/Ev4AAOSwfrpmyd7m/s-l1600.webp
83,https://i.ebayimg.com/images/g/JbIAAOSw1AZnzTXc/s-l1600.webp,https://i.ebayimg.com/images/g/IjQAAOSwU5xnzTXi/s-l1600.webp,https://i.ebayimg.com/images/g/C0IAAOSwU~ZnzTXd/s-l1600.webp,https://i.ebayimg.com/images/g/MfUAAOSwQGdnzTXc/s-l1600.webp,https://i.ebayimg.com/images/g/rtMAAOSwIOtlsS0o/s-l1600.webp
84,https://i.ebayimg.com/images/g/cnMAAOSwXrpne7Td/s-l1600.webp,https://i.ebayimg.com/images/g/KpUAAOSwo9Bne7Ta/s-l1600.webp,https://i.ebayimg.com/images/g/0kAAAOSwestne7Tj/s-l1600.webp,https://i.ebayimg.com/images/g/4rYAAOSwKZFne7Tf/s-l1600.webp,https://i.ebayimg.com/images/g/Kb0AAOSw~CNne7Tf/s-l1600.webp,https://i.ebayimg.com/images/g/WlUAAOSwV1Fne7Ti/s-l1600.webp,https://i.ebayimg.com/images/g/rtMAAOSwIOtlsS0o/s-l1600.webp
85,https://i.ebayimg.com/images/g/8V8AAOSwpsFne7mR/s-l1600.webp,https://i.ebayimg.com/images/g/YDkAAOSwuu9ne7mS/s-l1600.webp,https://i.ebayimg.com/images/g/YQgAAOSwqppne7mP/s-l1600.webp,https://i.ebayimg.com/images/g/b9cAAOSwJOxne7mR/s-l1600.webp,https://i.ebayimg.com/images/g/skcAAOSw~DJne7mT/s-l1600.webp,https://i.ebayimg.com/images/g/xTkAAOSwTh9ne7mT/s-l1600.webp,https://i.ebayimg.com/images/g/rtMAAOSwIOtlsS0o/s-l1600.webp
86,https://i.ebayimg.com/images/g/bncAAOSwyZhlyQGq/s-l1600.webp,https://i.ebayimg.com/images/g/nuYAAOSw0iRlyQGo/s-l1600.webp,https://i.ebayimg.com/images/g/u2EAAOSwsg5lyQGv/s-l1600.webp,https://i.ebayimg.com/images/g/2isAAOSwooRlyQGs/s-l1600.webp,https://i.ebayimg.com/images/g/jBMAAOSwlYxlyQGx/s-l1600.webp,https://i.ebayimg.com/images/g/3AcAAOSwN6hlyQG1/s-l1600.webp,https://i.ebayimg.com/images/g/iGQAAOSwklhlyQGz/s-l1600.webp,https://i.ebayimg.com/images/g/Z50AAOSwcV9lsS8K/s-l1600.webp
87,https://i.ebayimg.com/images/g/KoUAAOSwBrFn~jLN/s-l1600.webp,https://i.ebayimg.com/images/g/XUkAAOSwp7Rn~jLN/s-l1600.webp,https://i.ebayimg.com/images/g/qfAAAOSwjXJn~jLQ/s-l1600.webp,https://i.ebayimg.com/images/g/IvAAAOSwHDJn~jLM/s-l1600.webp,https://i.ebayimg.com/images/g/7Z4AAOSwtmplsS8H/s-l1600.webp
88,https://i.ebayimg.com/images/g/4fEAAOSwzX5myefr/s-l1600.webp,https://i.ebayimg.com/images/g/hBgAAOSwDqtmyefc/s-l1600.webp,https://i.ebayimg.com/images/g/BFcAAOSwO7pmyefY/s-l1600.webp,https://i.ebayimg.com/images/g/u-UAAOSwgppmyefo/s-l1600.webp,https://i.ebayimg.com/images/g/2fcAAOSw~U9myefk/s-l1600.webp,https://i.ebayimg.com/images/g/AUQAAOSwccZmyefg/s-l1600.webp,https://i.ebayimg.com/images/g/t94AAOSwGvVmyefT/s-l1600.webp,https://i.ebayimg.com/images/g/Z50AAOSwcV9lsS8K/s-l1600.webp
89,https://i.ebayimg.com/images/g/47sAAOSwd0dnj6CH/s-l1600.webp,https://i.ebayimg.com/images/g/hDUAAOSw9FRnj6CG/s-l1600.webp,https://i.ebayimg.com/images/g/woMAAOSwqhBnj6CB/s-l1600.webp,https://i.ebayimg.com/images/g/BuYAAOSwQe9nj6CL/s-l1600.webp,https://i.ebayimg.com/images/g/bLAAAOSwOsVnj6CE/s-l1600.webp,https://i.ebayimg.com/images/g/JIgAAOSw-fpnj6CK/s-l1600.webp,https://i.ebayimg.com/images/g/mNUAAOSw44lnj6CI/s-l1600.webp,https://i.ebayimg.com/images/g/47IAAOSwS~lnj6CF/s-l1600.webp,https://i.ebayimg.com/images/g/klYAAOSw9Idnj6B3/s-l1600.webp,https://i.ebayimg.com/images/g/hFgAAOSwXjNnj6DM/s-l1600.webp,https://i.ebayimg.com/images/g/CyMAAOSw~Qdnj6CD/s-l1600.webp,https://i.ebayimg.com/images/g/Z50AAOSwcV9lsS8K/s-l1600.webp
90,https://i.ebayimg.com/images/g/8DwAAOSw9wxls4ao/s-l1600.webp,https://i.ebayimg.com/images/g/nUkAAOSwy7Rls4al/s-l1600.webp,https://i.ebayimg.com/images/g/63YAAOSwUoZls4am/s-l1600.webp,https://i.ebayimg.com/images/g/1QMAAOSwxitls4aj/s-l1600.webp,https://i.ebayimg.com/images/g/Z50AAOSwcV9lsS8K/s-l1600.webp
91,https://i.ebayimg.com/images/g/aAQAAOSwQS5nUsK-/s-l1600.webp,https://i.ebayimg.com/images/g/XjMAAOSwHVxnUsK8/s-l1600.webp,https://i.ebayimg.com/images/g/G1QAAOSwT~BnUsK9/s-l1600.webp,https://i.ebayimg.com/images/g/FJoAAOSwiXFnUsLB/s-l1600.webp,https://i.ebayimg.com/images/g/lLAAAOSwxb1nUsK~/s-l1600.webp,https://i.ebayimg.com/images/g/S9MAAOSwudtnUsK~/s-l1600.webp,https://i.ebayimg.com/images/g/rtMAAOSwIOtlsS0o/s-l1600.webp
92,https://i.ebayimg.com/images/g/t30AAOSw0LZoKEQv/s-l1600.webp,https://i.ebayimg.com/images/g/p8AAAOSw5oVoKEQy/s-l1600.webp,https://i.ebayimg.com/images/g/QaMAAOSwAGdoKEQ0/s-l1600.webp,https://i.ebayimg.com/images/g/HiQAAOSwYUVoKEQ1/s-l1600.webp,https://i.ebayimg.com/images/g/UYkAAOSwBqpoKEQx/s-l1600.webp,https://i.ebayimg.com/images/g/DekAAOSw5kVoKEQ3/s-l1600.webp,https://i.ebayimg.com/images/g/BUAAAOSwRa9oKEQ0/s-l1600.webp,https://i.ebayimg.com/images/g/Z50AAOSwcV9lsS8K/s-l1600.webp
93,https://i.ebayimg.com/images/g/qMwAAOSwEp1ntHgQ/s-l1600.webp,https://i.ebayimg.com/images/g/Y5wAAOSwnQdntHgZ/s-l1600.webp,https://i.ebayimg.com/images/g/z5AAAOSwDJxntHgS/s-l1600.webp,https://i.ebayimg.com/images/g/Z50AAOSwcV9lsS8K/s-l1600.webp
94,https://i.ebayimg.com/images/g/~~YAAOSwUk9m0bMV/s-l1600.webp,https://i.ebayimg.com/images/g/sWoAAOSw1t9m0bMN/s-l1600.webp,https://i.ebayimg.com/images/g/lnkAAOSwmcpm0bLx/s-l1600.webp,https://i.ebayimg.com/images/g/Qk8AAOSwgGRm0bL8/s-l1600.webp,https://i.ebayimg.com/images/g/04sAAOSwRFtm0bLq/s-l1600.webp,https://i.ebayimg.com/images/g/tGsAAOSwEgFm0bMF/s-l1600.webp,https://i.ebayimg.com/images/g/rtMAAOSwIOtlsS0o/s-l1600.webp
95,https://i.ebayimg.com/images/g/TiIAAOSwhA1mmNxG/s-l1600.webp,https://i.ebayimg.com/images/g/5bEAAOSwae9mmNxC/s-l1600.webp,https://i.ebayimg.com/images/g/oJ8AAOSwExNmmNwq/s-l1600.webp,https://i.ebayimg.com/images/g/ETsAAOSw6zhmmNw-/s-l1600.webp,https://i.ebayimg.com/images/g/BRIAAOSwlQNmmNw7/s-l1600.webp,https://i.ebayimg.com/images/g/ZT4AAOSwbLBmmNwv/s-l1600.webp,https://i.ebayimg.com/images/g/P20AAOSwKdlmmNw2/s-l1600.webp,https://i.ebayimg.com/images/g/-V0AAOSwqVtmmNw4/s-l1600.webp,https://i.ebayimg.com/images/g/aSgAAOSw2l9mmNwy/s-l1600.webp,https://i.ebayimg.com/images/g/JRQAAOSwogRlzMF3/s-l1600.webp,https://i.ebayimg.com/images/g/ATkAAOSwPyxmmNxW/s-l1600.webp,https://i.ebayimg.com/images/g/G4MAAOSwLppmmNxc/s-l1600.webp,https://i.ebayimg.com/images/g/SmcAAOSwNO5mmNxi/s-l1600.webp
96,https://i.ebayimg.com/images/g/ABMAAOSwo-tn2A9k/s-l1600.webp,https://i.ebayimg.com/images/g/rGAAAOSw1XZn2A9l/s-l1600.webp,https://i.ebayimg.com/images/g/VFEAAOSwA0Nn2A9j/s-l1600.webp,https://i.ebayimg.com/images/g/6T8AAOSwaV9n2A9k/s-l1600.webp,https://i.ebayimg.com/images/g/Z50AAOSwcV9lsS8K/s-l1600.webp
97,https://i.ebayimg.com/images/g/rfEAAOSwV0lltOZ3/s-l1600.webp,https://i.ebayimg.com/images/g/wWEAAOSw5KRltOZy/s-l1600.webp,https://i.ebayimg.com/images/g/A8sAAOSw5T1ltOZz/s-l1600.webp,https://i.ebayimg.com/images/g/qgwAAOSwnu9ltOa8/s-l1600.webp,https://i.ebayimg.com/images/g/Z50AAOSwcV9lsS8K/s-l1600.webp
98,https://i.ebayimg.com/images/g/G~IAAOSwgwlmnQXJ/s-l1600.webp,https://i.ebayimg.com/images/g/hZ0AAOSwfQdmnQXP/s-l1600.webp,https://i.ebayimg.com/images/g/3pEAAOSwt1NmnQXL/s-l1600.webp,https://i.ebayimg.com/images/g/aukAAOSwRntmnQXR/s-l1600.webp,https://i.ebayimg.com/images/g/OPIAAOSwxVJmnQXH/s-l1600.webp,https://i.ebayimg.com/images/g/Q~QAAOSwzKdlsS7a/s-l1600.webp
99,https://i.ebayimg.com/images/g/bXAAAOSw1Ttm5jGy/s-l1600.webp,https://i.ebayimg.com/images/g/YFwAAOSwk2Fm5jG0/s-l1600.webp,https://i.ebayimg.com/images/g/vXIAAOSw~A5m5jG2/s-l1600.webp,https://i.ebayimg.com/images/g/~dgAAOSwk9Zm5jGv/s-l1600.webp,https://i.ebayimg.com/images/g/WsUAAOSwgDJm5jGt/s-l1600.webp,https://i.ebayimg.com/images/g/yCsAAOSwgilm5jGp/s-l1600.webp,https://i.ebayimg.com/images/g/nbsAAOSwDDpm5jGr/s-l1600.webp,https://i.ebayimg.com/images/g/cZEAAOSwyNVm5jGn/s-l1600.webp,https://i.ebayimg.com/images/g/Z50AAOSwcV9lsS8K/s-l1600.webp
100,https://i.ebayimg.com/images/g/RmAAAOSwylFnmK5x/s-l1600.webp,https://i.ebayimg.com/images/g/x1MAAOSwK9NnmK5x/s-l1600.webp,https://i.ebayimg.com/images/g/G3kAAOSwbEJnmK5w/s-l1600.webp,https://i.ebayimg.com/images/g/kSYAAOSw7mRnmK5w/s-l1600.webp,https://i.ebayimg.com/images/g/Pm4AAOSwjVdnmK5v/s-l1600.webp,https://i.ebayimg.com/images/g/GCwAAOSwIt9nmK5z/s-l1600.webp,https://i.ebayimg.com/images/g/x4AAAOSwZcBnmK5x/s-l1600.webp,https://i.ebayimg.com/images/g/Z50AAOSwcV9lsS8K/s-l1600.webp
101,https://i.ebayimg.com/images/g/eokAAOSwXM1mZuo4/s-l1600.webp,https://i.ebayimg.com/images/g/z-gAAOSwHtBmZuo7/s-l1600.webp,https://i.ebayimg.com/images/g/zXUAAOSwaVRmZuo1/s-l1600.webp,https://i.ebayimg.com/images/g/jPYAAOSw5PFmZuos/s-l1600.webp,https://i.ebayimg.com/images/g/FKEAAOSwLtFmZuox/s-l1600.webp,https://i.ebayimg.com/images/g/rtMAAOSwIOtlsS0o/s-l1600.webp
102,https://i.ebayimg.com/images/g/2ywAAOSwxlJmIRev/s-l1600.webp,https://i.ebayimg.com/images/g/81QAAOSwrB9mIRex/s-l1600.webp,https://i.ebayimg.com/images/g/agUAAOSwL3pmIRe3/s-l1600.webp,https://i.ebayimg.com/images/g/yXAAAOSwy-lmIRe0/s-l1600.webp,https://i.ebayimg.com/images/g/d7kAAOSwl~lmIRe5/s-l1600.webp,https://i.ebayimg.com/images/g/wjAAAOSw-ulmIRe9/s-l1600.webp,https://i.ebayimg.com/images/g/JRQAAOSwogRlzMF3/s-l1600.webp
103,https://i.ebayimg.com/images/g/9wUAAOSwO6Nnkh~w/s-l1600.webp,https://i.ebayimg.com/images/g/hpwAAOSwR6xnkh~u/s-l1600.webp,https://i.ebayimg.com/images/g/BYQAAOSwgv1nkh~x/s-l1600.webp,https://i.ebayimg.com/images/g/0moAAOSwTgFnkh~u/s-l1600.webp,https://i.ebayimg.com/images/g/W0wAAOSww6dnkh~t/s-l1600.webp,https://i.ebayimg.com/images/g/V2MAAOSwDuNnkiAm/s-l1600.webp,https://i.ebayimg.com/images/g/eqYAAOSwfH9nkiAX/s-l1600.webp,https://i.ebayimg.com/images/g/Z50AAOSwcV9lsS8K/s-l1600.webp
104,https://i.ebayimg.com/images/g/z-IAAOSwk-dn5WK-/s-l1600.webp,https://i.ebayimg.com/images/g/poAAAOSwla9n5WLA/s-l1600.webp,https://i.ebayimg.com/images/g/YokAAOSwaiFn5WK9/s-l1600.webp,https://i.ebayimg.com/images/g/RdgAAOSw9rRn5WK9/s-l1600.webp,https://i.ebayimg.com/images/g/GpsAAOSw3nRn5WLD/s-l1600.webp,https://i.ebayimg.com/images/g/htUAAOSwUT9n5WLA/s-l1600.webp,https://i.ebayimg.com/images/g/Z50AAOSwcV9lsS8K/s-l1600.webp
105,https://i.ebayimg.com/images/g/SFIAAOSwC~xnWqlQ/s-l1600.webp,https://i.ebayimg.com/images/g/mVkAAOSw0bFnWqlS/s-l1600.webp,https://i.ebayimg.com/images/g/P3MAAOSwU3BnWqlP/s-l1600.webp,https://i.ebayimg.com/images/g/er0AAOSwUXBnWqlQ/s-l1600.webp,https://i.ebayimg.com/images/g/Z50AAOSwcV9lsS8K/s-l1600.webp
106,https://i.ebayimg.com/images/g/fLcAAOSwLt9oKFBh/s-l1600.webp,https://i.ebayimg.com/images/g/-0UAAOSwtdpoKFBg/s-l1600.webp,https://i.ebayimg.com/images/g/FSsAAOSwvgZoKFBh/s-l1600.webp,https://i.ebayimg.com/images/g/014AAOSwWb5oKFBj/s-l1600.webp,https://i.ebayimg.com/images/g/BwkAAOSwYSRoKFBj/s-l1600.webp,https://i.ebayimg.com/images/g/Z50AAOSwcV9lsS8K/s-l1600.webp
107,https://i.ebayimg.com/images/g/4r0AAOSwWY5naTaZ/s-l1600.webp,https://i.ebayimg.com/images/g/b6kAAOSwN-lnaTaU/s-l1600.webp,https://i.ebayimg.com/images/g/LhUAAOSwj6ZnaTaa/s-l1600.webp,https://i.ebayimg.com/images/g/ioQAAOSwhFtnaTaZ/s-l1600.webp,https://i.ebayimg.com/images/g/s7gAAOSwICRnaTab/s-l1600.webp,https://i.ebayimg.com/images/g/~8AAAOSwfeZm9Rxf/s-l1600.webp
108,https://i.ebayimg.com/images/g/vvwAAOSwb5JnfnPS/s-l1600.webp,https://i.ebayimg.com/images/g/vQcAAOSwPbtnfnPS/s-l1600.webp,https://i.ebayimg.com/images/g/7doAAOSwOyVnfnPT/s-l1600.webp,https://i.ebayimg.com/images/g/WGMAAOSw3rlnfnPV/s-l1600.webp,https://i.ebayimg.com/images/g/~q8AAOSwolFnfnP0/s-l1600.webp,https://i.ebayimg.com/images/g/Z50AAOSwcV9lsS8K/s-l1600.webp
109,https://i.ebayimg.com/images/g/AosAAOSwaOJn~iQ0/s-l1600.webp,https://i.ebayimg.com/images/g/rKIAAOSw69Jn~iQ0/s-l1600.webp,https://i.ebayimg.com/images/g/yPkAAOSw6XFn~iQ0/s-l1600.webp,https://i.ebayimg.com/images/g/pbEAAOSwzAtn~iQ0/s-l1600.webp,https://i.ebayimg.com/images/g/Ne0AAOSwM6Nn~iQ1/s-l1600.webp,https://i.ebayimg.com/images/g/siwAAOSwLbxn~iQ1/s-l1600.webp,https://i.ebayimg.com/images/g/t9cAAOSwJqVn~iQy/s-l1600.webp,https://i.ebayimg.com/images/g/7Z4AAOSwtmplsS8H/s-l1600.webp
110,https://i.ebayimg.com/images/g/xiUAAOSwB3Rn5WGI/s-l1600.webp,https://i.ebayimg.com/images/g/QKAAAOSwRX1n5WGG/s-l1600.webp,https://i.ebayimg.com/images/g/uA4AAOSwTvBn5WGH/s-l1600.webp,https://i.ebayimg.com/images/g/1jAAAOSwBLhn5WGK/s-l1600.webp,https://i.ebayimg.com/images/g/urMAAOSwOCRn5WGL/s-l1600.webp,https://i.ebayimg.com/images/g/Z50AAOSwcV9lsS8K/s-l1600.webp
111,https://i.ebayimg.com/images/g/z-IAAOSwk-dn5WK-/s-l1600.webp,https://i.ebayimg.com/images/g/poAAAOSwla9n5WLA/s-l1600.webp,https://i.ebayimg.com/images/g/YokAAOSwaiFn5WK9/s-l1600.webp,https://i.ebayimg.com/images/g/RdgAAOSw9rRn5WK9/s-l1600.webp,https://i.ebayimg.com/images/g/GpsAAOSw3nRn5WLD/s-l1600.webp,https://i.ebayimg.com/images/g/htUAAOSwUT9n5WLA/s-l1600.webp,https://i.ebayimg.com/images/g/Z50AAOSwcV9lsS8K/s-l1600.webp
112,https://i.ebayimg.com/images/g/VvUAAOSwAk1lr4XQ/s-l1600.webp,https://i.ebayimg.com/images/g/mZoAAOSwnMNlr4Xg/s-l1600.webp,https://i.ebayimg.com/images/g/WxoAAOSw7DRlr4Xa/s-l1600.webp,https://i.ebayimg.com/images/g/7NQAAOSwMZNlr4XV/s-l1600.webp,https://i.ebayimg.com/images/g/w28AAOSwdVhlr4Xk/s-l1600.webp,https://i.ebayimg.com/images/g/-dwAAOSwE~5lr4W1/s-l1600.webp,https://i.ebayimg.com/images/g/E94AAOSwucVlr4W-/s-l1600.webp,https://i.ebayimg.com/images/g/ptYAAOSwH5plr4XL/s-l1600.webp,https://i.ebayimg.com/images/g/7Z4AAOSwtmplsS8H/s-l1600.webp
113,https://i.ebayimg.com/images/g/gZUAAOSwlexm1gWc/s-l1600.webp,https://i.ebayimg.com/images/g/Id4AAOSw8fpm1gWe/s-l1600.webp,https://i.ebayimg.com/images/g/Ff4AAOSwFaxm1gWl/s-l1600.webp,https://i.ebayimg.com/images/g/H~gAAOSwqFdm1gVw/s-l1600.webp,https://i.ebayimg.com/images/g/SWgAAOSwi49m1gXF/s-l1600.webp,https://i.ebayimg.com/images/g/Z50AAOSwcV9lsS8K/s-l1600.webp
114,https://i.ebayimg.com/images/g/EVMAAOSwKZdnfnHH/s-l1600.webp,https://i.ebayimg.com/images/g/BR8AAOSwsM9nfnHH/s-l1600.webp,https://i.ebayimg.com/images/g/f0EAAOSwQmBnfnHH/s-l1600.webp,https://i.ebayimg.com/images/g/MPkAAOSwp0dnfnHG/s-l1600.webp,https://i.ebayimg.com/images/g/TmUAAOSwqxJnfnHH/s-l1600.webp,https://i.ebayimg.com/images/g/Z50AAOSwcV9lsS8K/s-l1600.webp
115,https://i.ebayimg.com/images/g/xBgAAOSwOYxmyeYs/s-l1600.webp,https://i.ebayimg.com/images/g/kGkAAOSw3admyeYe/s-l1600.webp,https://i.ebayimg.com/images/g/v8sAAOSwqR1myeYv/s-l1600.webp,https://i.ebayimg.com/images/g/zR8AAOSwOkpmyeYo/s-l1600.webp,https://i.ebayimg.com/images/g/M7MAAOSwyJZmyeYa/s-l1600.webp,https://i.ebayimg.com/images/g/FvsAAOSwOmBmyeYT/s-l1600.webp,https://i.ebayimg.com/images/g/p-gAAOSwsTpmyeax/s-l1600.webp,https://i.ebayimg.com/images/g/Z50AAOSwcV9lsS8K/s-l1600.webp
116,https://i.ebayimg.com/images/g/XLUAAOSwnqtmOHDr/s-l1600.webp,https://i.ebayimg.com/images/g/liUAAOSwkyFmOHDh/s-l1600.webp,https://i.ebayimg.com/images/g/sRcAAOSwp9ZmOHDe/s-l1600.webp,https://i.ebayimg.com/images/g/RD0AAOSwn~tmOHDU/s-l1600.webp,https://i.ebayimg.com/images/g/Vt8AAOSwQHlmOHDX/s-l1600.webp,https://i.ebayimg.com/images/g/82AAAOSw-bZmOHDa/s-l1600.webp,https://i.ebayimg.com/images/g/7Z4AAOSwtmplsS8H/s-l1600.webp
117,https://i.ebayimg.com/images/g/fNkAAOSwLP1n~okX/s-l1600.webp,https://i.ebayimg.com/images/g/ujIAAOSw1DVn~okU/s-l1600.webp,https://i.ebayimg.com/images/g/c1sAAOSwhgxn~oka/s-l1600.webp,https://i.ebayimg.com/images/g/xwQAAOSwB7dn~okb/s-l1600.webp,https://i.ebayimg.com/images/g/kvcAAOSwi65n~oka/s-l1600.webp,https://i.ebayimg.com/images/g/ZC8AAOSwW6Rn~okZ/s-l1600.webp,https://i.ebayimg.com/images/g/3r0AAOSwexxn~oka/s-l1600.webp,https://i.ebayimg.com/images/g/XVQAAOSwy-ln~olP/s-l1600.webp,https://i.ebayimg.com/images/g/Z50AAOSwcV9lsS8K/s-l1600.webp
118,https://i.ebayimg.com/images/g/pC0AAOSwuUpnk00x/s-l1600.webp,https://i.ebayimg.com/images/g/wVYAAOSwHNxnk00s/s-l1600.webp,https://i.ebayimg.com/images/g/luoAAOSweGZnk00q/s-l1600.webp,https://i.ebayimg.com/images/g/fYcAAOSwNe5nk00s/s-l1600.webp,https://i.ebayimg.com/images/g/-CgAAOSwFpVnk00t/s-l1600.webp,https://i.ebayimg.com/images/g/5RwAAOSwFCRnk01Z/s-l1600.webp,https://i.ebayimg.com/images/g/yT0AAOSwcbBnk01h/s-l1600.webp,https://i.ebayimg.com/images/g/Z50AAOSwcV9lsS8K/s-l1600.webp
119,https://i.ebayimg.com/images/g/rlUAAOSwB6Vm5p4O/s-l1600.webp,https://i.ebayimg.com/images/g/Q18AAOSw97Rm5p4l/s-l1600.webp,https://i.ebayimg.com/images/g/9S0AAOSw9u9m5p4G/s-l1600.webp,https://i.ebayimg.com/images/g/8AMAAOSwtrhm5p3u/s-l1600.webp,https://i.ebayimg.com/images/g/Z50AAOSwcV9lsS8K/s-l1600.webp
120,https://i.ebayimg.com/images/g/sKsAAOSwb-1mmO75/s-l1600.webp,https://i.ebayimg.com/images/g/ZToAAOSwjspmmO7x/s-l1600.webp,https://i.ebayimg.com/images/g/w8wAAOSwkj1mmO78/s-l1600.webp,https://i.ebayimg.com/images/g/dicAAOSw6eZmmO7u/s-l1600.webp,https://i.ebayimg.com/images/g/ic0AAOSwJj5mmO7r/s-l1600.webp,https://i.ebayimg.com/images/g/5VYAAOSwOhZmmO71/s-l1600.webp,https://i.ebayimg.com/images/g/JRQAAOSwogRlzMF3/s-l1600.webp
121,https://i.ebayimg.com/images/g/YngAAOSw~yJoJ1Rh/s-l1600.webp,https://i.ebayimg.com/images/g/PqsAAOSwzYpoJ1Rf/s-l1600.webp,https://i.ebayimg.com/images/g/fbwAAOSwLyJoJ1Rg/s-l1600.webp,https://i.ebayimg.com/images/g/13EAAOSwZr1oJ1Rm/s-l1600.webp,https://i.ebayimg.com/images/g/bMwAAOSwoFFoJ1Rq/s-l1600.webp,https://i.ebayimg.com/images/g/Z50AAOSwcV9lsS8K/s-l1600.webp
122,https://i.ebayimg.com/images/g/gUcAAOSwwjZmpxZA/s-l1600.webp,https://i.ebayimg.com/images/g/qWYAAOSwhKNmpxY9/s-l1600.webp,https://i.ebayimg.com/images/g/oskAAOSwPkZmpxY8/s-l1600.webp,https://i.ebayimg.com/images/g/Qv0AAOSwtyZmpxY4/s-l1600.webp,https://i.ebayimg.com/images/g/LrQAAOSw5OdmpxY3/s-l1600.webp,https://i.ebayimg.com/images/g/~GkAAOSwPthmpxY1/s-l1600.webp,https://i.ebayimg.com/images/g/Z50AAOSwcV9lsS8K/s-l1600.webp
123,https://i.ebayimg.com/images/g/5u8AAOSwdr5n9ihW/s-l1600.webp,https://i.ebayimg.com/images/g/obEAAOSwSWNn9ihW/s-l1600.webp,https://i.ebayimg.com/images/g/h20AAOSwCcFn9ihW/s-l1600.webp,https://i.ebayimg.com/images/g/ktMAAOSwMohn9ihW/s-l1600.webp,https://i.ebayimg.com/images/g/k3gAAOSwystn9ihV/s-l1600.webp,https://i.ebayimg.com/images/g/Z50AAOSwcV9lsS8K/s-l1600.webp
124,https://i.ebayimg.com/images/g/~PMAAOSwOoZm1EoF/s-l1600.webp,https://i.ebayimg.com/images/g/lncAAOSwk4dm1EoY/s-l1600.webp,https://i.ebayimg.com/images/g/UmQAAOSw0xNm1EoU/s-l1600.webp,https://i.ebayimg.com/images/g/bdMAAOSwO3Bm1EoO/s-l1600.webp,https://i.ebayimg.com/images/g/gX4AAOSwMnBm1EoI/s-l1600.webp,https://i.ebayimg.com/images/g/c8kAAOSwbPxm1EoA/s-l1600.webp,https://i.ebayimg.com/images/g/iUgAAOSwH39m1En9/s-l1600.webp,https://i.ebayimg.com/images/g/Z50AAOSwcV9lsS8K/s-l1600.webp
125,https://i.ebayimg.com/images/g/bNAAAOSw4WVne7bd/s-l1600.webp,https://i.ebayimg.com/images/g/qqcAAOSwitZne7be/s-l1600.webp,https://i.ebayimg.com/images/g/PkcAAOSwuPVne7bc/s-l1600.webp,https://i.ebayimg.com/images/g/zk0AAOSwpgJne7bf/s-l1600.webp,https://i.ebayimg.com/images/g/rtMAAOSwIOtlsS0o/s-l1600.webp
126,https://i.ebayimg.com/images/g/5eMAAOSwglVnY-Z8/s-l1600.webp,https://i.ebayimg.com/images/g/R9oAAOSw-rhnY-Z9/s-l1600.webp,https://i.ebayimg.com/images/g/wu8AAOSwu2ZnY-Z~/s-l1600.webp,https://i.ebayimg.com/images/g/cPMAAOSwMIpnY-Z~/s-l1600.webp,https://i.ebayimg.com/images/g/rMEAAOSws7RnY-Z-/s-l1600.webp,https://i.ebayimg.com/images/g/~8AAAOSwfeZm9Rxf/s-l1600.webp
127,https://i.ebayimg.com/images/g/YAAAAOSwdCJmy1tt/s-l1600.webp,https://i.ebayimg.com/images/g/E-sAAOSwcIZmy1tp/s-l1600.webp,https://i.ebayimg.com/images/g/ZvQAAOSwuhVmy1tm/s-l1600.webp,https://i.ebayimg.com/images/g/Oq8AAOSwRq9my1tk/s-l1600.webp,https://i.ebayimg.com/images/g/940AAOSwlMBmy1th/s-l1600.webp,https://i.ebayimg.com/images/g/7Z4AAOSwtmplsS8H/s-l1600.webp
128,https://i.ebayimg.com/images/g/W9kAAOSwyGdl2jG-/s-l1600.webp,https://i.ebayimg.com/images/g/ayEAAOSwkzpl2jG2/s-l1600.webp,https://i.ebayimg.com/images/g/ne4AAOSwt7Nl2jG6/s-l1600.webp,https://i.ebayimg.com/images/g/ewcAAOSwolll2jGx/s-l1600.webp,https://i.ebayimg.com/images/g/FDoAAOSwrJpl2jID/s-l1600.webp,https://i.ebayimg.com/images/g/-EkAAOSw5mRl2jIO/s-l1600.webp,https://i.ebayimg.com/images/g/7Z4AAOSwtmplsS8H/s-l1600.webp
129,https://i.ebayimg.com/images/g/-R8AAOSwMONnY~CH/s-l1600.webp,https://i.ebayimg.com/images/g/uTsAAOSwv7FnY~CH/s-l1600.webp,https://i.ebayimg.com/images/g/wtIAAOSwkLlnY~CH/s-l1600.webp,https://i.ebayimg.com/images/g/hzkAAOSw9gZnY~CH/s-l1600.webp,https://i.ebayimg.com/images/g/bf0AAOSwudtnY~CG/s-l1600.webp,https://i.ebayimg.com/images/g/oVwAAOSw-YVnY~CI/s-l1600.webp,https://i.ebayimg.com/images/g/Qi4AAOSw-RtnY~C7/s-l1600.webp,https://i.ebayimg.com/images/g/Z50AAOSwcV9lsS8K/s-l1600.webp
130,https://i.ebayimg.com/images/g/PY4AAOSw9X5m9j~s/s-l1600.webp,https://i.ebayimg.com/images/g/UkwAAOSw-eRm9j~p/s-l1600.webp,https://i.ebayimg.com/images/g/rucAAOSwMqpmXSia/s-l1600.webp,https://i.ebayimg.com/images/g/EgUAAOSw~iFmXSiZ/s-l1600.webp,https://i.ebayimg.com/images/g/iWQAAOSw61lmXSiX/s-l1600.webp,https://i.ebayimg.com/images/g/5asAAOSwENtmXSid/s-l1600.webp,https://i.ebayimg.com/images/g/ZDkAAOSwAilmXSic/s-l1600.webp,https://i.ebayimg.com/images/g/~jUAAOSwiZ9mXSib/s-l1600.webp,https://i.ebayimg.com/images/g/cyAAAOSwPJNmXSii/s-l1600.webp,https://i.ebayimg.com/images/g/-PoAAOSwMbtmXSih/s-l1600.webp,https://i.ebayimg.com/images/g/~YEAAOSwrupmXSif/s-l1600.webp,https://i.ebayimg.com/images/g/Z50AAOSwcV9lsS8K/s-l1600.webp,https://i.ebayimg.com/images/g/Qq0AAOSwBAZmXSjb/s-l1600.webp,https://i.ebayimg.com/images/g/PSAAAOSwFUBmXSjh/s-l1600.webp,https://i.ebayimg.com/images/g/faMAAOSwzbtmXSjo/s-l1600.webp,https://i.ebayimg.com/images/g/Q2UAAOSwtNpm9j~4/s-l1600.webp
131,https://i.ebayimg.com/images/g/g3cAAOSwaUVnZppm/s-l1600.webp,https://i.ebayimg.com/images/g/Rn0AAOSwscxnZppi/s-l1600.webp,https://i.ebayimg.com/images/g/nGUAAOSwTiZnZppm/s-l1600.webp,https://i.ebayimg.com/images/g/C7gAAOSwmMNnZppk/s-l1600.webp,https://i.ebayimg.com/images/g/Z50AAOSwcV9lsS8K/s-l1600.webp
132,https://i.ebayimg.com/images/g/biIAAOSw8dJlzLn~/s-l1600.webp,https://i.ebayimg.com/images/g/I5wAAOSwgtxlzLn6/s-l1600.webp,https://i.ebayimg.com/images/g/XiUAAOSwj9VlzLn2/s-l1600.webp,https://i.ebayimg.com/images/g/LbUAAOSwtxhlzLnw/s-l1600.webp,https://i.ebayimg.com/images/g/4aUAAOSwcgtlzLnr/s-l1600.webp,https://i.ebayimg.com/images/g/Z50AAOSwcV9lsS8K/s-l1600.webp
133,https://i.ebayimg.com/images/g/-MoAAOSw3EBnghj1/s-l1600.webp,https://i.ebayimg.com/images/g/6cUAAOSwG8dnghjn/s-l1600.webp,https://i.ebayimg.com/images/g/o~YAAOSwhHdnghjo/s-l1600.webp,https://i.ebayimg.com/images/g/kYwAAOSweTFnghjo/s-l1600.webp,https://i.ebayimg.com/images/g/zkMAAOSwPqBnghjo/s-l1600.webp,https://i.ebayimg.com/images/g/WeEAAOSwf79nghjw/s-l1600.webp,https://i.ebayimg.com/images/g/Pc8AAOSwTbRnghj1/s-l1600.webp,https://i.ebayimg.com/images/g/rtMAAOSwIOtlsS0o/s-l1600.webp
134,https://i.ebayimg.com/images/g/HQ8AAOSwa7dnTvP6/s-l1600.webp,https://i.ebayimg.com/images/g/~1kAAOSwodFnTvP4/s-l1600.webp,https://i.ebayimg.com/images/g/VVUAAOSwbnBnTvP5/s-l1600.webp,https://i.ebayimg.com/images/g/NQAAAOSwj91nTvP-/s-l1600.webp,https://i.ebayimg.com/images/g/kIYAAOSwKuJnTvQk/s-l1600.webp,https://i.ebayimg.com/images/g/XJwAAOSwap5nTvP8/s-l1600.webp,https://i.ebayimg.com/images/g/RlwAAOSwtKNnTvP5/s-l1600.webp,https://i.ebayimg.com/images/g/Z50AAOSwcV9lsS8K/s-l1600.webp
135,https://i.ebayimg.com/images/g/dYcAAOSwiGZnm3oR/s-l1600.webp,https://i.ebayimg.com/images/g/09oAAOSw2QRnm3oR/s-l1600.webp,https://i.ebayimg.com/images/g/InUAAOSwsaJnm3oR/s-l1600.webp,https://i.ebayimg.com/images/g/2rsAAOSw7GFnm3oS/s-l1600.webp,https://i.ebayimg.com/images/g/UiwAAOSwMAVnm3oS/s-l1600.webp,https://i.ebayimg.com/images/g/xJwAAOSwaEJnm3ou/s-l1600.webp,https://i.ebayimg.com/images/g/7Z4AAOSwtmplsS8H/s-l1600.webp
136,https://i.ebayimg.com/images/g/fRkAAOSwffBoKIoO/s-l1600.webp,https://i.ebayimg.com/images/g/-f0AAOSwfRZoKIoL/s-l1600.webp,https://i.ebayimg.com/images/g/qC8AAOSwXA5oKIoL/s-l1600.webp,https://i.ebayimg.com/images/g/hYkAAOSwJrBoKIoI/s-l1600.webp,https://i.ebayimg.com/images/g/aoYAAOSwV0toKIoO/s-l1600.webp,https://i.ebayimg.com/images/g/Z50AAOSwcV9lsS8K/s-l1600.webp
137,https://i.ebayimg.com/images/g/b9gAAOSw8ktnsHoQ/s-l1600.webp,https://i.ebayimg.com/images/g/cbYAAOSwtt5nsHoQ/s-l1600.webp,https://i.ebayimg.com/images/g/OyIAAOSwzlZnsHoQ/s-l1600.webp,https://i.ebayimg.com/images/g/z3UAAOSwBkdnsHoQ/s-l1600.webp,https://i.ebayimg.com/images/g/PV8AAOSwsVZnsHoe/s-l1600.webp,https://i.ebayimg.com/images/g/dzsAAOSw2a5nsHoW/s-l1600.webp,https://i.ebayimg.com/images/g/b90AAOSw8ktnsHoa/s-l1600.webp,https://i.ebayimg.com/images/g/voYAAOSwordnsHoV/s-l1600.webp,https://i.ebayimg.com/images/g/l5AAAOSwFKFnsHoY/s-l1600.webp,https://i.ebayimg.com/images/g/rtMAAOSwIOtlsS0o/s-l1600.webp
138,https://i.ebayimg.com/images/g/JZIAAOSw~6Nm9YwA/s-l1600.webp,https://i.ebayimg.com/images/g/TM8AAOSw5qlm9Yv5/s-l1600.webp,https://i.ebayimg.com/images/g/i0cAAOSw5adm9Yv7/s-l1600.webp,https://i.ebayimg.com/images/g/IksAAOSwoe1m9Yv9/s-l1600.webp,https://i.ebayimg.com/images/g/~8AAAOSwfeZm9Rxf/s-l1600.webp
139,https://i.ebayimg.com/images/g/EJ4AAOSw2p9nvfmS/s-l1600.webp,https://i.ebayimg.com/images/g/1asAAOSwUzJnvfmU/s-l1600.webp,https://i.ebayimg.com/images/g/0CwAAOSwea5nvfmS/s-l1600.webp,https://i.ebayimg.com/images/g/4~QAAOSwnyVnvfmQ/s-l1600.webp,https://i.ebayimg.com/images/g/Uw4AAOSwYU1nvfmS/s-l1600.webp,https://i.ebayimg.com/images/g/W6sAAOSwq5tnvfm6/s-l1600.webp,https://i.ebayimg.com/images/g/PN4AAOSwtHtnvfmS/s-l1600.webp,https://i.ebayimg.com/images/g/Z50AAOSwcV9lsS8K/s-l1600.webp
140,https://i.ebayimg.com/images/g/Bt0AAOSwNu5ntaTj/s-l1600.webp,https://i.ebayimg.com/images/g/NmEAAOSwn0ZntaTj/s-l1600.webp,https://i.ebayimg.com/images/g/7~EAAOSw7a9ntaTn/s-l1600.webp,https://i.ebayimg.com/images/g/dt8AAOSw-6hntaTd/s-l1600.webp,https://i.ebayimg.com/images/g/Hv8AAOSw4ixntaTi/s-l1600.webp,https://i.ebayimg.com/images/g/wZYAAOSw7j1ntaTk/s-l1600.webp,https://i.ebayimg.com/images/g/gq4AAOSwbLNntaTl/s-l1600.webp,https://i.ebayimg.com/images/g/CqUAAOSwURBntaTg/s-l1600.webp,https://i.ebayimg.com/images/g/wxYAAOSwyoJntaTl/s-l1600.webp,https://i.ebayimg.com/images/g/lXoAAOSwzstntaTh/s-l1600.webp,https://i.ebayimg.com/images/g/GEgAAOSwV5pntaTi/s-l1600.webp,https://i.ebayimg.com/images/g/Z50AAOSwcV9lsS8K/s-l1600.webp,https://i.ebayimg.com/images/g/dE0AAOSwdf5ntaTq/s-l1600.webp,https://i.ebayimg.com/images/g/SMUAAOSw~tVntaTv/s-l1600.webp,https://i.ebayimg.com/images/g/5ZoAAOSw9sBntaT0/s-l1600.webp
141,https://i.ebayimg.com/images/g/hk0AAOSwywFmpxO4/s-l1600.webp,https://i.ebayimg.com/images/g/KDIAAOSwuc9mpxO1/s-l1600.webp,https://i.ebayimg.com/images/g/jzgAAOSwlLJmpxOv/s-l1600.webp,https://i.ebayimg.com/images/g/C00AAOSwlpdmpxOz/s-l1600.webp,https://i.ebayimg.com/images/g/wmYAAOSwTSdmpxOr/s-l1600.webp,https://i.ebayimg.com/images/g/Z50AAOSwcV9lsS8K/s-l1600.webp
142,https://i.ebayimg.com/images/g/qSgAAOSwAd9m1FQc/s-l1600.webp,https://i.ebayimg.com/images/g/CcoAAOSw9stm1FP5/s-l1600.webp,https://i.ebayimg.com/images/g/0bkAAOSwWTZm1FQf/s-l1600.webp,https://i.ebayimg.com/images/g/IagAAOSwsTJm1FPx/s-l1600.webp,https://i.ebayimg.com/images/g/o6UAAOSwZzZm1FQG/s-l1600.webp,https://i.ebayimg.com/images/g/~F0AAOSwpGBm1FP1/s-l1600.webp,https://i.ebayimg.com/images/g/9wgAAOSwlvtm1FQD/s-l1600.webp,https://i.ebayimg.com/images/g/A-0AAOSwvIxm1FQA/s-l1600.webp,https://i.ebayimg.com/images/g/Z50AAOSwcV9lsS8K/s-l1600.webp,https://i.ebayimg.com/images/g/zqgAAOSw7SVm1FQI/s-l1600.webp,https://i.ebayimg.com/images/g/vv0AAOSwc3tm1FQc/s-l1600.webp,https://i.ebayimg.com/images/g/rjwAAOSwPLBm1FQb/s-l1600.webp,https://i.ebayimg.com/images/g/ZdUAAOSwwaRm1FQg/s-l1600.webp
143,https://i.ebayimg.com/images/g/tWYAAOSwBIRoJwA7/s-l1600.webp,https://i.ebayimg.com/images/g/YQUAAOSwP~poJwA9/s-l1600.webp,https://i.ebayimg.com/images/g/rBAAAOSwH9toJwA8/s-l1600.webp,https://i.ebayimg.com/images/g/FhkAAOSwCKxoJwA8/s-l1600.webp,https://i.ebayimg.com/images/g/VNIAAOSwYKZoJwA8/s-l1600.webp,https://i.ebayimg.com/images/g/LW0AAOSwhD1oJwA~/s-l1600.webp,https://i.ebayimg.com/images/g/C-0AAOSwNgtoJwA9/s-l1600.webp,https://i.ebayimg.com/images/g/ROkAAOSwCtdoJwA9/s-l1600.webp,https://i.ebayimg.com/images/g/Z50AAOSwcV9lsS8K/s-l1600.webp
144,https://i.ebayimg.com/images/g/4D0AAOSwCedm1sVx/s-l1600.webp,https://i.ebayimg.com/images/g/8bEAAOSwcRRm1sVR/s-l1600.webp,https://i.ebayimg.com/images/g/FL4AAOSwAWBm1sVb/s-l1600.webp,https://i.ebayimg.com/images/g/csEAAOSwu35m1sVV/s-l1600.webp,https://i.ebayimg.com/images/g/EK0AAOSwauNm1sW3/s-l1600.webp,https://i.ebayimg.com/images/g/BqwAAOSwi~Vm1sVu/s-l1600.webp,https://i.ebayimg.com/images/g/Z50AAOSwcV9lsS8K/s-l1600.webp
145,https://i.ebayimg.com/images/g/SlsAAOSwaxZm-S1H/s-l1600.webp,https://i.ebayimg.com/images/g/Sd4AAOSwfphm-S1Y/s-l1600.webp,https://i.ebayimg.com/images/g/jR4AAOSwEB1m-S1T/s-l1600.webp,https://i.ebayimg.com/images/g/3UUAAOSwecdm-S1b/s-l1600.webp,https://i.ebayimg.com/images/g/X0QAAOSwNRNm-S1K/s-l1600.webp,https://i.ebayimg.com/images/g/GMQAAOSwE0xm-S1N/s-l1600.webp,https://i.ebayimg.com/images/g/3XsAAOSwVNVm-S1Q/s-l1600.webp,https://i.ebayimg.com/images/g/Z50AAOSwcV9lsS8K/s-l1600.webp
146,https://i.ebayimg.com/images/g/haIAAOSwgVBlugGR/s-l1600.webp,https://i.ebayimg.com/images/g/QVoAAOSwJ9JlugGy/s-l1600.webp,https://i.ebayimg.com/images/g/ryAAAOSwJwxlugHq/s-l1600.webp,https://i.ebayimg.com/images/g/wcsAAOSwKVZlugH9/s-l1600.webp,https://i.ebayimg.com/images/g/aHoAAOSwqt5lugFn/s-l1600.webp,https://i.ebayimg.com/images/g/9r4AAOSw3DxlugHU/s-l1600.webp,https://i.ebayimg.com/images/g/Z50AAOSwcV9lsS8K/s-l1600.webp
147,https://i.ebayimg.com/images/g/uI0AAOSwrl9nnfOG/s-l1600.webp,https://i.ebayimg.com/images/g/sloAAOSwv6lnnfOG/s-l1600.webp,https://i.ebayimg.com/images/g/QI8AAOSweM5nnfOG/s-l1600.webp,https://i.ebayimg.com/images/g/7S8AAOSw7zZnnfN-/s-l1600.webp,https://i.ebayimg.com/images/g/aYoAAOSwjyBnnfOG/s-l1600.webp,https://i.ebayimg.com/images/g/MtsAAOSwEcxnnfOD/s-l1600.webp,https://i.ebayimg.com/images/g/aBEAAOSw-GdnnfOG/s-l1600.webp,https://i.ebayimg.com/images/g/8cgAAOSwST1nnfOJ/s-l1600.webp,https://i.ebayimg.com/images/g/7Z4AAOSwtmplsS8H/s-l1600.webp
148,https://i.ebayimg.com/images/g/hhQAAOSwAL1nSMZD/s-l1600.webp,https://i.ebayimg.com/images/g/HhcAAOSw~kFnSMZD/s-l1600.webp,https://i.ebayimg.com/images/g/jXkAAOSwlWRnSMZE/s-l1600.webp,https://i.ebayimg.com/images/g/qhcAAOSwYhRnSMZD/s-l1600.webp,https://i.ebayimg.com/images/g/tg0AAOSwLrxnSMZB/s-l1600.webp,https://i.ebayimg.com/images/g/Z50AAOSwcV9lsS8K/s-l1600.webp
149,https://i.ebayimg.com/images/g/~WsAAOSwX49n9jLW/s-l1600.webp,https://i.ebayimg.com/images/g/uwMAAOSwih5n9jLX/s-l1600.webp,https://i.ebayimg.com/images/g/Y04AAOSwdnJn9jLW/s-l1600.webp,https://i.ebayimg.com/images/g/UYUAAOSwmrxn9jLW/s-l1600.webp,https://i.ebayimg.com/images/g/51kAAOSwFHhn9jLV/s-l1600.webp,https://i.ebayimg.com/images/g/FngAAOSwM9Fn9jLZ/s-l1600.webp,https://i.ebayimg.com/images/g/rtMAAOSwIOtlsS0o/s-l1600.webp
150,https://i.ebayimg.com/images/g/qEgAAOSweGZnl4nx/s-l1600.webp,https://i.ebayimg.com/images/g/ROkAAOSwicRnl4nx/s-l1600.webp,https://i.ebayimg.com/images/g/5D8AAOSwhflnl4nw/s-l1600.webp,https://i.ebayimg.com/images/g/~m4AAOSws9Nnl4nx/s-l1600.webp,https://i.ebayimg.com/images/g/01EAAOSwEHNnl4nz/s-l1600.webp,https://i.ebayimg.com/images/g/x6gAAOSwS41nl4ny/s-l1600.webp,https://i.ebayimg.com/images/g/LewAAOSw~z1nl4nz/s-l1600.webp,https://i.ebayimg.com/images/g/Z50AAOSwcV9lsS8K/s-l1600.webp
151,https://i.ebayimg.com/images/g/q~gAAOSwm7tn7oDZ/s-l1600.webp,https://i.ebayimg.com/images/g/~MwAAOSw5CZn7oDb/s-l1600.webp,https://i.ebayimg.com/images/g/n1kAAOSw5tJn7oDc/s-l1600.webp,https://i.ebayimg.com/images/g/Z50AAOSwcV9lsS8K/s-l1600.webp
152,https://i.ebayimg.com/images/g/cIUAAOSwtdVm4FyE/s-l1600.webp,https://i.ebayimg.com/images/g/8uUAAOSw3Sdm4Fx8/s-l1600.webp,https://i.ebayimg.com/images/g/MCQAAOSwh5xm4Fx3/s-l1600.webp,https://i.ebayimg.com/images/g/0qcAAOSwyktm4Fxx/s-l1600.webp,https://i.ebayimg.com/images/g/6xQAAOSwnVtm4Fxj/s-l1600.webp,https://i.ebayimg.com/images/g/0dAAAOSwKZlm4FxY/s-l1600.webp,https://i.ebayimg.com/images/g/mRsAAOSwoj9m4FxN/s-l1600.webp,https://i.ebayimg.com/images/g/rtMAAOSwIOtlsS0o/s-l1600.webp
153,https://i.ebayimg.com/images/g/kAkAAOSwlUBntHBe/s-l1600.webp,https://i.ebayimg.com/images/g/1OMAAOSwNB1ntHBb/s-l1600.webp,https://i.ebayimg.com/images/g/xAQAAOSwyd5ntHBV/s-l1600.webp,https://i.ebayimg.com/images/g/4ccAAOSw8PtntHBY/s-l1600.webp,https://i.ebayimg.com/images/g/AGEAAOSwV~JntHBa/s-l1600.webp,https://i.ebayimg.com/images/g/fKoAAOSwSh5ntHBa/s-l1600.webp,https://i.ebayimg.com/images/g/Z50AAOSwcV9lsS8K/s-l1600.webp
154,https://i.ebayimg.com/images/g/nAgAAOSwB0Bm1FDa/s-l1600.webp,https://i.ebayimg.com/images/g/QzgAAOSwuOdm1FDf/s-l1600.webp,https://i.ebayimg.com/images/g/RAsAAOSwnQdm1FDQ/s-l1600.webp,https://i.ebayimg.com/images/g/gnsAAOSwfVxm1FDV/s-l1600.webp,https://i.ebayimg.com/images/g/NrYAAOSwPzlm1FDF/s-l1600.webp,https://i.ebayimg.com/images/g/A9gAAOSwyVJm1FEA/s-l1600.webp,https://i.ebayimg.com/images/g/Z50AAOSwcV9lsS8K/s-l1600.webp
155,https://i.ebayimg.com/images/g/bTsAAOSwCFdno1~T/s-l1600.webp,https://i.ebayimg.com/images/g/Hx8AAOSw~tZno1~T/s-l1600.webp,https://i.ebayimg.com/images/g/G6EAAOSw649no1~U/s-l1600.webp,https://i.ebayimg.com/images/g/Z6EAAOSwak9no1~V/s-l1600.webp,https://i.ebayimg.com/images/g/gIkAAOSwrftno1~V/s-l1600.webp,https://i.ebayimg.com/images/g/rtMAAOSwIOtlsS0o/s-l1600.webp
156,https://i.ebayimg.com/images/g/fGQAAOSwnqtm5iTV/s-l1600.webp,https://i.ebayimg.com/images/g/Yi4AAOSwQmFm5iTE/s-l1600.webp,https://i.ebayimg.com/images/g/4K8AAOSwQvpm5iTC/s-l1600.webp,https://i.ebayimg.com/images/g/H3sAAOSw0tZm5iTB/s-l1600.webp,https://i.ebayimg.com/images/g/vtwAAOSwXLNm5iS0/s-l1600.webp,https://i.ebayimg.com/images/g/5IwAAOSw-dVm5iS7/s-l1600.webp,https://i.ebayimg.com/images/g/Yy0AAOSwG1Nm5iS-/s-l1600.webp,https://i.ebayimg.com/images/g/ULsAAOSwkntm5iS4/s-l1600.webp,https://i.ebayimg.com/images/g/Z50AAOSwcV9lsS8K/s-l1600.webp
157,https://i.ebayimg.com/images/g/I3EAAOSw10VoEd7x/s-l1600.webp,https://i.ebayimg.com/images/g/m1gAAOSwp91oEd7s/s-l1600.webp,https://i.ebayimg.com/images/g/Ml4AAOSwJlJoEd7x/s-l1600.webp,https://i.ebayimg.com/images/g/KjsAAOSwZ9xoEd7v/s-l1600.webp,https://i.ebayimg.com/images/g/eh0AAOSwbHFoEd7x/s-l1600.webp,https://i.ebayimg.com/images/g/BjIAAOSwH9toEd7y/s-l1600.webp,https://i.ebayimg.com/images/g/7Z4AAOSwtmplsS8H/s-l1600.webp
158,https://i.ebayimg.com/images/g/sB0AAOSwE9ZnzTcL/s-l1600.webp,https://i.ebayimg.com/images/g/IpUAAOSwU5xnzTcK/s-l1600.webp,https://i.ebayimg.com/images/g/DakAAOSwqC5nzTcK/s-l1600.webp,https://i.ebayimg.com/images/g/32wAAOSw-1NnzTcM/s-l1600.webp,https://i.ebayimg.com/images/g/s~EAAOSwB6hnzTcM/s-l1600.webp,https://i.ebayimg.com/images/g/rtMAAOSwIOtlsS0o/s-l1600.webp
159,https://i.ebayimg.com/images/g/qJcAAOSwrmtnl4QV/s-l1600.webp,https://i.ebayimg.com/images/g/GuIAAOSwCCxnl4QV/s-l1600.webp,https://i.ebayimg.com/images/g/lF8AAOSwgqJnl4QU/s-l1600.webp,https://i.ebayimg.com/images/g/Ws4AAOSwastnl4QU/s-l1600.webp,https://i.ebayimg.com/images/g/2dQAAOSw3ypnl4QV/s-l1600.webp,https://i.ebayimg.com/images/g/JbgAAOSwNn9nl4QX/s-l1600.webp,https://i.ebayimg.com/images/g/fAUAAOSwbEJnl4QX/s-l1600.webp,https://i.ebayimg.com/images/g/en0AAOSweOhnl4QW/s-l1600.webp,https://i.ebayimg.com/images/g/rtMAAOSwIOtlsS0o/s-l1600.webp
160,https://i.ebayimg.com/images/g/5O4AAOSwxBtn2BK1/s-l1600.webp,https://i.ebayimg.com/images/g/m6oAAOSwXCdn2BKy/s-l1600.webp,https://i.ebayimg.com/images/g/hxgAAOSwrudn2BK0/s-l1600.webp,https://i.ebayimg.com/images/g/uCQAAOSwW-Zn2BK1/s-l1600.webp,https://i.ebayimg.com/images/g/Z50AAOSwcV9lsS8K/s-l1600.webp
161,https://i.ebayimg.com/images/g/5WAAAOSwAuFnRhGB/s-l1600.webp,https://i.ebayimg.com/images/g/XP0AAOSwU6ZnRhF9/s-l1600.webp,https://i.ebayimg.com/images/g/irEAAOSwwS1nRhGE/s-l1600.webp,https://i.ebayimg.com/images/g/JcAAAOSwAd5nRhGD/s-l1600.webp,https://i.ebayimg.com/images/g/1cgAAOSw8vxnRhGB/s-l1600.webp,https://i.ebayimg.com/images/g/9tgAAOSwXGNnRhGD/s-l1600.webp,https://i.ebayimg.com/images/g/rtMAAOSwIOtlsS0o/s-l1600.webp
162,https://i.ebayimg.com/images/g/67EAAOSw1Z1nYqh1/s-l1600.webp,https://i.ebayimg.com/images/g/OFQAAOSwrwJnYqhz/s-l1600.webp,https://i.ebayimg.com/images/g/pzkAAOSwudtnYqhy/s-l1600.webp,https://i.ebayimg.com/images/g/-YgAAOSw7vJnYqhy/s-l1600.webp,https://i.ebayimg.com/images/g/h-0AAOSwpT5nYqhw/s-l1600.webp,https://i.ebayimg.com/images/g/rtMAAOSwIOtlsS0o/s-l1600.webp
163,https://i.ebayimg.com/images/g/~5AAAOSw4SZnsHwD/s-l1600.webp,https://i.ebayimg.com/images/g/7CAAAOSw6TdnsHwG/s-l1600.webp,https://i.ebayimg.com/images/g/rXAAAOSwwvtnsHwH/s-l1600.webp,https://i.ebayimg.com/images/g/b~gAAOSwWPFnsHwA/s-l1600.webp,https://i.ebayimg.com/images/g/AoMAAOSwFYxnsHwI/s-l1600.webp,https://i.ebayimg.com/images/g/YncAAOSwZqNnsHwG/s-l1600.webp,https://i.ebayimg.com/images/g/SkIAAOSwiiVnsHwI/s-l1600.webp,https://i.ebayimg.com/images/g/rtMAAOSwIOtlsS0o/s-l1600.webp
164,https://i.ebayimg.com/images/g/gTgAAOSw44lnjeuh/s-l1600.webp,https://i.ebayimg.com/images/g/yy0AAOSwIp5njeun/s-l1600.webp,https://i.ebayimg.com/images/g/GtQAAOSw5S5njeun/s-l1600.webp,https://i.ebayimg.com/images/g/Z50AAOSwcV9lsS8K/s-l1600.webp
165,https://i.ebayimg.com/images/g/AX0AAOSw0zdnhIbm/s-l1600.webp,https://i.ebayimg.com/images/g/YL8AAOSw8HNnhIbk/s-l1600.webp,https://i.ebayimg.com/images/g/-V8AAOSwp2dnhIbo/s-l1600.webp,https://i.ebayimg.com/images/g/DlsAAOSwMIVnhIbh/s-l1600.webp,https://i.ebayimg.com/images/g/GykAAOSwZ09nhIbm/s-l1600.webp,https://i.ebayimg.com/images/g/nTEAAOSwmFhnhIbl/s-l1600.webp,https://i.ebayimg.com/images/g/rtMAAOSwIOtlsS0o/s-l1600.webp
166,https://i.ebayimg.com/images/g/7iMAAOSwK-1nYqI1/s-l1600.webp,https://i.ebayimg.com/images/g/iz4AAOSwFUJnYqIy/s-l1600.webp,https://i.ebayimg.com/images/g/HHsAAOSwEU5nYqIy/s-l1600.webp,https://i.ebayimg.com/images/g/LLIAAOSw2TdnYqIw/s-l1600.webp,https://i.ebayimg.com/images/g/7SkAAOSwza5nYqI0/s-l1600.webp,https://i.ebayimg.com/images/g/ekoAAOSwqOpnYqIz/s-l1600.webp,https://i.ebayimg.com/images/g/h80AAOSwIcNnYqI0/s-l1600.webp,https://i.ebayimg.com/images/g/LrYAAOSwyRtnYqI0/s-l1600.webp,https://i.ebayimg.com/images/g/rtMAAOSwIOtlsS0o/s-l1600.webp
167,https://i.ebayimg.com/images/g/oKEAAOSwOLZmvdSr/s-l1600.webp,https://i.ebayimg.com/images/g/BZ4AAOSwsOJmvdSd/s-l1600.webp,https://i.ebayimg.com/images/g/V5EAAOSwiBpmvdSg/s-l1600.webp,https://i.ebayimg.com/images/g/AcEAAOSweoNmvdSa/s-l1600.webp,https://i.ebayimg.com/images/g/ZGMAAOSw7bBmvdSX/s-l1600.webp,https://i.ebayimg.com/images/g/uVkAAOSwwz1mvdST/s-l1600.webp,https://i.ebayimg.com/images/g/SkcAAOSwz99mvdR9/s-l1600.webp,https://i.ebayimg.com/images/g/K7QAAOSwEyVmvdSJ/s-l1600.webp,https://i.ebayimg.com/images/g/7Z4AAOSwtmplsS8H/s-l1600.webp
168,https://i.ebayimg.com/images/g/RlwAAOSwFtFmGk~d/s-l1600.webp,https://i.ebayimg.com/images/g/3FUAAOSwwC1mGk~Z/s-l1600.webp,https://i.ebayimg.com/images/g/-mUAAOSwap1mGk~W/s-l1600.webp,https://i.ebayimg.com/images/g/NEYAAOSw~8ZmGk~Y/s-l1600.webp,https://i.ebayimg.com/images/g/Wn4AAOSwPQpmGk~F/s-l1600.webp,https://i.ebayimg.com/images/g/PJ0AAOSwaDVmGk~H/s-l1600.webp,https://i.ebayimg.com/images/g/kHUAAOSwR9VmGk--/s-l1600.webp,https://i.ebayimg.com/images/g/FnAAAOSwFwJmGk~B/s-l1600.webp,https://i.ebayimg.com/images/g/n5gAAOSw9fJmGk~D/s-l1600.webp,https://i.ebayimg.com/images/g/8TwAAOSwNGBmGk~N/s-l1600.webp,https://i.ebayimg.com/images/g/ZbEAAOSwmDxmGk~Q/s-l1600.webp,https://i.ebayimg.com/images/g/DIUAAOSwpXpmGk~J/s-l1600.webp,https://i.ebayimg.com/images/g/MAYAAOSwohZmGk~L/s-l1600.webp,https://i.ebayimg.com/images/g/Q~QAAOSwzKdlsS7a/s-l1600.webp,https://i.ebayimg.com/images/g/mZwAAOSwVwFmGk~K/s-l1600.webp,https://i.ebayimg.com/images/g/vF0AAOSwEfxmGk~P/s-l1600.webp,https://i.ebayimg.com/images/g/63MAAOSwCstmGk~W/s-l1600.webp
169,https://i.ebayimg.com/images/g/M1oAAOSwCSBncneb/s-l1600.webp,https://i.ebayimg.com/images/g/ftcAAOSwyjdncneb/s-l1600.webp,https://i.ebayimg.com/images/g/068AAOSwmZ5ncnef/s-l1600.webp,https://i.ebayimg.com/images/g/91YAAOSwnaVncneb/s-l1600.webp,https://i.ebayimg.com/images/g/Z50AAOSwcV9lsS8K/s-l1600.webp
170,https://i.ebayimg.com/images/g/tIoAAOSwMHRm673y/s-l1600.webp,https://i.ebayimg.com/images/g/x1IAAOSwOAlm673c/s-l1600.webp,https://i.ebayimg.com/images/g/g2EAAOSw8V5m673B/s-l1600.webp,https://i.ebayimg.com/images/g/dh8AAOSwwwRm672H/s-l1600.webp,https://i.ebayimg.com/images/g/GhkAAOSwkaZm673u/s-l1600.webp,https://i.ebayimg.com/images/g/ID8AAOSwBeNm673m/s-l1600.webp,https://i.ebayimg.com/images/g/2MAAAOSw-oZm673j/s-l1600.webp,https://i.ebayimg.com/images/g/74kAAOSw8YNm675V/s-l1600.webp,https://i.ebayimg.com/images/g/PKsAAOSwORJm671L/s-l1600.webp,https://i.ebayimg.com/images/g/7eEAAOSwhUZm671f/s-l1600.webp,https://i.ebayimg.com/images/g/JRQAAOSwogRlzMF3/s-l1600.webp
171,https://i.ebayimg.com/images/g/U6gAAOSw66Zl1z4e/s-l1600.webp,https://i.ebayimg.com/images/g/T-sAAOSwnJNl1z4d/s-l1600.webp,https://i.ebayimg.com/images/g/g5YAAOSwNoJl1z4a/s-l1600.webp,https://i.ebayimg.com/images/g/sMkAAOSwpVdl1z4Z/s-l1600.webp,https://i.ebayimg.com/images/g/2lsAAOSwVrdl1z4U/s-l1600.webp,https://i.ebayimg.com/images/g/D68AAOSw-GBl1z4X/s-l1600.webp,https://i.ebayimg.com/images/g/b-UAAOSwlwRl1z4R/s-l1600.webp,https://i.ebayimg.com/images/g/Q~QAAOSwzKdlsS7a/s-l1600.webp
172,https://i.ebayimg.com/images/g/wmoAAOSw2Sxmpxlk/s-l1600.webp,https://i.ebayimg.com/images/g/Ww4AAOSwkLFmpxll/s-l1600.webp,https://i.ebayimg.com/images/g/P~MAAOSwtGtmpxli/s-l1600.webp,https://i.ebayimg.com/images/g/MLgAAOSwtXFmpxle/s-l1600.webp,https://i.ebayimg.com/images/g/HoYAAOSwgyVmpxlZ/s-l1600.webp,https://i.ebayimg.com/images/g/zycAAOSwq8Fmpxlc/s-l1600.webp,https://i.ebayimg.com/images/g/Z50AAOSwcV9lsS8K/s-l1600.webp
173,https://i.ebayimg.com/images/g/0JMAAOSwIHJn5WBK/s-l1600.webp,https://i.ebayimg.com/images/g/7lkAAOSwcxVn5WBF/s-l1600.webp,https://i.ebayimg.com/images/g/6dkAAOSwoMln5WBM/s-l1600.webp,https://i.ebayimg.com/images/g/IwAAAOSwLiJn5WBM/s-l1600.webp,https://i.ebayimg.com/images/g/Z50AAOSwcV9lsS8K/s-l1600.webp
174,https://i.ebayimg.com/images/g/kncAAOSwLPZlx2L4/s-l1600.webp,https://i.ebayimg.com/images/g/tx0AAOSw8Wllx2Kz/s-l1600.webp,https://i.ebayimg.com/images/g/ahcAAOSwnW1lx2LS/s-l1600.webp,https://i.ebayimg.com/images/g/1AUAAOSwuNdlx2Kx/s-l1600.webp,https://i.ebayimg.com/images/g/uqwAAOSw26Flx2Kr/s-l1600.webp,https://i.ebayimg.com/images/g/V20AAOSwEodlx2Ko/s-l1600.webp,https://i.ebayimg.com/images/g/wT4AAOSwndBlx2Kg/s-l1600.webp,https://i.ebayimg.com/images/g/9VsAAOSwLMxlx2Km/s-l1600.webp,https://i.ebayimg.com/images/g/73IAAOSw60Rlx2Kc/s-l1600.webp,https://i.ebayimg.com/images/g/5wkAAOSwjvdlx2KS/s-l1600.webp,https://i.ebayimg.com/images/g/JKsAAOSwbBdlx2KQ/s-l1600.webp,https://i.ebayimg.com/images/g/CuYAAOSwWt9lx2KZ/s-l1600.webp,https://i.ebayimg.com/images/g/Z50AAOSwcV9lsS8K/s-l1600.webp,https://i.ebayimg.com/images/g/pr0AAOSwRE5lx2Jv/s-l1600.webp,https://i.ebayimg.com/images/g/kJIAAOSw9ddlx2Jy/s-l1600.webp,https://i.ebayimg.com/images/g/01gAAOSwJaBlx2J4/s-l1600.webp
175,https://i.ebayimg.com/images/g/llQAAOSwGnZnimNw/s-l1600.webp,https://i.ebayimg.com/images/g/ilQAAOSwF5hnimNz/s-l1600.webp,https://i.ebayimg.com/images/g/ypYAAOSwRXpnimNl/s-l1600.webp,https://i.ebayimg.com/images/g/eNYAAOSw1gxnimNp/s-l1600.webp,https://i.ebayimg.com/images/g/NKQAAOSwEp1nimNt/s-l1600.webp,https://i.ebayimg.com/images/g/ha8AAOSwP9lnimN4/s-l1600.webp,https://i.ebayimg.com/images/g/yrwAAOSwRXpnimN5/s-l1600.webp,https://i.ebayimg.com/images/g/Z50AAOSwcV9lsS8K/s-l1600.webp
176,https://i.ebayimg.com/images/g/WqwAAOSwZelmmPIj/s-l1600.webp,https://i.ebayimg.com/images/g/eFcAAOSwQH1mmPIh/s-l1600.webp,https://i.ebayimg.com/images/g/TRwAAOSwyLRmmPIc/s-l1600.webp,https://i.ebayimg.com/images/g/5IoAAOSwmA5mmPIe/s-l1600.webp,https://i.ebayimg.com/images/g/JRQAAOSwogRlzMF3/s-l1600.webp
177,https://i.ebayimg.com/images/g/Fz0AAOSw1EpnzUCp/s-l1600.webp,https://i.ebayimg.com/images/g/MucAAOSwSh1nzUCn/s-l1600.webp,https://i.ebayimg.com/images/g/FuEAAOSwEbxnzUCp/s-l1600.webp,https://i.ebayimg.com/images/g/U6cAAOSwkednzUCq/s-l1600.webp,https://i.ebayimg.com/images/g/XSsAAOSw3NpnzUCp/s-l1600.webp,https://i.ebayimg.com/images/g/rtMAAOSwIOtlsS0o/s-l1600.webp
178,https://i.ebayimg.com/images/g/nGgAAOSwuN5oA8Ef/s-l1600.webp,https://i.ebayimg.com/images/g/FHgAAOSwbepoA8Eo/s-l1600.webp,https://i.ebayimg.com/images/g/w68AAOSw5g5oA8Es/s-l1600.webp,https://i.ebayimg.com/images/g/wOIAAOSw5QZoA8Em/s-l1600.webp,https://i.ebayimg.com/images/g/cg4AAOSwO4toA8Er/s-l1600.webp,https://i.ebayimg.com/images/g/TY4AAOSwZqJoA8Es/s-l1600.webp,https://i.ebayimg.com/images/g/Z50AAOSwcV9lsS8K/s-l1600.webp
179,https://i.ebayimg.com/images/g/KW8AAOSwBkdnuICc/s-l1600.webp,https://i.ebayimg.com/images/g/pToAAOSwQf5nuICZ/s-l1600.webp,https://i.ebayimg.com/images/g/pU4AAOSw6mhnuICo/s-l1600.webp,https://i.ebayimg.com/images/g/cnsAAOSwjThnuICi/s-l1600.webp,https://i.ebayimg.com/images/g/Z50AAOSwcV9lsS8K/s-l1600.webp
180,https://i.ebayimg.com/images/g/QeAAAOSwRr1mgP4M/s-l1600.webp,https://i.ebayimg.com/images/g/7UcAAOSw-YVmgP4L/s-l1600.webp,https://i.ebayimg.com/images/g/QJMAAOSwq49mgP4J/s-l1600.webp,https://i.ebayimg.com/images/g/j7wAAOSwj8JmgP4F/s-l1600.webp,https://i.ebayimg.com/images/g/yNkAAOSwUWFmgP4H/s-l1600.webp,https://i.ebayimg.com/images/g/Z50AAOSwcV9lsS8K/s-l1600.webp
181,https://i.ebayimg.com/images/g/FcoAAOSwJrhm7TZr/s-l1600.webp,https://i.ebayimg.com/images/g/Av4AAOSwTqpm7TZm/s-l1600.webp,https://i.ebayimg.com/images/g/X9QAAOSwpqhm7TZy/s-l1600.webp,https://i.ebayimg.com/images/g/~fYAAOSw7eRm7TZh/s-l1600.webp,https://i.ebayimg.com/images/g/X5YAAOSwpqhm7TZY/s-l1600.webp,https://i.ebayimg.com/images/g/SOQAAOSwq6xm7TZD/s-l1600.webp,https://i.ebayimg.com/images/g/8CYAAOSwD2pm7TZS/s-l1600.webp,https://i.ebayimg.com/images/g/Z50AAOSwcV9lsS8K/s-l1600.webp
182,https://i.ebayimg.com/images/g/85EAAOSwwTNlv9MP/s-l1600.webp,https://i.ebayimg.com/images/g/uJYAAOSw-pNlv9MV/s-l1600.webp,https://i.ebayimg.com/images/g/YBoAAOSwDCRlv9MS/s-l1600.webp,https://i.ebayimg.com/images/g/mQgAAOSwvZZlv9MN/s-l1600.webp,https://i.ebayimg.com/images/g/1EkAAOSw3cxlv9MK/s-l1600.webp,https://i.ebayimg.com/images/g/T1gAAOSwdvJlv9Mz/s-l1600.webp,https://i.ebayimg.com/images/g/kYUAAOSw-p5lv9MI/s-l1600.webp,https://i.ebayimg.com/images/g/etoAAOSwJyFlv9MG/s-l1600.webp,https://i.ebayimg.com/images/g/Z50AAOSwcV9lsS8K/s-l1600.webp
183,https://i.ebayimg.com/images/g/eScAAOSw16pn~k1x/s-l1600.webp,https://i.ebayimg.com/images/g/mlcAAOSwcT5n~k11/s-l1600.webp,https://i.ebayimg.com/images/g/fvMAAOSwrN5n~k11/s-l1600.webp,https://i.ebayimg.com/images/g/BNwAAOSw3v5n~k1w/s-l1600.webp,https://i.ebayimg.com/images/g/K6EAAOSwJ0Rn~k13/s-l1600.webp,https://i.ebayimg.com/images/g/ojAAAOSwYsVn~k2q/s-l1600.webp,https://i.ebayimg.com/images/g/Z50AAOSwcV9lsS8K/s-l1600.webp
184,https://i.ebayimg.com/images/g/oKoAAOSwDiFoFkGh/s-l1600.webp,https://i.ebayimg.com/images/g/ofQAAOSwnupoFkGg/s-l1600.webp,https://i.ebayimg.com/images/g/4tAAAOSw-TZoFkGa/s-l1600.webp,https://i.ebayimg.com/images/g/J4YAAOSwL4NoFkGd/s-l1600.webp,https://i.ebayimg.com/images/g/BgAAAOSwg-doFkGj/s-l1600.webp,https://i.ebayimg.com/images/g/sjcAAOSwE-FoFkGd/s-l1600.webp,https://i.ebayimg.com/images/g/Z50AAOSwcV9lsS8K/s-l1600.webp
185,https://i.ebayimg.com/images/g/Fa8AAOSw4tZncnW3/s-l1600.webp,https://i.ebayimg.com/images/g/kRAAAOSwEqhncnW5/s-l1600.webp,https://i.ebayimg.com/images/g/dQ0AAOSwayNncnXh/s-l1600.webp,https://i.ebayimg.com/images/g/Z50AAOSwcV9lsS8K/s-l1600.webp
186,https://i.ebayimg.com/images/g/mvgAAOSwsUFnxyEY/s-l1600.webp,https://i.ebayimg.com/images/g/NiIAAOSwp8hnxyEK/s-l1600.webp,https://i.ebayimg.com/images/g/j8QAAOSwP9BnxyEU/s-l1600.webp,https://i.ebayimg.com/images/g/WAEAAOSwHhtnxyET/s-l1600.webp,https://i.ebayimg.com/images/g/nBgAAOSwoNxnxyEQ/s-l1600.webp,https://i.ebayimg.com/images/g/mAcAAOSwHQJnxyET/s-l1600.webp,https://i.ebayimg.com/images/g/L-QAAOSw~DNnxyEQ/s-l1600.webp,https://i.ebayimg.com/images/g/8N4AAOSw4JpnxyET/s-l1600.webp,https://i.ebayimg.com/images/g/rtMAAOSwIOtlsS0o/s-l1600.webp
187,https://i.ebayimg.com/images/g/rQkAAOSwvg1lyhW4/s-l1600.webp,https://i.ebayimg.com/images/g/hKQAAOSwMGNlyhW6/s-l1600.webp,https://i.ebayimg.com/images/g/E4IAAOSwSxxlyhW8/s-l1600.webp,https://i.ebayimg.com/images/g/hbMAAOSwlfZlyhW2/s-l1600.webp,https://i.ebayimg.com/images/g/2p0AAOSwofFlyhWw/s-l1600.webp,https://i.ebayimg.com/images/g/bV8AAOSwX1NlyhW0/s-l1600.webp,https://i.ebayimg.com/images/g/prQAAOSwUJllyhWq/s-l1600.webp,https://i.ebayimg.com/images/g/A-4AAOSwNSdlyhWl/s-l1600.webp,https://i.ebayimg.com/images/g/Z50AAOSwcV9lsS8K/s-l1600.webp
188,https://i.ebayimg.com/images/g/JEYAAOSwFXNmnP4L/s-l1600.webp,https://i.ebayimg.com/images/g/5W4AAOSwiiFmnP4R/s-l1600.webp,https://i.ebayimg.com/images/g/yGoAAOSwdrxmnP39/s-l1600.webp,https://i.ebayimg.com/images/g/yxgAAOSwSdlmnP4O/s-l1600.webp,https://i.ebayimg.com/images/g/pd4AAOSwaPNmnP37/s-l1600.webp,https://i.ebayimg.com/images/g/6VoAAOSwV-BnaScF/s-l1600.webp,https://i.ebayimg.com/images/g/VwoAAOSwBmJmnP33/s-l1600.webp,https://i.ebayimg.com/images/g/Q~QAAOSwzKdlsS7a/s-l1600.webp
189,https://i.ebayimg.com/images/g/sQcAAOSwrxJoFkC7/s-l1600.webp,https://i.ebayimg.com/images/g/SfkAAOSwbOpoFkDA/s-l1600.webp,https://i.ebayimg.com/images/g/9NAAAOSwiztoFkC-/s-l1600.webp,https://i.ebayimg.com/images/g/OfsAAOSwS1NoFkDA/s-l1600.webp,https://i.ebayimg.com/images/g/Z50AAOSwcV9lsS8K/s-l1600.webp
190,https://i.ebayimg.com/images/g/obYAAOSwwKhnmLBc/s-l1600.webp,https://i.ebayimg.com/images/g/G-MAAOSwY2VnmLBc/s-l1600.webp,https://i.ebayimg.com/images/g/oLsAAOSw5DFnmLBb/s-l1600.webp,https://i.ebayimg.com/images/g/0gEAAOSw1WRnmLBf/s-l1600.webp,https://i.ebayimg.com/images/g/h9UAAOSwmZxnmLBd/s-l1600.webp,https://i.ebayimg.com/images/g/Z50AAOSwcV9lsS8K/s-l1600.webp
191,https://i.ebayimg.com/images/g/dSAAAOSwBqpoKIzt/s-l1600.webp,https://i.ebayimg.com/images/g/NC8AAOSwpu9oKIzi/s-l1600.webp,https://i.ebayimg.com/images/g/fFIAAOSw269oKIzi/s-l1600.webp,https://i.ebayimg.com/images/g/hbEAAOSwjlNoKIzr/s-l1600.webp,https://i.ebayimg.com/images/g/MJMAAOSw1EFoKIzp/s-l1600.webp,https://i.ebayimg.com/images/g/Z50AAOSwcV9lsS8K/s-l1600.webp
192,https://i.ebayimg.com/images/g/69IAAOSwJLlnGhCH/s-l1600.webp,https://i.ebayimg.com/images/g/GYEAAOSwgzFnGhCG/s-l1600.webp,https://i.ebayimg.com/images/g/5hcAAOSw6fFnGhCG/s-l1600.webp,https://i.ebayimg.com/images/g/~30AAOSwkFBnGhCI/s-l1600.webp,https://i.ebayimg.com/images/g/g3sAAOSwxo5nGhCA/s-l1600.webp,https://i.ebayimg.com/images/g/0jIAAOSw2llnGhCG/s-l1600.webp,https://i.ebayimg.com/images/g/~EQAAOSwFP9nGhCG/s-l1600.webp,https://i.ebayimg.com/images/g/Z50AAOSwcV9lsS8K/s-l1600.webp
193,https://i.ebayimg.com/images/g/xA0AAOSwtVJmR6X-/s-l1600.webp,https://i.ebayimg.com/images/g/LFkAAOSwsPBmR6YA/s-l1600.webp,https://i.ebayimg.com/images/g/njwAAOSwKo9mR6YC/s-l1600.webp,https://i.ebayimg.com/images/g/dg8AAOSw~DJmR6X6/s-l1600.webp,https://i.ebayimg.com/images/g/bjcAAOSw4qlmR6Xz/s-l1600.webp,https://i.ebayimg.com/images/g/BygAAOSwwRFmR6Yo/s-l1600.webp,https://i.ebayimg.com/images/g/JRQAAOSwogRlzMF3/s-l1600.webp
194,https://i.ebayimg.com/images/g/vVYAAOSwEi9l2bJ6/s-l1600.webp,https://i.ebayimg.com/images/g/vmIAAOSwsJxl2bJ-/s-l1600.webp,https://i.ebayimg.com/images/g/JKEAAOSwjjtl2bJ8/s-l1600.webp,https://i.ebayimg.com/images/g/NpAAAOSwqRVl2bJ4/s-l1600.webp,https://i.ebayimg.com/images/g/19EAAOSwQ4Nl2bKY/s-l1600.webp,https://i.ebayimg.com/images/g/7Z4AAOSwtmplsS8H/s-l1600.webp
195,https://i.ebayimg.com/images/g/Id8AAOSwHLpnRxNF/s-l1600.webp,https://i.ebayimg.com/images/g/yIwAAOSw4vVnRxNG/s-l1600.webp,https://i.ebayimg.com/images/g/Z50AAOSwcV9lsS8K/s-l1600.webp
196,https://i.ebayimg.com/images/g/h5EAAOSw2kpmR7XJ/s-l1600.webp,https://i.ebayimg.com/images/g/v7oAAOSwNutmR7XL/s-l1600.webp,https://i.ebayimg.com/images/g/QjYAAOSwqrZmR7XG/s-l1600.webp,https://i.ebayimg.com/images/g/NW8AAOSwgVhmR7XD/s-l1600.webp,https://i.ebayimg.com/images/g/TJ8AAOSw-2lmR7Xe/s-l1600.webp,https://i.ebayimg.com/images/g/bb0AAOSwEuZmR7XC/s-l1600.webp,https://i.ebayimg.com/images/g/JRQAAOSwogRlzMF3/s-l1600.webp
197,https://i.ebayimg.com/images/g/LCMAAOSwNL5lv9Uo/s-l1600.webp,https://i.ebayimg.com/images/g/7fwAAOSwU35lv9Um/s-l1600.webp,https://i.ebayimg.com/images/g/2zUAAOSwsJJlv9Uk/s-l1600.webp,https://i.ebayimg.com/images/g/tDIAAOSwO3hlv9Ui/s-l1600.webp,https://i.ebayimg.com/images/g/hwYAAOSwARxlv9Uf/s-l1600.webp,https://i.ebayimg.com/images/g/7PgAAOSw4kFlv9Ud/s-l1600.webp,https://i.ebayimg.com/images/g/Z50AAOSwcV9lsS8K/s-l1600.webp
198,https://i.ebayimg.com/images/g/Vd8AAOSwGyVm7Tf6/s-l1600.webp,https://i.ebayimg.com/images/g/99EAAOSwO~dm7Tfv/s-l1600.webp,https://i.ebayimg.com/images/g/pD0AAOSwPMNm7Tfy/s-l1600.webp,https://i.ebayimg.com/images/g/Y8IAAOSwk3Zm7Tfj/s-l1600.webp,https://i.ebayimg.com/images/g/B2EAAOSwk9Rm7TgP/s-l1600.webp,https://i.ebayimg.com/images/g/Z50AAOSwcV9lsS8K/s-l1600.webp
199,https://i.ebayimg.com/images/g/OWgAAOSw6OtneVh0/s-l1600.webp,https://i.ebayimg.com/images/g/sTcAAOSwexlneVhx/s-l1600.webp,https://i.ebayimg.com/images/g/lEMAAOSw~bxneVhy/s-l1600.webp,https://i.ebayimg.com/images/g/FZcAAOSw7XBneVhz/s-l1600.webp,https://i.ebayimg.com/images/g/hyMAAOSwPlNneVhx/s-l1600.webp,https://i.ebayimg.com/images/g/BX0AAOSw8odneVhx/s-l1600.webp,https://i.ebayimg.com/images/g/e2YAAOSwji1neVhw/s-l1600.webp,https://i.ebayimg.com/images/g/yKYAAOSwARNneVhy/s-l1600.webp,https://i.ebayimg.com/images/g/EpkAAOSwzahneVhy/s-l1600.webp,https://i.ebayimg.com/images/g/Z50AAOSwcV9lsS8K/s-l1600.webp
200,https://i.ebayimg.com/images/g/z9YAAOSwK6tn4Z8T/s-l1600.webp,https://i.ebayimg.com/images/g/VqQAAOSwC8ln4Z8U/s-l1600.webp,https://i.ebayimg.com/images/g/C~IAAOSw8Kxn4Z8Y/s-l1600.webp,https://i.ebayimg.com/images/g/g60AAOSwLedn4Z8Q/s-l1600.webp,https://i.ebayimg.com/images/g/f3sAAOSw7A9n4Z8V/s-l1600.webp,https://i.ebayimg.com/images/g/4rwAAOSwcqRn4Z8S/s-l1600.webp,https://i.ebayimg.com/images/g/pHIAAOSwRBZn4Z8V/s-l1600.webp,https://i.ebayimg.com/images/g/9toAAOSwOYtn4Z8O/s-l1600.webp,https://i.ebayimg.com/images/g/Z50AAOSwcV9lsS8K/s-l1600.webp
201,https://i.ebayimg.com/images/g/PLsAAOSwvCtlvkEs/s-l1600.webp,https://i.ebayimg.com/images/g/cT0AAOSw~kBlvkD1/s-l1600.webp,https://i.ebayimg.com/images/g/QOIAAOSwxVplvkD7/s-l1600.webp,https://i.ebayimg.com/images/g/V8cAAOSwr3FlvkD4/s-l1600.webp,https://i.ebayimg.com/images/g/rtMAAOSwIOtlsS0o/s-l1600.webp,https://i.ebayimg.com/images/g/CB8AAOSwP8NlvkE2/s-l1600.webp,https://i.ebayimg.com/images/g/8tIAAOSw54tlvkFU/s-l1600.webp
202,https://i.ebayimg.com/images/g/0RMAAOSw3JFn3C7D/s-l1600.webp,https://i.ebayimg.com/images/g/lTwAAOSw6Spn3C69/s-l1600.webp,https://i.ebayimg.com/images/g/yq0AAOSwk4Bn3C69/s-l1600.webp,https://i.ebayimg.com/images/g/7Z4AAOSwtmplsS8H/s-l1600.webp
203,https://i.ebayimg.com/images/g/E7gAAOSwhCRm5a3y/s-l1600.webp,https://i.ebayimg.com/images/g/OCcAAOSw~ytm5a30/s-l1600.webp,https://i.ebayimg.com/images/g/WrgAAOSwJXhm5a32/s-l1600.webp,https://i.ebayimg.com/images/g/fl8AAOSwzUBm5a3r/s-l1600.webp,https://i.ebayimg.com/images/g/N~EAAOSw~qJm5a3u/s-l1600.webp,https://i.ebayimg.com/images/g/s0cAAOSwcNFm5a5d/s-l1600.webp,https://i.ebayimg.com/images/g/DFMAAOSw2ehm5a3i/s-l1600.webp,https://i.ebayimg.com/images/g/qq8AAOSw~Jhm5a49/s-l1600.webp
204,https://i.ebayimg.com/images/g/xzsAAOSw1~VnGgoX/s-l1600.webp,https://i.ebayimg.com/images/g/KC4AAOSw9HtnGgoX/s-l1600.webp,https://i.ebayimg.com/images/g/4xIAAOSw0eFnGgoX/s-l1600.webp,https://i.ebayimg.com/images/g/BZ0AAOSwL4NnGgoX/s-l1600.webp,https://i.ebayimg.com/images/g/f0wAAOSwy61nGgoV/s-l1600.webp,https://i.ebayimg.com/images/g/RsIAAOSwDsZnGgoX/s-l1600.webp,https://i.ebayimg.com/images/g/42UAAOSwldtnGgoX/s-l1600.webp,https://i.ebayimg.com/images/g/Z50AAOSwcV9lsS8K/s-l1600.webp
205,https://i.ebayimg.com/images/g/4S0AAOSwrRFngSIa/s-l1600.webp,https://i.ebayimg.com/images/g/ZTEAAOSwgPRngSIc/s-l1600.webp,https://i.ebayimg.com/images/g/xbgAAOSwoelngSIc/s-l1600.webp,https://i.ebayimg.com/images/g/nocAAOSwjOVngSIc/s-l1600.webp,https://i.ebayimg.com/images/g/XvkAAOSwBAVngSIc/s-l1600.webp,https://i.ebayimg.com/images/g/Z50AAOSwcV9lsS8K/s-l1600.webp
206,https://i.ebayimg.com/images/g/ZVQAAOSwJcpoFNhl/s-l1600.webp,https://i.ebayimg.com/images/g/TJcAAOSwFKxoFNhr/s-l1600.webp,https://i.ebayimg.com/images/g/79UAAOSw2SloFNjQ/s-l1600.webp,https://i.ebayimg.com/images/g/sPgAAOSwyQNoFNhr/s-l1600.webp,https://i.ebayimg.com/images/g/Z50AAOSwcV9lsS8K/s-l1600.webp
207,https://i.ebayimg.com/images/g/AosAAOSwaOJn~iQ0/s-l1600.webp,https://i.ebayimg.com/images/g/rKIAAOSw69Jn~iQ0/s-l1600.webp,https://i.ebayimg.com/images/g/yPkAAOSw6XFn~iQ0/s-l1600.webp,https://i.ebayimg.com/images/g/pbEAAOSwzAtn~iQ0/s-l1600.webp,https://i.ebayimg.com/images/g/Ne0AAOSwM6Nn~iQ1/s-l1600.webp,https://i.ebayimg.com/images/g/siwAAOSwLbxn~iQ1/s-l1600.webp,https://i.ebayimg.com/images/g/t9cAAOSwJqVn~iQy/s-l1600.webp,https://i.ebayimg.com/images/g/7Z4AAOSwtmplsS8H/s-l1600.webp
208,https://i.ebayimg.com/images/g/h~UAAOSwO6plu73E/s-l1600.webp,https://i.ebayimg.com/images/g/xz8AAOSwv~Nlu73B/s-l1600.webp,https://i.ebayimg.com/images/g/qz8AAOSwOptlu729/s-l1600.webp,https://i.ebayimg.com/images/g/-88AAOSwxk1lu72~/s-l1600.webp,https://i.ebayimg.com/images/g/QP4AAOSwktRlu727/s-l1600.webp,https://i.ebayimg.com/images/g/HLoAAOSwLctlu723/s-l1600.webp,https://i.ebayimg.com/images/g/mVcAAOSwNLVlu72y/s-l1600.webp,https://i.ebayimg.com/images/g/Z50AAOSwcV9lsS8K/s-l1600.webp
209,https://i.ebayimg.com/images/g/7o8AAOSwDWJnY-ul/s-l1600.webp,https://i.ebayimg.com/images/g/W6oAAOSw9hJnY-ul/s-l1600.webp,https://i.ebayimg.com/images/g/YtQAAOSwSZJnY-uk/s-l1600.webp,https://i.ebayimg.com/images/g/5Z0AAOSw2XZnY-ul/s-l1600.webp,https://i.ebayimg.com/images/g/u4gAAOSwngpnY-ul/s-l1600.webp,https://i.ebayimg.com/images/g/6twAAOSwwZdnY-ul/s-l1600.webp,https://i.ebayimg.com/images/g/Z50AAOSwcV9lsS8K/s-l1600.webp
210,https://i.ebayimg.com/images/g/NwgAAOSw72lmQ1-W/s-l1600.webp,https://i.ebayimg.com/images/g/-MwAAOSwVk1mQ1-U/s-l1600.webp,https://i.ebayimg.com/images/g/auUAAOSwO89mQ1-a/s-l1600.webp,https://i.ebayimg.com/images/g/VXQAAOSwizlmQ1-Q/s-l1600.webp,https://i.ebayimg.com/images/g/LygAAOSw-pBmQ1-S/s-l1600.webp,https://i.ebayimg.com/images/g/N38AAOSw4uBmQ1-O/s-l1600.webp,https://i.ebayimg.com/images/g/RL4AAOSwjD5mQ1-x/s-l1600.webp,https://i.ebayimg.com/images/g/5VIAAOSw2DlmQ1-M/s-l1600.webp,https://i.ebayimg.com/images/g/rtMAAOSwIOtlsS0o/s-l1600.webp
211,https://i.ebayimg.com/images/g/YQcAAOSw0gZnpbQL/s-l1600.webp,https://i.ebayimg.com/images/g/qrMAAOSwBohnpbQU/s-l1600.webp,https://i.ebayimg.com/images/g/4ZsAAOSwbQlnpbQR/s-l1600.webp,https://i.ebayimg.com/images/g/4SkAAOSwAKlnpbQQ/s-l1600.webp,https://i.ebayimg.com/images/g/rtMAAOSwIOtlsS0o/s-l1600.webp
212,https://i.ebayimg.com/images/g/qisAAOSwDJdn8Crf/s-l1600.webp,https://i.ebayimg.com/images/g/WHMAAOSwMzBn8Crf/s-l1600.webp,https://i.ebayimg.com/images/g/bCgAAOSwpkdn8Cre/s-l1600.webp,https://i.ebayimg.com/images/g/3rsAAOSwjyln8Crf/s-l1600.webp,https://i.ebayimg.com/images/g/dhIAAOSwKZtn8Crg/s-l1600.webp,https://i.ebayimg.com/images/g/jxgAAOSw2oBn8CsZ/s-l1600.webp,https://i.ebayimg.com/images/g/yDAAAOSwK8Jn8CsY/s-l1600.webp,https://i.ebayimg.com/images/g/Z50AAOSwcV9lsS8K/s-l1600.webp
213,https://i.ebayimg.com/images/g/wRIAAOSwGTRmXSzZ/s-l1600.webp,https://i.ebayimg.com/images/g/avUAAOSwdOFmXSzD/s-l1600.webp,https://i.ebayimg.com/images/g/8vAAAOSwMCVmXSzQ/s-l1600.webp,https://i.ebayimg.com/images/g/k~YAAOSwxjtmXSym/s-l1600.webp,https://i.ebayimg.com/images/g/aPwAAOSwEthmXSy9/s-l1600.webp,https://i.ebayimg.com/images/g/Z50AAOSwcV9lsS8K/s-l1600.webp
214,https://i.ebayimg.com/images/g/LqQAAOSw-dFm4EMo/s-l1600.webp,https://i.ebayimg.com/images/g/eKQAAOSwPjFm4EMv/s-l1600.webp,https://i.ebayimg.com/images/g/NTAAAOSwxXdm4EMs/s-l1600.webp,https://i.ebayimg.com/images/g/wWgAAOSwvIZm4EMj/s-l1600.webp,https://i.ebayimg.com/images/g/nqsAAOSwDKFm4EMf/s-l1600.webp,https://i.ebayimg.com/images/g/Z50AAOSwcV9lsS8K/s-l1600.webp
215,https://i.ebayimg.com/images/g/CcAAAOSw2gVnilxF/s-l1600.webp,https://i.ebayimg.com/images/g/TY4AAOSwcf5nilw5/s-l1600.webp,https://i.ebayimg.com/images/g/K20AAOSwjepnilxA/s-l1600.webp,https://i.ebayimg.com/images/g/K~UAAOSwsXtnilw2/s-l1600.webp,https://i.ebayimg.com/images/g/jK8AAOSwcsZnilxE/s-l1600.webp,https://i.ebayimg.com/images/g/MokAAOSwS2JnilxD/s-l1600.webp,https://i.ebayimg.com/images/g/P-YAAOSwLPJnilxE/s-l1600.webp,https://i.ebayimg.com/images/g/2vYAAOSwWeRnilxJ/s-l1600.webp,https://i.ebayimg.com/images/g/Z50AAOSwcV9lsS8K/s-l1600.webp
216,https://i.ebayimg.com/images/g/IU4AAOSw7eFl0mh7/s-l1600.webp,https://i.ebayimg.com/images/g/8K8AAOSwiOVl0mhn/s-l1600.webp,https://i.ebayimg.com/images/g/hw0AAOSw8d5l0mh2/s-l1600.webp,https://i.ebayimg.com/images/g/piIAAOSw0iZl0mhq/s-l1600.webp,https://i.ebayimg.com/images/g/Ow8AAOSwdzFl0mhc/s-l1600.webp,https://i.ebayimg.com/images/g/1bEAAOSwAq1l0mhg/s-l1600.webp,https://i.ebayimg.com/images/g/BHkAAOSw9RVl0mid/s-l1600.webp,https://i.ebayimg.com/images/g/JRQAAOSwogRlzMF3/s-l1600.webp
217,https://i.ebayimg.com/images/g/sF4AAOSwmIxm5qP6/s-l1600.webp,https://i.ebayimg.com/images/g/EjQAAOSwG1Nm5qP3/s-l1600.webp,https://i.ebayimg.com/images/g/GDIAAOSwyNVm5qP1/s-l1600.webp,https://i.ebayimg.com/images/g/n~cAAOSwDyhm5qPz/s-l1600.webp,https://i.ebayimg.com/images/g/QlcAAOSwRudm5qPw/s-l1600.webp,https://i.ebayimg.com/images/g/YMwAAOSwk1xm5qPk/s-l1600.webp,https://i.ebayimg.com/images/g/MqgAAOSwaOZm5qPq/s-l1600.webp,https://i.ebayimg.com/images/g/g1kAAOSw0z9m5qPu/s-l1600.webp,https://i.ebayimg.com/images/g/Z50AAOSwcV9lsS8K/s-l1600.webp
218,https://i.ebayimg.com/images/g/KAAAAOSwY0Fn8C32/s-l1600.webp,https://i.ebayimg.com/images/g/CvkAAOSwWIRn8C32/s-l1600.webp,https://i.ebayimg.com/images/g/n~sAAOSw-5Rn8C32/s-l1600.webp,https://i.ebayimg.com/images/g/FYUAAOSwbVhn8C4U/s-l1600.webp,https://i.ebayimg.com/images/g/Z50AAOSwcV9lsS8K/s-l1600.webp
219,https://i.ebayimg.com/images/g/8DwAAOSw9wxls4ao/s-l1600.webp,https://i.ebayimg.com/images/g/nUkAAOSwy7Rls4al/s-l1600.webp,https://i.ebayimg.com/images/g/63YAAOSwUoZls4am/s-l1600.webp,https://i.ebayimg.com/images/g/1QMAAOSwxitls4aj/s-l1600.webp,https://i.ebayimg.com/images/g/Z50AAOSwcV9lsS8K/s-l1600.webp
220,https://i.ebayimg.com/images/g/hvYAAOSwMn1oFetV/s-l1600.webp,https://i.ebayimg.com/images/g/6xwAAOSwYDpoFetW/s-l1600.webp,https://i.ebayimg.com/images/g/AiQAAOSwqYFoFetW/s-l1600.webp,https://i.ebayimg.com/images/g/8jkAAOSw2zNoFetT/s-l1600.webp,https://i.ebayimg.com/images/g/TV8AAOSw~F9oFetU/s-l1600.webp,https://i.ebayimg.com/images/g/Z50AAOSwcV9lsS8K/s-l1600.webp
221,https://i.ebayimg.com/images/g/vRQAAOSw33Vnk1dH/s-l1600.webp,https://i.ebayimg.com/images/g/zAkAAOSworVnk1dC/s-l1600.webp,https://i.ebayimg.com/images/g/nqEAAOSwOi9nk1dC/s-l1600.webp,https://i.ebayimg.com/images/g/-PcAAOSwRphnk1dC/s-l1600.webp,https://i.ebayimg.com/images/g/a7wAAOSwLq5nk1dH/s-l1600.webp,https://i.ebayimg.com/images/g/W5AAAOSwC8lnk1dF/s-l1600.webp,https://i.ebayimg.com/images/g/TAoAAOSwyWFnk1dD/s-l1600.webp,https://i.ebayimg.com/images/g/dIYAAOSwhwFnk1dI/s-l1600.webp,https://i.ebayimg.com/images/g/rtMAAOSwIOtlsS0o/s-l1600.webp
222,https://i.ebayimg.com/images/g/9fMAAOSwtXBn3Czi/s-l1600.webp,https://i.ebayimg.com/images/g/eaMAAOSwVx9n3Czk/s-l1600.webp,https://i.ebayimg.com/images/g/19kAAOSwPK5n3Czk/s-l1600.webp,https://i.ebayimg.com/images/g/7Z4AAOSwtmplsS8H/s-l1600.webp
223,https://i.ebayimg.com/images/g/80kAAOSwlItn0B8z/s-l1600.webp,https://i.ebayimg.com/images/g/LX8AAOSwJyFn0B81/s-l1600.webp,https://i.ebayimg.com/images/g/obcAAOSwvmxn0B81/s-l1600.webp,https://i.ebayimg.com/images/g/FgMAAOSwOPZn0B8w/s-l1600.webp,https://i.ebayimg.com/images/g/vBwAAOSwXuRn0B81/s-l1600.webp,https://i.ebayimg.com/images/g/-DkAAOSwM7Bn0B81/s-l1600.webp,https://i.ebayimg.com/images/g/rtMAAOSwIOtlsS0o/s-l1600.webp
224,https://i.ebayimg.com/images/g/ZB4AAOSw9i5mZuhN/s-l1600.webp,https://i.ebayimg.com/images/g/CrkAAOSwJjJmZug4/s-l1600.webp,https://i.ebayimg.com/images/g/jDsAAOSwewNmZuhK/s-l1600.webp,https://i.ebayimg.com/images/g/iXgAAOSw3pZmZuhD/s-l1600.webp,https://i.ebayimg.com/images/g/OgEAAOSwo45mZuhH/s-l1600.webp,https://i.ebayimg.com/images/g/xAsAAOSwx3xmZug1/s-l1600.webp,https://i.ebayimg.com/images/g/9hwAAOSwWJdmZuhQ/s-l1600.webp,https://i.ebayimg.com/images/g/Z50AAOSwcV9lsS8K/s-l1600.webp,https://i.ebayimg.com/images/g/c-wAAOSwJcBmZuhL/s-l1600.webp,https://i.ebayimg.com/images/g/aooAAOSwh7pmZuhV/s-l1600.webp
225,https://i.ebayimg.com/images/g/YQcAAOSw0gZnpbQL/s-l1600.webp,https://i.ebayimg.com/images/g/qrMAAOSwBohnpbQU/s-l1600.webp,https://i.ebayimg.com/images/g/4ZsAAOSwbQlnpbQR/s-l1600.webp,https://i.ebayimg.com/images/g/4SkAAOSwAKlnpbQQ/s-l1600.webp,https://i.ebayimg.com/images/g/rtMAAOSwIOtlsS0o/s-l1600.webp
226,https://i.ebayimg.com/images/g/HuAAAOSw0h1n~iVT/s-l1600.webp,https://i.ebayimg.com/images/g/lXsAAOSw2L9n~iVS/s-l1600.webp,https://i.ebayimg.com/images/g/9ZcAAOSwuWln~iVS/s-l1600.webp,https://i.ebayimg.com/images/g/dE0AAOSw3hRn~iVT/s-l1600.webp,https://i.ebayimg.com/images/g/zlMAAOSwaadn~iVT/s-l1600.webp,https://i.ebayimg.com/images/g/SDQAAOSw65xn~iVT/s-l1600.webp,https://i.ebayimg.com/images/g/xcIAAOSwHB1n~iVu/s-l1600.webp,https://i.ebayimg.com/images/g/LewAAOSw8apn~iVR/s-l1600.webp,https://i.ebayimg.com/images/g/7Z4AAOSwtmplsS8H/s-l1600.webp
227,https://i.ebayimg.com/images/g/lU8AAOSwb8Vl230x/s-l1600.webp,https://i.ebayimg.com/images/g/9AIAAOSwTjVl231C/s-l1600.webp,https://i.ebayimg.com/images/g/TYIAAOSwIctl231H/s-l1600.webp,https://i.ebayimg.com/images/g/yyIAAOSwj0ll231F/s-l1600.webp,https://i.ebayimg.com/images/g/zwIAAOSwaF5l230z/s-l1600.webp,https://i.ebayimg.com/images/g/yhQAAOSwjr9l231A/s-l1600.webp,https://i.ebayimg.com/images/g/ouYAAOSw2kBl2309/s-l1600.webp,https://i.ebayimg.com/images/g/omMAAOSwXhVl231u/s-l1600.webp,https://i.ebayimg.com/images/g/7Z4AAOSwtmplsS8H/s-l1600.webp
228,https://i.ebayimg.com/images/g/bxYAAOSwYLxngSOe/s-l1600.webp,https://i.ebayimg.com/images/g/gPYAAOSw4MFngSOe/s-l1600.webp,https://i.ebayimg.com/images/g/rmAAAOSwPlNngSOe/s-l1600.webp,https://i.ebayimg.com/images/g/AC8AAOSwv8BngSOf/s-l1600.webp,https://i.ebayimg.com/images/g/GgEAAOSwfTtngSOk/s-l1600.webp,https://i.ebayimg.com/images/g/hyUAAOSwQ6NngSOo/s-l1600.webp,https://i.ebayimg.com/images/g/Z50AAOSwcV9lsS8K/s-l1600.webp
229,https://i.ebayimg.com/images/g/0vAAAOSwe4JmyM~N/s-l1600.webp,https://i.ebayimg.com/images/g/48AAAOSwMMRmyM~L/s-l1600.webp,https://i.ebayimg.com/images/g/i14AAOSwteFmyM~G/s-l1600.webp,https://i.ebayimg.com/images/g/qZIAAOSwiMBmyM~I/s-l1600.webp,https://i.ebayimg.com/images/g/rtMAAOSwIOtlsS0o/s-l1600.webp
230,https://i.ebayimg.com/images/g/gpMAAOSw3qBn7obD/s-l1600.webp,https://i.ebayimg.com/images/g/I8wAAOSwvnRn7obC/s-l1600.webp,https://i.ebayimg.com/images/g/scYAAOSwEC1n7obF/s-l1600.webp,https://i.ebayimg.com/images/g/gzsAAOSwQuhn7obE/s-l1600.webp,https://i.ebayimg.com/images/g/Z50AAOSwcV9lsS8K/s-l1600.webp
231,https://i.ebayimg.com/images/g/CpQAAOSwJENnRhdy/s-l1600.webp,https://i.ebayimg.com/images/g/l0UAAOSw~uZnRhdz/s-l1600.webp,https://i.ebayimg.com/images/g/534AAOSwxApnRhdv/s-l1600.webp,https://i.ebayimg.com/images/g/S~cAAOSw4J5nRhdv/s-l1600.webp,https://i.ebayimg.com/images/g/x3MAAOSwigZnRhd0/s-l1600.webp,https://i.ebayimg.com/images/g/pLIAAOSwPTVnRhd1/s-l1600.webp,https://i.ebayimg.com/images/g/Z50AAOSwcV9lsS8K/s-l1600.webp
232,https://i.ebayimg.com/images/g/NREAAOSwLURnPfwH/s-l1600.webp,https://i.ebayimg.com/images/g/vYcAAOSwc3lnPfwv/s-l1600.webp,https://i.ebayimg.com/images/g/0aoAAOSwnX1nPfwD/s-l1600.webp,https://i.ebayimg.com/images/g/9vMAAOSw35xnPfwD/s-l1600.webp,https://i.ebayimg.com/images/g/rtMAAOSwIOtlsS0o/s-l1600.webp
233,https://i.ebayimg.com/images/g/fl8AAOSwc99nyLau/s-l1600.webp,https://i.ebayimg.com/images/g/GwQAAOSwX~ZnyLau/s-l1600.webp,https://i.ebayimg.com/images/g/~78AAOSwo0RnyLau/s-l1600.webp,https://i.ebayimg.com/images/g/Ex8AAOSw-itnyLau/s-l1600.webp,https://i.ebayimg.com/images/g/ICgAAOSwIn1nyLay/s-l1600.webp,https://i.ebayimg.com/images/g/P6gAAOSwXuxnyLav/s-l1600.webp,https://i.ebayimg.com/images/g/Z50AAOSwcV9lsS8K/s-l1600.webp
234,https://i.ebayimg.com/images/g/OW0AAOSwEIFnzTyV/s-l1600.webp,https://i.ebayimg.com/images/g/qYkAAOSwQ7FnzTyQ/s-l1600.webp,https://i.ebayimg.com/images/g/~uUAAOSwAmlnzTyR/s-l1600.webp,https://i.ebayimg.com/images/g/PPwAAOSwIA5nzTyR/s-l1600.webp,https://i.ebayimg.com/images/g/rtMAAOSwIOtlsS0o/s-l1600.webp
235,https://i.ebayimg.com/images/g/arsAAOSwAWZnhIng/s-l1600.webp,https://i.ebayimg.com/images/g/7UAAAOSw5Y5nhInh/s-l1600.webp,https://i.ebayimg.com/images/g/qjAAAOSw029nhImZ/s-l1600.webp,https://i.ebayimg.com/images/g/eMQAAOSw2RVnhImc/s-l1600.webp,https://i.ebayimg.com/images/g/xuEAAOSwg7ZnhImt/s-l1600.webp,https://i.ebayimg.com/images/g/KEUAAOSwJpdnhImV/s-l1600.webp,https://i.ebayimg.com/images/g/~XoAAOSwp2dnhIme/s-l1600.webp,https://i.ebayimg.com/images/g/P-sAAOSwYQpnhImi/s-l1600.webp,https://i.ebayimg.com/images/g/k0IAAOSwVYJnhImY/s-l1600.webp,https://i.ebayimg.com/images/g/A1AAAOSwC~xnhIm1/s-l1600.webp,https://i.ebayimg.com/images/g/nFsAAOSwdolnhImw/s-l1600.webp,https://i.ebayimg.com/images/g/8-YAAOSwJ9ZnhIm1/s-l1600.webp,https://i.ebayimg.com/images/g/HPIAAOSw17RnhIm2/s-l1600.webp,https://i.ebayimg.com/images/g/vRkAAOSwNKBnhImv/s-l1600.webp,https://i.ebayimg.com/images/g/rtMAAOSwIOtlsS0o/s-l1600.webp
236,https://i.ebayimg.com/images/g/ecwAAOSwz3lm5pb6/s-l1600.webp,https://i.ebayimg.com/images/g/810AAOSw8jdm5pb2/s-l1600.webp,https://i.ebayimg.com/images/g/Y2cAAOSwNzpm5pb9/s-l1600.webp,https://i.ebayimg.com/images/g/Lg0AAOSwey5m5pby/s-l1600.webp,https://i.ebayimg.com/images/g/-yEAAOSwHL9m5pbu/s-l1600.webp,https://i.ebayimg.com/images/g/7y4AAOSw9u9m5poI/s-l1600.webp,https://i.ebayimg.com/images/g/Z50AAOSwcV9lsS8K/s-l1600.webp
237,https://i.ebayimg.com/images/g/qU8AAOSw71hmyFxR/s-l1600.webp,https://i.ebayimg.com/images/g/62AAAOSwmLFmyFxA/s-l1600.webp,https://i.ebayimg.com/images/g/MacAAOSwNeNmyFxM/s-l1600.webp,https://i.ebayimg.com/images/g/-yMAAOSw-URmyFw0/s-l1600.webp,https://i.ebayimg.com/images/g/988AAOSwahpmyFw4/s-l1600.webp,https://i.ebayimg.com/images/g/SqQAAOSwCDRmyFw8/s-l1600.webp,https://i.ebayimg.com/images/g/rtMAAOSwIOtlsS0o/s-l1600.webp
238,https://i.ebayimg.com/images/g/7hsAAOSwrBRnr0D-/s-l1600.webp,https://i.ebayimg.com/images/g/hgcAAOSwiRpnr0D~/s-l1600.webp,https://i.ebayimg.com/images/g/fF0AAOSwsatnr0D-/s-l1600.webp,https://i.ebayimg.com/images/g/aWUAAOSwpalnr0ED/s-l1600.webp,https://i.ebayimg.com/images/g/Z50AAOSwcV9lsS8K/s-l1600.webp
239,https://i.ebayimg.com/images/g/opUAAOSwHdtmz4Ln/s-l1600.webp,https://i.ebayimg.com/images/g/Q5AAAOSwoPRmz4Lk/s-l1600.webp,https://i.ebayimg.com/images/g/yjwAAOSwyPRmz4Lh/s-l1600.webp,https://i.ebayimg.com/images/g/Y2IAAOSwhoxmz4Lf/s-l1600.webp,https://i.ebayimg.com/images/g/rtMAAOSwIOtlsS0o/s-l1600.webp
240,https://i.ebayimg.com/images/g/oFQAAOSw~0RnBAXh/s-l1600.webp,https://i.ebayimg.com/images/g/R9QAAOSwJOFnBAXg/s-l1600.webp,https://i.ebayimg.com/images/g/HMIAAOSwNT1nBAYC/s-l1600.webp,https://i.ebayimg.com/images/g/BYAAAOSwJxxnBAXc/s-l1600.webp,https://i.ebayimg.com/images/g/aWEAAOSwpcZnBAYP/s-l1600.webp,https://i.ebayimg.com/images/g/kJ0AAOSwpRlnBAXZ/s-l1600.webp,https://i.ebayimg.com/images/g/Z3UAAOSwhytnBAXW/s-l1600.webp,https://i.ebayimg.com/images/g/6XsAAOSwhG5nBAYa/s-l1600.webp,https://i.ebayimg.com/images/g/MfQAAOSwy-RnBAXU/s-l1600.webp,https://i.ebayimg.com/images/g/7Z4AAOSwtmplsS8H/s-l1600.webp,https://i.ebayimg.com/images/g/n6cAAOSw-tdnBAXa/s-l1600.webp,https://i.ebayimg.com/images/g/2f0AAOSwvM1nBAXe/s-l1600.webp,https://i.ebayimg.com/images/g/F7wAAOSwJiZnBAXj/s-l1600.webp
241,https://i.ebayimg.com/images/g/MWEAAOSwbmtnxwkO/s-l1600.webp,https://i.ebayimg.com/images/g/F-4AAOSwHH5nxwkM/s-l1600.webp,https://i.ebayimg.com/images/g/LFwAAOSwdMpnxwkM/s-l1600.webp,https://i.ebayimg.com/images/g/gJoAAOSw6jlnxwkN/s-l1600.webp,https://i.ebayimg.com/images/g/UPcAAOSwcHpnxwkN/s-l1600.webp,https://i.ebayimg.com/images/g/bIYAAOSwclFnxwkz/s-l1600.webp,https://i.ebayimg.com/images/g/7Z4AAOSwtmplsS8H/s-l1600.webp
242,https://i.ebayimg.com/images/g/d5YAAOSwunVnzTgv/s-l1600.webp,https://i.ebayimg.com/images/g/x4kAAOSwnPFnzTgv/s-l1600.webp,https://i.ebayimg.com/images/g/DqEAAOSw3NRnzTgv/s-l1600.webp,https://i.ebayimg.com/images/g/rtMAAOSwIOtlsS0o/s-l1600.webp
243,https://i.ebayimg.com/images/g/SxMAAOSwf4Rn7BNE/s-l1600.webp,https://i.ebayimg.com/images/g/dBgAAOSw7SVn7BNF/s-l1600.webp,https://i.ebayimg.com/images/g/SyAAAOSwLkVn7BNF/s-l1600.webp,https://i.ebayimg.com/images/g/M84AAOSwTiRn7BNF/s-l1600.webp,https://i.ebayimg.com/images/g/XvoAAOSwdyhn7BNF/s-l1600.webp,https://i.ebayimg.com/images/g/YWoAAOSwmDVn7BNF/s-l1600.webp,https://i.ebayimg.com/images/g/Z50AAOSwcV9lsS8K/s-l1600.webp
244,https://i.ebayimg.com/images/g/Kk8AAOSwYoFlvKal/s-l1600.webp,https://i.ebayimg.com/images/g/PsgAAOSwcExlvKap/s-l1600.webp,https://i.ebayimg.com/images/g/NRMAAOSwMcBlvKai/s-l1600.webp,https://i.ebayimg.com/images/g/sJUAAOSwC5tlvKaf/s-l1600.webp,https://i.ebayimg.com/images/g/ra0AAOSwZfVlvKac/s-l1600.webp,https://i.ebayimg.com/images/g/qggAAOSwg1tlvKaa/s-l1600.webp,https://i.ebayimg.com/images/g/Z50AAOSwcV9lsS8K/s-l1600.webp
245,https://i.ebayimg.com/images/g/YiMAAOSwl0Fn1v52/s-l1600.webp,https://i.ebayimg.com/images/g/ae0AAOSwT0Bn1v51/s-l1600.webp,https://i.ebayimg.com/images/g/ubIAAOSwDbxn1v50/s-l1600.webp,https://i.ebayimg.com/images/g/l2EAAOSwy~Zn1v51/s-l1600.webp,https://i.ebayimg.com/images/g/bdkAAOSwG15n1v53/s-l1600.webp,https://i.ebayimg.com/images/g/WBMAAOSwPSRn1v54/s-l1600.webp,https://i.ebayimg.com/images/g/lf4AAOSwFLFn1v55/s-l1600.webp,https://i.ebayimg.com/images/g/T2UAAOSwUSpn1v54/s-l1600.webp,https://i.ebayimg.com/images/g/7Z4AAOSwtmplsS8H/s-l1600.webp
246,https://i.ebayimg.com/images/g/G0kAAOSwCmRm5aeE/s-l1600.webp,https://i.ebayimg.com/images/g/~3oAAOSw0kBm5adm/s-l1600.webp,https://i.ebayimg.com/images/g/KUIAAOSwTMJm5ad7/s-l1600.webp,https://i.ebayimg.com/images/g/vSEAAOSwuJJm5adU/s-l1600.webp,https://i.ebayimg.com/images/g/WCUAAOSw45Zm5adZ/s-l1600.webp,https://i.ebayimg.com/images/g/rRAAAOSwKoFm5ad-/s-l1600.webp,https://i.ebayimg.com/images/g/pzwAAOSwxXdm5adw/s-l1600.webp,https://i.ebayimg.com/images/g/rtMAAOSwIOtlsS0o/s-l1600.webp,https://i.ebayimg.com/images/g/9SEAAOSwb7Fm5adf/s-l1600.webp,https://i.ebayimg.com/images/g/3TEAAOSweFBm5adr/s-l1600.webp
247,https://i.ebayimg.com/images/g/NpAAAOSws3tm-TRX/s-l1600.webp,https://i.ebayimg.com/images/g/uT4AAOSwkfRm-TSJ/s-l1600.webp,https://i.ebayimg.com/images/g/udQAAOSwA~Zm-TRu/s-l1600.webp,https://i.ebayimg.com/images/g/1CAAAOSw1-hm-TPc/s-l1600.webp,https://i.ebayimg.com/images/g/kXAAAOSwfYRm-TPg/s-l1600.webp,https://i.ebayimg.com/images/g/cXEAAOSwtodm-TPj/s-l1600.webp,https://i.ebayimg.com/images/g/xQkAAOSwXB1m-TPw/s-l1600.webp,https://i.ebayimg.com/images/g/Z50AAOSwcV9lsS8K/s-l1600.webp
248,https://i.ebayimg.com/images/g/duIAAOSwOShoDK9i/s-l1600.webp,https://i.ebayimg.com/images/g/KCYAAOSwhnVoDK9g/s-l1600.webp,https://i.ebayimg.com/images/g/jHYAAOSwasBoDK9g/s-l1600.webp,https://i.ebayimg.com/images/g/0YsAAOSwu59oDK9e/s-l1600.webp,https://i.ebayimg.com/images/g/GZMAAOSw5g9oDK9h/s-l1600.webp,https://i.ebayimg.com/images/g/Z50AAOSwcV9lsS8K/s-l1600.webp
249,https://i.ebayimg.com/images/g/3dsAAOSwMUdnm3gh/s-l1600.webp,https://i.ebayimg.com/images/g/8v0AAOSwyPhnm3gi/s-l1600.webp,https://i.ebayimg.com/images/g/eh8AAOSwHrBnm3gh/s-l1600.webp,https://i.ebayimg.com/images/g/1OEAAOSw3E1nm3gi/s-l1600.webp,https://i.ebayimg.com/images/g/XyEAAOSwJTZnm3gj/s-l1600.webp,https://i.ebayimg.com/images/g/cbYAAOSwXxZnm3gk/s-l1600.webp,https://i.ebayimg.com/images/g/8OwAAOSwZjBnm3gf/s-l1600.webp,https://i.ebayimg.com/images/g/7Z4AAOSwtmplsS8H/s-l1600.webp
250,https://i.ebayimg.com/images/g/GIEAAOSwBuZlx5LO/s-l1600.webp,https://i.ebayimg.com/images/g/sfIAAOSwga9lx5LM/s-l1600.webp,https://i.ebayimg.com/images/g/ZqsAAOSwwL1lx5LQ/s-l1600.webp,https://i.ebayimg.com/images/g/~AwAAOSw3Ttlx5LJ/s-l1600.webp,https://i.ebayimg.com/images/g/qmkAAOSwgZxlx5LT/s-l1600.webp,https://i.ebayimg.com/images/g/L-AAAOSwWM9lx5LH/s-l1600.webp,https://i.ebayimg.com/images/g/Z50AAOSwcV9lsS8K/s-l1600.webp
251,https://i.ebayimg.com/images/g/UGIAAOSwY~9nuIV-/s-l1600.webp,https://i.ebayimg.com/images/g/XBMAAOSwlgJnuIWC/s-l1600.webp,https://i.ebayimg.com/images/g/7ugAAOSwKG9nuIV-/s-l1600.webp,https://i.ebayimg.com/images/g/VekAAOSwo~tnuIWA/s-l1600.webp,https://i.ebayimg.com/images/g/KvQAAOSwx8NnuIV-/s-l1600.webp,https://i.ebayimg.com/images/g/4P4AAOSwxp1nuIWA/s-l1600.webp,https://i.ebayimg.com/images/g/7UAAAOSwT-RnuIWB/s-l1600.webp,https://i.ebayimg.com/images/g/0scAAOSwRxxnuIWB/s-l1600.webp,https://i.ebayimg.com/images/g/MQUAAOSwjs1nuIV-/s-l1600.webp,https://i.ebayimg.com/images/g/Z50AAOSwcV9lsS8K/s-l1600.webp
252,https://i.ebayimg.com/images/g/jogAAOSwwiVoMezC/s-l1600.webp,https://i.ebayimg.com/images/g/HyEAAOSwjRtoMey-/s-l1600.webp,https://i.ebayimg.com/images/g/0LEAAOSwf~xoMezG/s-l1600.webp,https://i.ebayimg.com/images/g/rNgAAOSwvsJoMezF/s-l1600.webp,https://i.ebayimg.com/images/g/Z50AAOSwcV9lsS8K/s-l1600.webp
253,https://i.ebayimg.com/images/g/pnYAAOSwtz5l2jLp/s-l1600.webp,https://i.ebayimg.com/images/g/vZ8AAOSwWxRl2jLl/s-l1600.webp,https://i.ebayimg.com/images/g/xA8AAOSwQbJl2jLg/s-l1600.webp,https://i.ebayimg.com/images/g/E0MAAOSwUE5l2jLc/s-l1600.webp,https://i.ebayimg.com/images/g/C6wAAOSwuF5l2jL7/s-l1600.webp,https://i.ebayimg.com/images/g/DSoAAOSwaYll2jMF/s-l1600.webp,https://i.ebayimg.com/images/g/7Z4AAOSwtmplsS8H/s-l1600.webp
254,https://i.ebayimg.com/images/g/ttUAAOSwTy5nNzmX/s-l1600.webp,https://i.ebayimg.com/images/g/-R0AAOSweeJnNzmY/s-l1600.webp,https://i.ebayimg.com/images/g/808AAOSwBDFnNzmZ/s-l1600.webp,https://i.ebayimg.com/images/g/wVsAAOSw0NNnNzmf/s-l1600.webp,https://i.ebayimg.com/images/g/jroAAOSwsltnNzmb/s-l1600.webp,https://i.ebayimg.com/images/g/J4EAAOSwKo9nNzmb/s-l1600.webp,https://i.ebayimg.com/images/g/rtMAAOSwIOtlsS0o/s-l1600.webp
255,https://i.ebayimg.com/images/g/8RcAAOSwhStmyF7W/s-l1600.webp,https://i.ebayimg.com/images/g/jbcAAOSwyiZmyF7f/s-l1600.webp,https://i.ebayimg.com/images/g/tgwAAOSwBIVmyF6~/s-l1600.webp,https://i.ebayimg.com/images/g/0vwAAOSwwuxmyF7c/s-l1600.webp,https://i.ebayimg.com/images/g/1jIAAOSwWhdmyF64/s-l1600.webp,https://i.ebayimg.com/images/g/70YAAOSwTaVmyF7Z/s-l1600.webp,https://i.ebayimg.com/images/g/-~gAAOSwFd5myF7K/s-l1600.webp,https://i.ebayimg.com/images/g/rtMAAOSwIOtlsS0o/s-l1600.webp,https://i.ebayimg.com/images/g/UD4AAOSwnJFmyF8X/s-l1600.webp,https://i.ebayimg.com/images/g/micAAOSw~NNmyF8e/s-l1600.webp,https://i.ebayimg.com/images/g/JhQAAOSwpyBmyF8p/s-l1600.webp
256,https://i.ebayimg.com/images/g/kVgAAOSwnrBn7od6/s-l1600.webp,https://i.ebayimg.com/images/g/ZoMAAOSwSAJn7od5/s-l1600.webp,https://i.ebayimg.com/images/g/U10AAOSwtGdn7od7/s-l1600.webp,https://i.ebayimg.com/images/g/XqcAAOSw3RZn7od-/s-l1600.webp,https://i.ebayimg.com/images/g/Z50AAOSwcV9lsS8K/s-l1600.webp
257,https://i.ebayimg.com/images/g/dvQAAOSw6~NnuIG7/s-l1600.webp,https://i.ebayimg.com/images/g/akQAAOSw6TdnuIG6/s-l1600.webp,https://i.ebayimg.com/images/g/FbMAAOSwQzRnuIHA/s-l1600.webp,https://i.ebayimg.com/images/g/faYAAOSwU8dnuIHN/s-l1600.webp,https://i.ebayimg.com/images/g/2tYAAOSw-EdnuIHK/s-l1600.webp,https://i.ebayimg.com/images/g/Z50AAOSwcV9lsS8K/s-l1600.webp
258,https://i.ebayimg.com/images/g/5g0AAOSwYc5neVVp/s-l1600.webp,https://i.ebayimg.com/images/g/A7oAAOSwK79neVVs/s-l1600.webp,https://i.ebayimg.com/images/g/rdEAAOSwpNVneVVv/s-l1600.webp,https://i.ebayimg.com/images/g/buwAAOSw2VBneVVo/s-l1600.webp,https://i.ebayimg.com/images/g/93UAAOSwnfRneVVx/s-l1600.webp,https://i.ebayimg.com/images/g/oVcAAOSwEChneVV0/s-l1600.webp,https://i.ebayimg.com/images/g/aOkAAOSwO0VneVVw/s-l1600.webp,https://i.ebayimg.com/images/g/Z50AAOSwcV9lsS8K/s-l1600.webp
259,https://i.ebayimg.com/images/g/nwEAAOSw-h1na-g9/s-l1600.webp,https://i.ebayimg.com/images/g/pVwAAOSwwBtna-g-/s-l1600.webp,https://i.ebayimg.com/images/g/C6IAAOSwGw1na-hC/s-l1600.webp,https://i.ebayimg.com/images/g/jF0AAOSw9hJna-hC/s-l1600.webp,https://i.ebayimg.com/images/g/~8AAAOSwfeZm9Rxf/s-l1600.webp
260,https://i.ebayimg.com/images/g/9f8AAOSwAUZnTvJ0/s-l1600.webp,https://i.ebayimg.com/images/g/LasAAOSw9VNnTvJ1/s-l1600.webp,https://i.ebayimg.com/images/g/WkkAAOSwyylnTvJ2/s-l1600.webp,https://i.ebayimg.com/images/g/kFgAAOSwK7pnTvJ1/s-l1600.webp,https://i.ebayimg.com/images/g/mH4AAOSw2sVnTvJz/s-l1600.webp,https://i.ebayimg.com/images/g/sEMAAOSwhPxnTvJ1/s-l1600.webp,https://i.ebayimg.com/images/g/rBoAAOSwuShnTvKt/s-l1600.webp,https://i.ebayimg.com/images/g/Z50AAOSwcV9lsS8K/s-l1600.webp
261,https://i.ebayimg.com/images/g/0aQAAOSwGK5na~DU/s-l1600.webp,https://i.ebayimg.com/images/g/HnQAAOSwU-lna~DU/s-l1600.webp,https://i.ebayimg.com/images/g/UfQAAOSwNMpna~DW/s-l1600.webp,https://i.ebayimg.com/images/g/hggAAOSwLylna~DS/s-l1600.webp,https://i.ebayimg.com/images/g/~8AAAOSwfeZm9Rxf/s-l1600.webp
262,https://i.ebayimg.com/images/g/kJoAAOSwQPFmC~Hs/s-l1600.webp,https://i.ebayimg.com/images/g/6fsAAOSwbxtmC~Hk/s-l1600.webp,https://i.ebayimg.com/images/g/TUUAAOSwzv9mC~Hn/s-l1600.webp,https://i.ebayimg.com/images/g/~RIAAOSwJ0RmC~Hq/s-l1600.webp,https://i.ebayimg.com/images/g/4RQAAOSw8xVmC~Hi/s-l1600.webp,https://i.ebayimg.com/images/g/8DYAAOSwYr9mC~IH/s-l1600.webp,https://i.ebayimg.com/images/g/Z50AAOSwcV9lsS8K/s-l1600.webp
263,https://i.ebayimg.com/images/g/7xsAAOSwGZlneVdV/s-l1600.webp,https://i.ebayimg.com/images/g/ewYAAOSwfTtneVdT/s-l1600.webp,https://i.ebayimg.com/images/g/02UAAOSwJVBneVdT/s-l1600.webp,https://i.ebayimg.com/images/g/Zy0AAOSwOepneVdX/s-l1600.webp,https://i.ebayimg.com/images/g/PLAAAOSwHdBneVdP/s-l1600.webp,https://i.ebayimg.com/images/g/E4UAAOSwOIFneVdS/s-l1600.webp,https://i.ebayimg.com/images/g/Z50AAOSwcV9lsS8K/s-l1600.webp
264,https://i.ebayimg.com/images/g/YLwAAOSw1ctnY-kC/s-l1600.webp,https://i.ebayimg.com/images/g/yl0AAOSwn8tnY-j~/s-l1600.webp,https://i.ebayimg.com/images/g/z-AAAOSwOABnY-kB/s-l1600.webp,https://i.ebayimg.com/images/g/zVoAAOSwPC5nY-kA/s-l1600.webp,https://i.ebayimg.com/images/g/nosAAOSws5NnY-kB/s-l1600.webp,https://i.ebayimg.com/images/g/Z50AAOSwcV9lsS8K/s-l1600.webp
265,https://i.ebayimg.com/images/g/5Y4AAOSw52NnZpIe/s-l1600.webp,https://i.ebayimg.com/images/g/ZwcAAOSwdDBnZpIc/s-l1600.webp,https://i.ebayimg.com/images/g/i2MAAOSwodFnZpIe/s-l1600.webp,https://i.ebayimg.com/images/g/y58AAOSwxLFnZpIh/s-l1600.webp,https://i.ebayimg.com/images/g/Z50AAOSwcV9lsS8K/s-l1600.webp
266,https://i.ebayimg.com/images/g/qCEAAOSwX8tmyiTx/s-l1600.webp,https://i.ebayimg.com/images/g/qPAAAOSw201myiT7/s-l1600.webp,https://i.ebayimg.com/images/g/d90AAOSwUEhmyiTs/s-l1600.webp,https://i.ebayimg.com/images/g/NokAAOSwBX9myiTm/s-l1600.webp,https://i.ebayimg.com/images/g/550AAOSwZtZmyiTU/s-l1600.webp,https://i.ebayimg.com/images/g/aT4AAOSwNypmyiTh/s-l1600.webp,https://i.ebayimg.com/images/g/aDUAAOSw5SNmyiV2/s-l1600.webp,https://i.ebayimg.com/images/g/3EsAAOSwe-VmyiVx/s-l1600.webp,https://i.ebayimg.com/images/g/XNwAAOSwbh9myiVu/s-l1600.webp,https://i.ebayimg.com/images/g/SkEAAOSwyGxmyiVm/s-l1600.webp,https://i.ebayimg.com/images/g/spMAAOSwERpmyiVp/s-l1600.webp,https://i.ebayimg.com/images/g/jUUAAOSwNmRmyiUH/s-l1600.webp,https://i.ebayimg.com/images/g/Z50AAOSwcV9lsS8K/s-l1600.webp,https://i.ebayimg.com/images/g/v80AAOSw609myiUV/s-l1600.webp,https://i.ebayimg.com/images/g/mdEAAOSwC5xmyiUY/s-l1600.webp
267,https://i.ebayimg.com/images/g/Tf8AAOSwothn4aQb/s-l1600.webp,https://i.ebayimg.com/images/g/B30AAOSwk9Rn4aQb/s-l1600.webp,https://i.ebayimg.com/images/g/XeAAAOSw-dJn4aQb/s-l1600.webp,https://i.ebayimg.com/images/g/Z50AAOSwcV9lsS8K/s-l1600.webp
268,https://i.ebayimg.com/images/g/yQkAAOSwxhBnje7M/s-l1600.webp,https://i.ebayimg.com/images/g/wsAAAOSwMGZnje7S/s-l1600.webp,https://i.ebayimg.com/images/g/MAEAAOSwTd9nje7T/s-l1600.webp,https://i.ebayimg.com/images/g/Z50AAOSwcV9lsS8K/s-l1600.webp
269,https://i.ebayimg.com/images/g/vcIAAOSw7ABm1fPl/s-l1600.webp,https://i.ebayimg.com/images/g/FnIAAOSwWu9m1fPh/s-l1600.webp,https://i.ebayimg.com/images/g/AawAAOSwu35m1fPn/s-l1600.webp,https://i.ebayimg.com/images/g/qncAAOSwnQBm1fPj/s-l1600.webp,https://i.ebayimg.com/images/g/4msAAOSwSppm1fQG/s-l1600.webp,https://i.ebayimg.com/images/g/iAwAAOSwH39m1fPZ/s-l1600.webp,https://i.ebayimg.com/images/g/Z50AAOSwcV9lsS8K/s-l1600.webp
270,https://i.ebayimg.com/images/g/TM4AAOSwoAtl2iBR/s-l1600.webp,https://i.ebayimg.com/images/g/OcoAAOSwrO9l2iAZ/s-l1600.webp,https://i.ebayimg.com/images/g/16IAAOSwL6Bl2iAK/s-l1600.webp,https://i.ebayimg.com/images/g/49MAAOSwinll2h~7/s-l1600.webp,https://i.ebayimg.com/images/g/bWQAAOSw4-Nl2h~u/s-l1600.webp,https://i.ebayimg.com/images/g/ttgAAOSwFNll2iBw/s-l1600.webp,https://i.ebayimg.com/images/g/rZcAAOSwdzFl2h~X/s-l1600.webp,https://i.ebayimg.com/images/g/7Z4AAOSwtmplsS8H/s-l1600.webp
271,https://i.ebayimg.com/images/g/MukAAOSwjXpoDKU7/s-l1600.webp,https://i.ebayimg.com/images/g/idQAAOSwdSBoDKU8/s-l1600.webp,https://i.ebayimg.com/images/g/y1AAAOSwjOBoDKU6/s-l1600.webp,https://i.ebayimg.com/images/g/WwsAAOSwR5hoDKU7/s-l1600.webp,https://i.ebayimg.com/images/g/f2cAAOSwSaRoDKU7/s-l1600.webp,https://i.ebayimg.com/images/g/qUkAAOSwhotoDKU7/s-l1600.webp,https://i.ebayimg.com/images/g/m6cAAOSwZx5oDKU7/s-l1600.webp,https://i.ebayimg.com/images/g/Z50AAOSwcV9lsS8K/s-l1600.webp
272,https://i.ebayimg.com/images/g/-WsAAOSwLG1mmODQ/s-l1600.webp,https://i.ebayimg.com/images/g/e58AAOSwvk5mmODN/s-l1600.webp,https://i.ebayimg.com/images/g/XVoAAOSwX6lmmODL/s-l1600.webp,https://i.ebayimg.com/images/g/JRQAAOSwogRlzMF3/s-l1600.webp
273,https://i.ebayimg.com/images/g/WJUAAOSwgI5lvMZx/s-l1600.webp,https://i.ebayimg.com/images/g/-W0AAOSwTs1lvMZ2/s-l1600.webp,https://i.ebayimg.com/images/g/BxsAAOSwJwxlvMZo/s-l1600.webp,https://i.ebayimg.com/images/g/7OoAAOSwJhZlvMZ0/s-l1600.webp,https://i.ebayimg.com/images/g/~cgAAOSw0G5lvMaO/s-l1600.webp,https://i.ebayimg.com/images/g/V2EAAOSw0OVlvMZq/s-l1600.webp,https://i.ebayimg.com/images/g/Z50AAOSwcV9lsS8K/s-l1600.webp
274,https://i.ebayimg.com/images/g/9VkAAOSwfGJnqxlb/s-l1600.webp,https://i.ebayimg.com/images/g/rC4AAOSwaLhnqxle/s-l1600.webp,https://i.ebayimg.com/images/g/muMAAOSwtFRnqxlZ/s-l1600.webp,https://i.ebayimg.com/images/g/DPYAAOSwPJJnqxlb/s-l1600.webp,https://i.ebayimg.com/images/g/mqsAAOSwEJhnqxlc/s-l1600.webp,https://i.ebayimg.com/images/g/kz0AAOSwPSJnqxlb/s-l1600.webp,https://i.ebayimg.com/images/g/jOIAAOSw~Itnqxlc/s-l1600.webp,https://i.ebayimg.com/images/g/Ku8AAOSw-dFnqxmE/s-l1600.webp,https://i.ebayimg.com/images/g/Z50AAOSwcV9lsS8K/s-l1600.webp
275,https://i.ebayimg.com/images/g/Ck0AAOSwtyZnutGY/s-l1600.webp,https://i.ebayimg.com/images/g/KwEAAOSwd2lnutGV/s-l1600.webp,https://i.ebayimg.com/images/g/0jgAAOSwm-pnutGW/s-l1600.webp,https://i.ebayimg.com/images/g/xzYAAOSw4JpnutGT/s-l1600.webp,https://i.ebayimg.com/images/g/UbUAAOSwWnRnutGZ/s-l1600.webp,https://i.ebayimg.com/images/g/mGEAAOSwKNdnutGT/s-l1600.webp,https://i.ebayimg.com/images/g/eyQAAOSw6mtnutGQ/s-l1600.webp,https://i.ebayimg.com/images/g/Kv4AAOSwd2lnutGS/s-l1600.webp,https://i.ebayimg.com/images/g/IMIAAOSwuFJnutGX/s-l1600.webp,https://i.ebayimg.com/images/g/zQsAAOSw9EFnutGS/s-l1600.webp,https://i.ebayimg.com/images/g/KwwAAOSwjspnutGX/s-l1600.webp,https://i.ebayimg.com/images/g/ptAAAOSwaL9nutGS/s-l1600.webp,https://i.ebayimg.com/images/g/kZcAAOSwgfVnutGb/s-l1600.webp,https://i.ebayimg.com/images/g/rtMAAOSwIOtlsS0o/s-l1600.webp,https://i.ebayimg.com/images/g/jp4AAOSwxC1nutGe/s-l1600.webp,https://i.ebayimg.com/images/g/EiEAAOSw4YtnutGg/s-l1600.webp,https://i.ebayimg.com/images/g/JFcAAOSwyolnutGk/s-l1600.webp,https://i.ebayimg.com/images/g/qmgAAOSw6YNnutGt/s-l1600.webp,https://i.ebayimg.com/images/g/fQkAAOSwpRZnutGy/s-l1600.webp,https://i.ebayimg.com/images/g/RXkAAOSwtqhnutG~/s-l1600.webp
276,https://i.ebayimg.com/images/g/EGYAAOSwespn9jGL/s-l1600.webp,https://i.ebayimg.com/images/g/DEIAAOSwHOJn9jGM/s-l1600.webp,https://i.ebayimg.com/images/g/-rsAAOSwi8pn9jGL/s-l1600.webp,https://i.ebayimg.com/images/g/G84AAOSwYsVn9jGL/s-l1600.webp,https://i.ebayimg.com/images/g/zLYAAOSwwJpn9jGI/s-l1600.webp,https://i.ebayimg.com/images/g/lwYAAOSwTahn9jGO/s-l1600.webp,https://i.ebayimg.com/images/g/rtMAAOSwIOtlsS0o/s-l1600.webp
277,https://i.ebayimg.com/images/g/u5EAAOSw4GhnzTjx/s-l1600.webp,https://i.ebayimg.com/images/g/wgsAAOSwtaNnzTjy/s-l1600.webp,https://i.ebayimg.com/images/g/lpEAAOSwBfFnzTjy/s-l1600.webp,https://i.ebayimg.com/images/g/rtMAAOSwIOtlsS0o/s-l1600.webp
278,https://i.ebayimg.com/images/g/NDYAAOSwwDhnSxI8/s-l1600.webp,https://i.ebayimg.com/images/g/0ecAAOSwA4ZnSxI6/s-l1600.webp,https://i.ebayimg.com/images/g/6UoAAOSwfPlnSxI8/s-l1600.webp,https://i.ebayimg.com/images/g/bPUAAOSw5A1nSxI8/s-l1600.webp,https://i.ebayimg.com/images/g/gCEAAOSwlwRnSxJA/s-l1600.webp,https://i.ebayimg.com/images/g/86gAAOSwSWtnSxI8/s-l1600.webp,https://i.ebayimg.com/images/g/Q6MAAOSwHF5nSxI6/s-l1600.webp,https://i.ebayimg.com/images/g/kVsAAOSwQDNnSxI3/s-l1600.webp,https://i.ebayimg.com/images/g/Si8AAOSwHutnSxI6/s-l1600.webp,https://i.ebayimg.com/images/g/Z50AAOSwcV9lsS8K/s-l1600.webp
279,https://i.ebayimg.com/images/g/UvcAAOSw1WRnmkIh/s-l1600.webp,https://i.ebayimg.com/images/g/a-sAAOSwraFnmkIi/s-l1600.webp,https://i.ebayimg.com/images/g/GlsAAOSwjyBnmkIj/s-l1600.webp,https://i.ebayimg.com/images/g/8Z4AAOSwqpBnmkIi/s-l1600.webp,https://i.ebayimg.com/images/g/JNEAAOSwypFnmkIl/s-l1600.webp,https://i.ebayimg.com/images/g/o1YAAOSwwLlnmkIi/s-l1600.webp,https://i.ebayimg.com/images/g/GawAAOSwF1VnmkIf/s-l1600.webp,https://i.ebayimg.com/images/g/7Z4AAOSwtmplsS8H/s-l1600.webp
280,https://i.ebayimg.com/images/g/FvQAAOSwgfFnSxZk/s-l1600.webp,https://i.ebayimg.com/images/g/wAcAAOSwKuJnSxZh/s-l1600.webp,https://i.ebayimg.com/images/g/zT0AAOSwRD1nSxZq/s-l1600.webp,https://i.ebayimg.com/images/g/~nQAAOSwMZxnSxZn/s-l1600.webp,https://i.ebayimg.com/images/g/rtMAAOSwIOtlsS0o/s-l1600.webp
281,https://i.ebayimg.com/images/g/sPIAAOSwB49m5Zjz/s-l1600.webp,https://i.ebayimg.com/images/g/7iUAAOSwDPFm5Zjw/s-l1600.webp,https://i.ebayimg.com/images/g/Pu8AAOSwTZZm5Zjs/s-l1600.webp,https://i.ebayimg.com/images/g/4Q8AAOSwahdm5Zji/s-l1600.webp,https://i.ebayimg.com/images/g/rtMAAOSwIOtlsS0o/s-l1600.webp
282,https://i.ebayimg.com/images/g/QD8AAOSwfGRntZ0u/s-l1600.webp,https://i.ebayimg.com/images/g/Q5UAAOSwnptntZ0u/s-l1600.webp,https://i.ebayimg.com/images/g/s6YAAOSwVDpntZ0u/s-l1600.webp,https://i.ebayimg.com/images/g/jfsAAOSwJBdntZ0q/s-l1600.webp,https://i.ebayimg.com/images/g/8BYAAOSw99lntZ0w/s-l1600.webp,https://i.ebayimg.com/images/g/pbQAAOSwYCRntZ0t/s-l1600.webp,https://i.ebayimg.com/images/g/t9oAAOSwQaxntZ0x/s-l1600.webp,https://i.ebayimg.com/images/g/qiUAAOSwwNNntZ0x/s-l1600.webp,https://i.ebayimg.com/images/g/rtMAAOSwIOtlsS0o/s-l1600.webp
283,https://i.ebayimg.com/images/g/1N0AAOSwSoNm9EsO/s-l1600.webp,https://i.ebayimg.com/images/g/ME8AAOSwhg9m9EsL/s-l1600.webp,https://i.ebayimg.com/images/g/WUgAAOSwiB1m9EsI/s-l1600.webp,https://i.ebayimg.com/images/g/Ut0AAOSwexxm9EsT/s-l1600.webp,https://i.ebayimg.com/images/g/kWoAAOSwg1Vm9EsA/s-l1600.webp,https://i.ebayimg.com/images/g/Z50AAOSwcV9lsS8K/s-l1600.webp
284,https://i.ebayimg.com/images/g/HjIAAOSw33tmR235/s-l1600.webp,https://i.ebayimg.com/images/g/GcwAAOSwZJNmR236/s-l1600.webp,https://i.ebayimg.com/images/g/CcUAAOSwcDNmR233/s-l1600.webp,https://i.ebayimg.com/images/g/EUUAAOSwEuZmR231/s-l1600.webp,https://i.ebayimg.com/images/g/3z4AAOSwsiZmR23z/s-l1600.webp,https://i.ebayimg.com/images/g/JRQAAOSwogRlzMF3/s-l1600.webp,https://i.ebayimg.com/images/g/6mYAAOSwuN9mR24d/s-l1600.webp,https://i.ebayimg.com/images/g/TGAAAOSwg41mR24h/s-l1600.webp
285,https://i.ebayimg.com/images/g/B9IAAOSwiLpn7oRv/s-l1600.webp,https://i.ebayimg.com/images/g/BYwAAOSw2gJn7oRz/s-l1600.webp,https://i.ebayimg.com/images/g/-HIAAOSwMzBn7oRy/s-l1600.webp,https://i.ebayimg.com/images/g/Z50AAOSwcV9lsS8K/s-l1600.webp
286,https://i.ebayimg.com/images/g/vxYAAOSwgy5nsxzk/s-l1600.webp,https://i.ebayimg.com/images/g/OlgAAOSwfGJnsxzh/s-l1600.webp,https://i.ebayimg.com/images/g/LHQAAOSwjOFnsxzl/s-l1600.webp,https://i.ebayimg.com/images/g/4d4AAOSwGlZnsxzk/s-l1600.webp,https://i.ebayimg.com/images/g/CeYAAOSwsMFnsxzr/s-l1600.webp,https://i.ebayimg.com/images/g/SCYAAOSwAwpnsxzm/s-l1600.webp,https://i.ebayimg.com/images/g/F~kAAOSwXNZnsxzl/s-l1600.webp,https://i.ebayimg.com/images/g/Z50AAOSwcV9lsS8K/s-l1600.webp
287,https://i.ebayimg.com/images/g/WqYAAOSw4cdoF5h7/s-l1600.webp,https://i.ebayimg.com/images/g/W~kAAOSw5-5oF5h-/s-l1600.webp,https://i.ebayimg.com/images/g/dSMAAOSweONoF5hz/s-l1600.webp,https://i.ebayimg.com/images/g/aOYAAOSwMoJoF5h9/s-l1600.webp,https://i.ebayimg.com/images/g/n78AAOSw7TJoF5hz/s-l1600.webp,https://i.ebayimg.com/images/g/eZ4AAOSwdSBoF5ht/s-l1600.webp,https://i.ebayimg.com/images/g/0CgAAOSwjDJoF5h6/s-l1600.webp,https://i.ebayimg.com/images/g/CMEAAOSwHApoF5h3/s-l1600.webp,https://i.ebayimg.com/images/g/YTUAAOSwGOVoF5h9/s-l1600.webp,https://i.ebayimg.com/images/g/0u8AAOSwOpFoF5hy/s-l1600.webp,https://i.ebayimg.com/images/g/UmsAAOSwMiRoF5h2/s-l1600.webp,https://i.ebayimg.com/images/g/YbIAAOSwXitoF5h2/s-l1600.webp,https://i.ebayimg.com/images/g/Z50AAOSwcV9lsS8K/s-l1600.webp,https://i.ebayimg.com/images/g/8D0AAOSwcQ1oF5h7/s-l1600.webp,https://i.ebayimg.com/images/g/-okAAOSwZZZoF5iE/s-l1600.webp,https://i.ebayimg.com/images/g/zkUAAOSwNphoF5iL/s-l1600.webp
288,https://i.ebayimg.com/images/g/eqMAAOSwkflmEl4X/s-l1600.webp,https://i.ebayimg.com/images/g/fm4AAOSwa8RmEl4T/s-l1600.webp,https://i.ebayimg.com/images/g/mMUAAOSwEAhmEl4R/s-l1600.webp,https://i.ebayimg.com/images/g/aT0AAOSwPs1mEl4V/s-l1600.webp,https://i.ebayimg.com/images/g/c5IAAOSwT2ZmEl4N/s-l1600.webp,https://i.ebayimg.com/images/g/bIEAAOSw-DxmEl4P/s-l1600.webp,https://i.ebayimg.com/images/g/Z50AAOSwcV9lsS8K/s-l1600.webp
289,https://i.ebayimg.com/images/g/De4AAOSwduJnimGg/s-l1600.webp,https://i.ebayimg.com/images/g/boEAAOSwrDZnimGY/s-l1600.webp,https://i.ebayimg.com/images/g/ZuwAAOSw9u9nimGX/s-l1600.webp,https://i.ebayimg.com/images/g/W44AAOSwyxFnimGl/s-l1600.webp,https://i.ebayimg.com/images/g/LjQAAOSwlURnimGc/s-l1600.webp,https://i.ebayimg.com/images/g/Z50AAOSwcV9lsS8K/s-l1600.webp
290,https://i.ebayimg.com/images/g/9lUAAOSwxRZntHaE/s-l1600.webp,https://i.ebayimg.com/images/g/LYgAAOSwRX9ntHZ~/s-l1600.webp,https://i.ebayimg.com/images/g/ToMAAOSwhSJntHaI/s-l1600.webp,https://i.ebayimg.com/images/g/GlUAAOSwR61ntHaI/s-l1600.webp,https://i.ebayimg.com/images/g/Z50AAOSwcV9lsS8K/s-l1600.webp
291,https://i.ebayimg.com/images/g/2RYAAOSwfRlnPfgD/s-l1600.webp,https://i.ebayimg.com/images/g/hxcAAOSw9RpnPfgD/s-l1600.webp,https://i.ebayimg.com/images/g/YZcAAOSwJMNnPfgC/s-l1600.webp,https://i.ebayimg.com/images/g/jMcAAOSwSsJnPfgE/s-l1600.webp,https://i.ebayimg.com/images/g/rtMAAOSwIOtlsS0o/s-l1600.webp
292,https://i.ebayimg.com/images/g/2fAAAOSwTgFnoF38/s-l1600.webp,https://i.ebayimg.com/images/g/FC8AAOSw-JBnoF4E/s-l1600.webp,https://i.ebayimg.com/images/g/2fgAAOSwTgFnoF3~/s-l1600.webp,https://i.ebayimg.com/images/g/gU0AAOSwsL5noF3-/s-l1600.webp,https://i.ebayimg.com/images/g/OowAAOSwTVlnoF3-/s-l1600.webp,https://i.ebayimg.com/images/g/u40AAOSwjVdnoF39/s-l1600.webp,https://i.ebayimg.com/images/g/rtMAAOSwIOtlsS0o/s-l1600.webp
293,https://i.ebayimg.com/images/g/r14AAOSw-5Nmy1gx/s-l1600.webp,https://i.ebayimg.com/images/g/CT8AAOSwBERmy1g3/s-l1600.webp,https://i.ebayimg.com/images/g/RPYAAOSwGThmy1g8/s-l1600.webp,https://i.ebayimg.com/images/g/q6wAAOSwvllmy1gV/s-l1600.webp,https://i.ebayimg.com/images/g/nGIAAOSwGvtmy1gj/s-l1600.webp,https://i.ebayimg.com/images/g/rtMAAOSwIOtlsS0o/s-l1600.webp
294,https://i.ebayimg.com/images/g/QQAAAOSw719l1fQr/s-l1600.webp,https://i.ebayimg.com/images/g/-XUAAOSwCKxl1fQh/s-l1600.webp,https://i.ebayimg.com/images/g/7UsAAOSwQ8xl1fQn/s-l1600.webp,https://i.ebayimg.com/images/g/rtMAAOSwIOtlsS0o/s-l1600.webp
295,https://i.ebayimg.com/images/g/Id8AAOSwHLpnRxNF/s-l1600.webp,https://i.ebayimg.com/images/g/yIwAAOSw4vVnRxNG/s-l1600.webp,https://i.ebayimg.com/images/g/Z50AAOSwcV9lsS8K/s-l1600.webp
296,https://i.ebayimg.com/images/g/8ioAAOSwSnxnZok4/s-l1600.webp,https://i.ebayimg.com/images/g/ZI8AAOSwm~9nZok6/s-l1600.webp,https://i.ebayimg.com/images/g/AtIAAOSw765nZok7/s-l1600.webp,https://i.ebayimg.com/images/g/MIYAAOSwi2tnZok8/s-l1600.webp,https://i.ebayimg.com/images/g/pU0AAOSwdf9nZok-/s-l1600.webp,https://i.ebayimg.com/images/g/~8AAAOSwfeZm9Rxf/s-l1600.webp
297,https://i.ebayimg.com/images/g/YqkAAOSwcnJmvebQ/s-l1600.webp,https://i.ebayimg.com/images/g/7~4AAOSw~GJmvebK/s-l1600.webp,https://i.ebayimg.com/images/g/5iAAAOSwUvJmvebS/s-l1600.webp,https://i.ebayimg.com/images/g/vqkAAOSw6qZmvebY/s-l1600.webp,https://i.ebayimg.com/images/g/7Z4AAOSwtmplsS8H/s-l1600.webp
298,https://i.ebayimg.com/images/g/bXwAAOSwOqtm5ier/s-l1600.webp,https://i.ebayimg.com/images/g/CjkAAOSw6FRm5iet/s-l1600.webp,https://i.ebayimg.com/images/g/OrkAAOSwU1dm5iep/s-l1600.webp,https://i.ebayimg.com/images/g/8iMAAOSw~ytm5ien/s-l1600.webp,https://i.ebayimg.com/images/g/K1UAAOSwZX1m5ieg/s-l1600.webp,https://i.ebayimg.com/images/g/tmYAAOSwBuRm5ied/s-l1600.webp,https://i.ebayimg.com/images/g/rXEAAOSwhJBm5iej/s-l1600.webp,https://i.ebayimg.com/images/g/kNIAAOSwt6tm5iel/s-l1600.webp,https://i.ebayimg.com/images/g/Z50AAOSwcV9lsS8K/s-l1600.webp
299,https://i.ebayimg.com/images/g/mZMAAOSwTahn9jQu/s-l1600.webp,https://i.ebayimg.com/images/g/vPoAAOSw-1xn9jQs/s-l1600.webp,https://i.ebayimg.com/images/g/MEMAAOSwGBNn9jQs/s-l1600.webp,https://i.ebayimg.com/images/g/esIAAOSwmDNn9jQs/s-l1600.webp,https://i.ebayimg.com/images/g/jHUAAOSwtTVn9jQu/s-l1600.webp,https://i.ebayimg.com/images/g/JHwAAOSwX6Jn9jQt/s-l1600.webp,https://i.ebayimg.com/images/g/rtMAAOSwIOtlsS0o/s-l1600.webp
300,https://i.ebayimg.com/images/g/6EYAAOSwgeZnXGVP/s-l1600.webp,https://i.ebayimg.com/images/g/MI0AAOSwg2BnXGVQ/s-l1600.webp,https://i.ebayimg.com/images/g/OVoAAOSwAwBnXGVR/s-l1600.webp,https://i.ebayimg.com/images/g/vYEAAOSwtSpnXGVQ/s-l1600.webp,https://i.ebayimg.com/images/g/3zoAAOSwI3lnXGVR/s-l1600.webp,https://i.ebayimg.com/images/g/0ncAAOSwuShnXGVQ/s-l1600.webp,https://i.ebayimg.com/images/g/Z50AAOSwcV9lsS8K/s-l1600.webp
301,https://i.ebayimg.com/images/g/i6YAAOSwnSplvMmq/s-l1600.webp,https://i.ebayimg.com/images/g/vo0AAOSwADFlvMmm/s-l1600.webp,https://i.ebayimg.com/images/g/H-QAAOSw~0xlvMmw/s-l1600.webp,https://i.ebayimg.com/images/g/wHwAAOSwv5plvMmt/s-l1600.webp,https://i.ebayimg.com/images/g/NBAAAOSwRYplvMmj/s-l1600.webp,https://i.ebayimg.com/images/g/j1kAAOSwi-plvMmo/s-l1600.webp,https://i.ebayimg.com/images/g/254AAOSwfC5lvMmh/s-l1600.webp,https://i.ebayimg.com/images/g/Z50AAOSwcV9lsS8K/s-l1600.webp
302,https://i.ebayimg.com/images/g/c2gAAOSwOcVnfnBD/s-l1600.webp,https://i.ebayimg.com/images/g/tvMAAOSwaqFnfnBG/s-l1600.webp,https://i.ebayimg.com/images/g/whYAAOSweypnfnBD/s-l1600.webp,https://i.ebayimg.com/images/g/TEoAAOSwNClnfnBB/s-l1600.webp,https://i.ebayimg.com/images/g/Z50AAOSwcV9lsS8K/s-l1600.webp
303,https://i.ebayimg.com/images/g/S4YAAOSwFUJnSMJn/s-l1600.webp,https://i.ebayimg.com/images/g/IaMAAOSwYA9nSMJp/s-l1600.webp,https://i.ebayimg.com/images/g/A2MAAOSwa7dnSMJt/s-l1600.webp,https://i.ebayimg.com/images/g/yD0AAOSwSXtnSMJp/s-l1600.webp,https://i.ebayimg.com/images/g/QEwAAOSwI4JnSMJq/s-l1600.webp,https://i.ebayimg.com/images/g/5OUAAOSwyvBnSMJq/s-l1600.webp,https://i.ebayimg.com/images/g/Z50AAOSwcV9lsS8K/s-l1600.webp
304,https://i.ebayimg.com/images/g/rpMAAOSwwdZnZoXd/s-l1600.webp,https://i.ebayimg.com/images/g/ZgEAAOSwYI1nZoXf/s-l1600.webp,https://i.ebayimg.com/images/g/W4wAAOSw~zhnZoXf/s-l1600.webp,https://i.ebayimg.com/images/g/IhQAAOSwqXlnZoXj/s-l1600.webp,https://i.ebayimg.com/images/g/9tsAAOSw8sNnZoXj/s-l1600.webp,https://i.ebayimg.com/images/g/76MAAOSwYZJnZoXk/s-l1600.webp,https://i.ebayimg.com/images/g/~8AAAOSwfeZm9Rxf/s-l1600.webp
305,https://i.ebayimg.com/images/g/J2oAAOSwh5tmy2C9/s-l1600.webp,https://i.ebayimg.com/images/g/2jsAAOSwVQ1my2C1/s-l1600.webp,https://i.ebayimg.com/images/g/fSwAAOSwOGtmy2C5/s-l1600.webp,https://i.ebayimg.com/images/g/NEMAAOSwLpZmy2Cq/s-l1600.webp,https://i.ebayimg.com/images/g/6CcAAOSwHJhmy2Cy/s-l1600.webp,https://i.ebayimg.com/images/g/7Z4AAOSwtmplsS8H/s-l1600.webp
306,https://i.ebayimg.com/images/g/IX0AAOSwd2lnusdD/s-l1600.webp,https://i.ebayimg.com/images/g/qQMAAOSw~zlnusdD/s-l1600.webp,https://i.ebayimg.com/images/g/SNUAAOSwSSVnusdD/s-l1600.webp,https://i.ebayimg.com/images/g/0zQAAOSwSyZnusdF/s-l1600.webp,https://i.ebayimg.com/images/g/RaUAAOSwL7pnusdD/s-l1600.webp,https://i.ebayimg.com/images/g/YTEAAOSwwytnusdE/s-l1600.webp,https://i.ebayimg.com/images/g/nXYAAOSwP~5nusdE/s-l1600.webp,https://i.ebayimg.com/images/g/Z50AAOSwcV9lsS8K/s-l1600.webp
307,https://i.ebayimg.com/images/g/3LIAAOSw5IFnYqA7/s-l1600.webp,https://i.ebayimg.com/images/g/Z-0AAOSwAG9nYqA5/s-l1600.webp,https://i.ebayimg.com/images/g/TzwAAOSwlDRnYqA8/s-l1600.webp,https://i.ebayimg.com/images/g/kGMAAOSwnA1nYqA8/s-l1600.webp,https://i.ebayimg.com/images/g/BSQAAOSwAq9nYqA7/s-l1600.webp,https://i.ebayimg.com/images/g/rtMAAOSwIOtlsS0o/s-l1600.webp
308,https://i.ebayimg.com/images/g/ifwAAOSwlPBn5V6w/s-l1600.webp,https://i.ebayimg.com/images/g/9cUAAOSw-8Bn5V6y/s-l1600.webp,https://i.ebayimg.com/images/g/igUAAOSw1QFn5V6t/s-l1600.webp,https://i.ebayimg.com/images/g/f7UAAOSwP7Rn5V61/s-l1600.webp,https://i.ebayimg.com/images/g/bXUAAOSwQ0ln5V60/s-l1600.webp,https://i.ebayimg.com/images/g/Z50AAOSwcV9lsS8K/s-l1600.webp
309,https://i.ebayimg.com/images/g/qvMAAOSwArFntZuf/s-l1600.webp,https://i.ebayimg.com/images/g/-XAAAOSw5BxntZud/s-l1600.webp,https://i.ebayimg.com/images/g/kOAAAOSwb01ntZue/s-l1600.webp,https://i.ebayimg.com/images/g/Y5kAAOSwmaZntZuf/s-l1600.webp,https://i.ebayimg.com/images/g/seoAAOSw6R5ntZuX/s-l1600.webp,https://i.ebayimg.com/images/g/uyAAAOSwSIRntZui/s-l1600.webp,https://i.ebayimg.com/images/g/ALUAAOSwyMRntZur/s-l1600.webp,https://i.ebayimg.com/images/g/ohcAAOSwH8pntZug/s-l1600.webp,https://i.ebayimg.com/images/g/rtMAAOSwIOtlsS0o/s-l1600.webp
310,https://i.ebayimg.com/images/g/-PEAAOSwz2pm5iM~/s-l1600.webp,https://i.ebayimg.com/images/g/~DUAAOSwimZm5iNB/s-l1600.webp,https://i.ebayimg.com/images/g/41EAAOSwb~9m5iM9/s-l1600.webp,https://i.ebayimg.com/images/g/yywAAOSwI0Bm5iM6/s-l1600.webp,https://i.ebayimg.com/images/g/e68AAOSwTjtm5iM4/s-l1600.webp,https://i.ebayimg.com/images/g/QHIAAOSwdRtm5iMz/s-l1600.webp,https://i.ebayimg.com/images/g/PPAAAOSw7KRm5iMw/s-l1600.webp,https://i.ebayimg.com/images/g/-qIAAOSwsWpm5iM1/s-l1600.webp,https://i.ebayimg.com/images/g/Z50AAOSwcV9lsS8K/s-l1600.webp
311,https://i.ebayimg.com/images/g/M7wAAOSwGOdmlS3Y/s-l1600.webp,https://i.ebayimg.com/images/g/FX8AAOSwpWBmlS3U/s-l1600.webp,https://i.ebayimg.com/images/g/Q68AAOSwJoxmlS3S/s-l1600.webp,https://i.ebayimg.com/images/g/Lm4AAOSw3QRmlS3P/s-l1600.webp,https://i.ebayimg.com/images/g/zcYAAOSwsy1mlS3E/s-l1600.webp,https://i.ebayimg.com/images/g/fhYAAOSwlRBmlS3L/s-l1600.webp,https://i.ebayimg.com/images/g/rtMAAOSwIOtlsS0o/s-l1600.webp
312,https://i.ebayimg.com/images/g/ahoAAOSwTn5lu7iy/s-l1600.webp,https://i.ebayimg.com/images/g/VnQAAOSwS1llu7i1/s-l1600.webp,https://i.ebayimg.com/images/g/kb0AAOSwEFZlu7iw/s-l1600.webp,https://i.ebayimg.com/images/g/NkcAAOSwYCVlu7iq/s-l1600.webp,https://i.ebayimg.com/images/g/FTEAAOSwzDZlu7in/s-l1600.webp,https://i.ebayimg.com/images/g/IKsAAOSwlIRlu7ik/s-l1600.webp,https://i.ebayimg.com/images/g/Z50AAOSwcV9lsS8K/s-l1600.webp
313,https://i.ebayimg.com/images/g/avMAAOSwi1BnvfZQ/s-l1600.webp,https://i.ebayimg.com/images/g/TYoAAOSw2ElnvfZS/s-l1600.webp,https://i.ebayimg.com/images/g/giEAAOSwKxtnvfZR/s-l1600.webp,https://i.ebayimg.com/images/g/DjgAAOSw2p9nvfZT/s-l1600.webp,https://i.ebayimg.com/images/g/Z50AAOSwcV9lsS8K/s-l1600.webp
314,https://i.ebayimg.com/images/g/Us0AAOSwsednbVGv/s-l1600.webp,https://i.ebayimg.com/images/g/AvIAAOSwNe1nbVGu/s-l1600.webp,https://i.ebayimg.com/images/g/wv0AAOSwCDpnbVGt/s-l1600.webp,https://i.ebayimg.com/images/g/I6EAAOSw5g1nbVGv/s-l1600.webp,https://i.ebayimg.com/images/g/Z50AAOSwcV9lsS8K/s-l1600.webp
315,https://i.ebayimg.com/images/g/NB0AAOSwnqtnrE90/s-l1600.webp,https://i.ebayimg.com/images/g/MTEAAOSwp0NnrE98/s-l1600.webp,https://i.ebayimg.com/images/g/HB8AAOSwJxNnrE92/s-l1600.webp,https://i.ebayimg.com/images/g/QFUAAOSwB0tnrE99/s-l1600.webp,https://i.ebayimg.com/images/g/Y4oAAOSwhrFnrE99/s-l1600.webp,https://i.ebayimg.com/images/g/T8gAAOSwT7tnrE-f/s-l1600.webp,https://i.ebayimg.com/images/g/Z50AAOSwcV9lsS8K/s-l1600.webp
316,https://i.ebayimg.com/images/g/GJUAAOSwrzRn2BA7/s-l1600.webp,https://i.ebayimg.com/images/g/WCgAAOSwH~Fn2BA8/s-l1600.webp,https://i.ebayimg.com/images/g/~1oAAOSwCedn2BA8/s-l1600.webp,https://i.ebayimg.com/images/g/Hh0AAOSwkSZn2BA8/s-l1600.webp,https://i.ebayimg.com/images/g/Z50AAOSwcV9lsS8K/s-l1600.webp
317,https://i.ebayimg.com/images/g/Kb4AAOSwDGJoDK4r/s-l1600.webp,https://i.ebayimg.com/images/g/2HAAAOSwJFVoDK4s/s-l1600.webp,https://i.ebayimg.com/images/g/qvoAAOSwoeloDK4t/s-l1600.webp,https://i.ebayimg.com/images/g/-O0AAOSwhNhoDK4q/s-l1600.webp,https://i.ebayimg.com/images/g/IOgAAOSwpa5oDK4r/s-l1600.webp,https://i.ebayimg.com/images/g/Pw8AAOSwm8doDK4t/s-l1600.webp,https://i.ebayimg.com/images/g/~1cAAOSw-JloDK5X/s-l1600.webp,https://i.ebayimg.com/images/g/Z50AAOSwcV9lsS8K/s-l1600.webp
318,https://i.ebayimg.com/images/g/ki0AAOSwiSxnCBMm/s-l1600.webp,https://i.ebayimg.com/images/g/IewAAOSwyHFnCBMk/s-l1600.webp,https://i.ebayimg.com/images/g/O4AAAOSwrvhnCBNA/s-l1600.webp,https://i.ebayimg.com/images/g/37YAAOSwsGlnCBMc/s-l1600.webp,https://i.ebayimg.com/images/g/JRQAAOSwogRlzMF3/s-l1600.webp
319,https://i.ebayimg.com/images/g/EnQAAOSwradm67mn/s-l1600.webp,https://i.ebayimg.com/images/g/-4kAAOSwu8Jm67nI/s-l1600.webp,https://i.ebayimg.com/images/g/jm4AAOSw43hm67mh/s-l1600.webp,https://i.ebayimg.com/images/g/KKYAAOSw~ndm67mW/s-l1600.webp,https://i.ebayimg.com/images/g/JRQAAOSwogRlzMF3/s-l1600.webp
320,https://i.ebayimg.com/images/g/qQQAAOSw6ctmZuWh/s-l1600.webp,https://i.ebayimg.com/images/g/t0cAAOSwDA5mZuWU/s-l1600.webp,https://i.ebayimg.com/images/g/TeQAAOSwfudmZuWe/s-l1600.webp,https://i.ebayimg.com/images/g/yQoAAOSwwRxmZuWN/s-l1600.webp,https://i.ebayimg.com/images/g/pRUAAOSwk2pmZuW5/s-l1600.webp,https://i.ebayimg.com/images/g/sSsAAOSwrOZmZuWS/s-l1600.webp,https://i.ebayimg.com/images/g/Z50AAOSwcV9lsS8K/s-l1600.webp
321,https://i.ebayimg.com/images/g/YaAAAOSwo-JnNy3z/s-l1600.webp,https://i.ebayimg.com/images/g/l1cAAOSwAdhnNy3x/s-l1600.webp,https://i.ebayimg.com/images/g/-c0AAOSwZ6lnNy3w/s-l1600.webp,https://i.ebayimg.com/images/g/TEkAAOSwrSNnNy3u/s-l1600.webp,https://i.ebayimg.com/images/g/3iwAAOSwF81nNy3y/s-l1600.webp,https://i.ebayimg.com/images/g/sioAAOSwpSJnNy30/s-l1600.webp,https://i.ebayimg.com/images/g/rtMAAOSwIOtlsS0o/s-l1600.webp
322,https://i.ebayimg.com/images/g/~mMAAOSwN4Nl10zm/s-l1600.webp,https://i.ebayimg.com/images/g/ckAAAOSwnNZl10zZ/s-l1600.webp,https://i.ebayimg.com/images/g/~64AAOSwwWZl10zj/s-l1600.webp,https://i.ebayimg.com/images/g/zQwAAOSwNoxl10zp/s-l1600.webp,https://i.ebayimg.com/images/g/C60AAOSwoNVl10zS/s-l1600.webp,https://i.ebayimg.com/images/g/M8wAAOSwORZl10zX/s-l1600.webp,https://i.ebayimg.com/images/g/Q~QAAOSwzKdlsS7a/s-l1600.webp
323,https://i.ebayimg.com/images/g/lWIAAOSw50pmZuDq/s-l1600.webp,https://i.ebayimg.com/images/g/ciYAAOSwdWxmZuDi/s-l1600.webp,https://i.ebayimg.com/images/g/WtMAAOSwVxRmZuDf/s-l1600.webp,https://i.ebayimg.com/images/g/F6oAAOSwPbhmZuDk/s-l1600.webp,https://i.ebayimg.com/images/g/MEgAAOSwAqxmZuDn/s-l1600.webp,https://i.ebayimg.com/images/g/yAoAAOSw5PdmZuDc/s-l1600.webp,https://i.ebayimg.com/images/g/bN8AAOSwb69mZuD-/s-l1600.webp,https://i.ebayimg.com/images/g/Z50AAOSwcV9lsS8K/s-l1600.webp
324,https://i.ebayimg.com/images/g/19MAAOSw~NtnoxUy/s-l1600.webp,https://i.ebayimg.com/images/g/JMQAAOSwvmVnoxUx/s-l1600.webp,https://i.ebayimg.com/images/g/Xr8AAOSwUvNnoxUy/s-l1600.webp,https://i.ebayimg.com/images/g/kqoAAOSwW4FnoxUz/s-l1600.webp,https://i.ebayimg.com/images/g/7GEAAOSwjvtnoxUz/s-l1600.webp,https://i.ebayimg.com/images/g/2ZoAAOSwUy1noxUz/s-l1600.webp,https://i.ebayimg.com/images/g/rtMAAOSwIOtlsS0o/s-l1600.webp
325,https://i.ebayimg.com/images/g/0-IAAOSwcK1noHBK/s-l1600.webp,https://i.ebayimg.com/images/g/A4oAAOSw68RnoHBC/s-l1600.webp,https://i.ebayimg.com/images/g/XBEAAOSw-GdnoHBZ/s-l1600.webp,https://i.ebayimg.com/images/g/pUQAAOSwEHNnoHBH/s-l1600.webp,https://i.ebayimg.com/images/g/23MAAOSw5OJnoHBH/s-l1600.webp,https://i.ebayimg.com/images/g/rtMAAOSwIOtlsS0o/s-l1600.webp
326,https://i.ebayimg.com/images/g/~KMAAOSwU8xnBPFS/s-l1600.webp,https://i.ebayimg.com/images/g/n2YAAOSwol1nBPFK/s-l1600.webp,https://i.ebayimg.com/images/g/hWgAAOSwtVdnBPFO/s-l1600.webp,https://i.ebayimg.com/images/g/S-IAAOSwICpnBPFe/s-l1600.webp,https://i.ebayimg.com/images/g/N38AAOSwWQ1nBPFW/s-l1600.webp,https://i.ebayimg.com/images/g/z1QAAOSwKoFnBPFa/s-l1600.webp,https://i.ebayimg.com/images/g/v78AAOSw5U5nBPFF/s-l1600.webp,https://i.ebayimg.com/images/g/QhsAAOSw~FBnBPFA/s-l1600.webp,https://i.ebayimg.com/images/g/Z50AAOSwcV9lsS8K/s-l1600.webp
327,https://i.ebayimg.com/images/g/2aMAAOSwySBmlTYS/s-l1600.webp,https://i.ebayimg.com/images/g/QYEAAOSwV-BmlTYP/s-l1600.webp,https://i.ebayimg.com/images/g/M-4AAOSwmvdmlTYJ/s-l1600.webp,https://i.ebayimg.com/images/g/aX0AAOSwUZVmlTYL/s-l1600.webp,https://i.ebayimg.com/images/g/sj0AAOSwiF5mlTYp/s-l1600.webp,https://i.ebayimg.com/images/g/UAIAAOSw5gZmlTYG/s-l1600.webp,https://i.ebayimg.com/images/g/7Z4AAOSwtmplsS8H/s-l1600.webp
328,https://i.ebayimg.com/images/g/e9kAAOSwYTpm9EMw/s-l1600.webp,https://i.ebayimg.com/images/g/4XEAAOSwckBm9EMt/s-l1600.webp,https://i.ebayimg.com/images/g/MJIAAOSwj91m9EMp/s-l1600.webp,https://i.ebayimg.com/images/g/YPwAAOSwe9dm9EMl/s-l1600.webp,https://i.ebayimg.com/images/g/LmAAAOSwax1m9EMe/s-l1600.webp,https://i.ebayimg.com/images/g/rtMAAOSwIOtlsS0o/s-l1600.webp
329,https://i.ebayimg.com/images/g/ADQAAOSwhwtnl4vO/s-l1600.webp,https://i.ebayimg.com/images/g/NDQAAOSw2Z9nl4vN/s-l1600.webp,https://i.ebayimg.com/images/g/DwsAAOSwByVnl4vS/s-l1600.webp,https://i.ebayimg.com/images/g/5GQAAOSwhwpnl4v4/s-l1600.webp,https://i.ebayimg.com/images/g/Z50AAOSwcV9lsS8K/s-l1600.webp
330,https://i.ebayimg.com/images/g/2bEAAOSw4gxn0B3U/s-l1600.webp,https://i.ebayimg.com/images/g/aSQAAOSw00Jn0B3S/s-l1600.webp,https://i.ebayimg.com/images/g/BC8AAOSwHHVn0B3U/s-l1600.webp,https://i.ebayimg.com/images/g/5LMAAOSwZsBn0B4G/s-l1600.webp,https://i.ebayimg.com/images/g/td4AAOSwjNFn0B3T/s-l1600.webp,https://i.ebayimg.com/images/g/q1cAAOSwUgFn0B3b/s-l1600.webp,https://i.ebayimg.com/images/g/rtMAAOSwIOtlsS0o/s-l1600.webp
331,https://i.ebayimg.com/images/g/eGUAAOSwJwxls4Ed/s-l1600.webp,https://i.ebayimg.com/images/g/ZsUAAOSww4tls4EV/s-l1600.webp,https://i.ebayimg.com/images/g/QKYAAOSw~A1ls4ES/s-l1600.webp,https://i.ebayimg.com/images/g/k8UAAOSwdu5ls4EX/s-l1600.webp,https://i.ebayimg.com/images/g/WfEAAOSwQxtls4Ea/s-l1600.webp,https://i.ebayimg.com/images/g/NtcAAOSwsJtls4EP/s-l1600.webp,https://i.ebayimg.com/images/g/Z50AAOSwcV9lsS8K/s-l1600.webp
332,https://i.ebayimg.com/images/g/0W8AAOSwjOBoDKmT/s-l1600.webp,https://i.ebayimg.com/images/g/AS8AAOSwjy9oDKmQ/s-l1600.webp,https://i.ebayimg.com/images/g/YL4AAOSwMoJoDKmQ/s-l1600.webp,https://i.ebayimg.com/images/g/pkMAAOSwoeloDKmQ/s-l1600.webp,https://i.ebayimg.com/images/g/7MQAAOSwHatoDKmQ/s-l1600.webp,https://i.ebayimg.com/images/g/Oz4AAOSwZgloDKmU/s-l1600.webp,https://i.ebayimg.com/images/g/UfwAAOSwoEJoDKmR/s-l1600.webp,https://i.ebayimg.com/images/g/Z50AAOSwcV9lsS8K/s-l1600.webp
333,https://i.ebayimg.com/images/g/y-EAAOSwjEpoEeDC/s-l1600.webp,https://i.ebayimg.com/images/g/2PgAAOSwksBoEeDI/s-l1600.webp,https://i.ebayimg.com/images/g/Ui4AAOSwxNBoEeDH/s-l1600.webp,https://i.ebayimg.com/images/g/fxcAAOSwwzJoEeDE/s-l1600.webp,https://i.ebayimg.com/images/g/jHsAAOSw4OtoEeDF/s-l1600.webp,https://i.ebayimg.com/images/g/UbwAAOSwGOVoEeDA/s-l1600.webp,https://i.ebayimg.com/images/g/uvQAAOSww4loEeDF/s-l1600.webp,https://i.ebayimg.com/images/g/y7MAAOSwp6JoEeDJ/s-l1600.webp,https://i.ebayimg.com/images/g/7Z4AAOSwtmplsS8H/s-l1600.webp,https://i.ebayimg.com/images/g/GxsAAOSwRC9oEeDa/s-l1600.webp,https://i.ebayimg.com/images/g/FjsAAOSwIuBoEeDc/s-l1600.webp
334,https://i.ebayimg.com/images/g/oL4AAOSwy5lmyGa-/s-l1600.webp,https://i.ebayimg.com/images/g/~c8AAOSw4vFmyGaq/s-l1600.webp,https://i.ebayimg.com/images/g/YvkAAOSwaeNmyGae/s-l1600.webp,https://i.ebayimg.com/images/g/6nwAAOSwgppmyGaQ/s-l1600.webp,https://i.ebayimg.com/images/g/rtMAAOSwIOtlsS0o/s-l1600.webp
335,https://i.ebayimg.com/images/g/fu0AAOSwiglnpbgh/s-l1600.webp,https://i.ebayimg.com/images/g/m3sAAOSwcYpnpbgn/s-l1600.webp,https://i.ebayimg.com/images/g/t~QAAOSw4U9npbgn/s-l1600.webp,https://i.ebayimg.com/images/g/V8gAAOSwvD9npbgu/s-l1600.webp,https://i.ebayimg.com/images/g/pb0AAOSwKWNnpbgw/s-l1600.webp,https://i.ebayimg.com/images/g/fKgAAOSwjapnpbg3/s-l1600.webp,https://i.ebayimg.com/images/g/0a8AAOSwVbBnpbg0/s-l1600.webp,https://i.ebayimg.com/images/g/jK4AAOSw53xnpbg6/s-l1600.webp,https://i.ebayimg.com/images/g/rtMAAOSwIOtlsS0o/s-l1600.webp
336,https://i.ebayimg.com/images/g/gqUAAOSwWO5nxwYw/s-l1600.webp,https://i.ebayimg.com/images/g/BYcAAOSwiMJnxwYx/s-l1600.webp,https://i.ebayimg.com/images/g/8yUAAOSwbYpnxwYw/s-l1600.webp,https://i.ebayimg.com/images/g/XQwAAOSwaONnxwYs/s-l1600.webp,https://i.ebayimg.com/images/g/-88AAOSwFfhnxwY1/s-l1600.webp,https://i.ebayimg.com/images/g/uRoAAOSw-vlnxwYu/s-l1600.webp,https://i.ebayimg.com/images/g/sUsAAOSwYH1nxwYt/s-l1600.webp,https://i.ebayimg.com/images/g/UIoAAOSwCwZnxwYv/s-l1600.webp,https://i.ebayimg.com/images/g/D9QAAOSwmaZnxwYw/s-l1600.webp,https://i.ebayimg.com/images/g/VTUAAOSwdoFnxwZf/s-l1600.webp,https://i.ebayimg.com/images/g/UmcAAOSwuTdnxwYz/s-l1600.webp,https://i.ebayimg.com/images/g/YvoAAOSwyd5nxwYw/s-l1600.webp,https://i.ebayimg.com/images/g/8fkAAOSwxC1nxwY0/s-l1600.webp,https://i.ebayimg.com/images/g/5dgAAOSwrmdnxwYz/s-l1600.webp,https://i.ebayimg.com/images/g/7Z4AAOSwtmplsS8H/s-l1600.webp
337,https://i.ebayimg.com/images/g/cc0AAOSwQ1RnTvu8/s-l1600.webp,https://i.ebayimg.com/images/g/NRUAAOSwujtnTvu4/s-l1600.webp,https://i.ebayimg.com/images/g/sFMAAOSwOxNnTvu7/s-l1600.webp,https://i.ebayimg.com/images/g/Qg0AAOSwFkFnTvvA/s-l1600.webp,https://i.ebayimg.com/images/g/ad4AAOSwON5nTvu5/s-l1600.webp,https://i.ebayimg.com/images/g/Z8cAAOSwypRnTvu6/s-l1600.webp,https://i.ebayimg.com/images/g/OuEAAOSwAsNnTvu7/s-l1600.webp,https://i.ebayimg.com/images/g/QkwAAOSw30VnTvu6/s-l1600.webp,https://i.ebayimg.com/images/g/Z50AAOSwcV9lsS8K/s-l1600.webp
338,https://i.ebayimg.com/images/g/fD4AAOSwUhJmgPYU/s-l1600.webp,https://i.ebayimg.com/images/g/n9IAAOSwG3xmgPYW/s-l1600.webp,https://i.ebayimg.com/images/g/mvcAAOSwyrNmgPYS/s-l1600.webp,https://i.ebayimg.com/images/g/E60AAOSw-F9mgPYO/s-l1600.webp,https://i.ebayimg.com/images/g/udQAAOSw-0tmgPY1/s-l1600.webp,https://i.ebayimg.com/images/g/fDEAAOSwUhJmgPYL/s-l1600.webp,https://i.ebayimg.com/images/g/Z50AAOSwcV9lsS8K/s-l1600.webp
339,https://i.ebayimg.com/images/g/lvoAAOSwjQ5myHGc/s-l1600.webp,https://i.ebayimg.com/images/g/DRIAAOSwFrlmyHGa/s-l1600.webp,https://i.ebayimg.com/images/g/TTsAAOSwpJFmyHGf/s-l1600.webp,https://i.ebayimg.com/images/g/1h0AAOSw1zVmyHGR/s-l1600.webp,https://i.ebayimg.com/images/g/hRoAAOSwl-FmyHGL/s-l1600.webp,https://i.ebayimg.com/images/g/cOYAAOSwIoBmyHGX/s-l1600.webp,https://i.ebayimg.com/images/g/rtMAAOSwIOtlsS0o/s-l1600.webp
340,https://i.ebayimg.com/images/g/AagAAOSwXgZnl4jQ/s-l1600.webp,https://i.ebayimg.com/images/g/WAQAAOSw4-Vnl4jQ/s-l1600.webp,https://i.ebayimg.com/images/g/aJEAAOSw8Rxnl4jQ/s-l1600.webp,https://i.ebayimg.com/images/g/Z50AAOSwcV9lsS8K/s-l1600.webp
341,https://i.ebayimg.com/images/g/kAYAAOSwKt1n8CaN/s-l1600.webp,https://i.ebayimg.com/images/g/HBAAAOSwKBln8CaQ/s-l1600.webp,https://i.ebayimg.com/images/g/LwoAAOSwMSNn8CaQ/s-l1600.webp,https://i.ebayimg.com/images/g/OfkAAOSwoLln8CaQ/s-l1600.webp,https://i.ebayimg.com/images/g/-XYAAOSwujFn8CaP/s-l1600.webp,https://i.ebayimg.com/images/g/qOcAAOSw8ztn8CaQ/s-l1600.webp,https://i.ebayimg.com/images/g/QyQAAOSw0Epn8CaR/s-l1600.webp,https://i.ebayimg.com/images/g/Z50AAOSwcV9lsS8K/s-l1600.webp
342,https://i.ebayimg.com/images/g/W6wAAOSwLGpmXIk7/s-l1600.webp,https://i.ebayimg.com/images/g/ThwAAOSwCExmXIk6/s-l1600.webp,https://i.ebayimg.com/images/g/5rYAAOSw35ZmXIk8/s-l1600.webp,https://i.ebayimg.com/images/g/HcIAAOSwuf5mXIk5/s-l1600.webp,https://i.ebayimg.com/images/g/Z50AAOSwcV9lsS8K/s-l1600.webp
343,https://i.ebayimg.com/images/g/dUMAAOSwbOJnpeK9/s-l1600.webp,https://i.ebayimg.com/images/g/hKEAAOSwAV5npeK9/s-l1600.webp,https://i.ebayimg.com/images/g/3QAAAOSwY5JnpeLL/s-l1600.webp,https://i.ebayimg.com/images/g/c9IAAOSwTApnpeLT/s-l1600.webp,https://i.ebayimg.com/images/g/f38AAOSwujRnpeLb/s-l1600.webp,https://i.ebayimg.com/images/g/xoUAAOSwuvNnpeLZ/s-l1600.webp,https://i.ebayimg.com/images/g/bzkAAOSwXDVnpeLJ/s-l1600.webp,https://i.ebayimg.com/images/g/4I4AAOSwtQtnpeLJ/s-l1600.webp,https://i.ebayimg.com/images/g/HKUAAOSwtQRnpeLR/s-l1600.webp,https://i.ebayimg.com/images/g/-BwAAOSwzrdnpeLZ/s-l1600.webp,https://i.ebayimg.com/images/g/M7UAAOSwJuRnpeLT/s-l1600.webp,https://i.ebayimg.com/images/g/mOsAAOSwlPtnpeLS/s-l1600.webp,https://i.ebayimg.com/images/g/rtMAAOSwIOtlsS0o/s-l1600.webp,https://i.ebayimg.com/images/g/P9wAAOSwhxhnpeLg/s-l1600.webp,https://i.ebayimg.com/images/g/6TkAAOSwC-NnpeLp/s-l1600.webp
344,https://i.ebayimg.com/images/g/pv0AAOSw6m1nxYZh/s-l1600.webp,https://i.ebayimg.com/images/g/UMYAAOSw3xVnxYZg/s-l1600.webp,https://i.ebayimg.com/images/g/poAAAOSwXDpnxYZh/s-l1600.webp,https://i.ebayimg.com/images/g/i4EAAOSwza1nxYZh/s-l1600.webp,https://i.ebayimg.com/images/g/L1QAAOSwVrlnxYZj/s-l1600.webp,https://i.ebayimg.com/images/g/-OgAAOSwJANnxYae/s-l1600.webp,https://i.ebayimg.com/images/g/-IsAAOSwJANnxYZi/s-l1600.webp,https://i.ebayimg.com/images/g/7Z4AAOSwtmplsS8H/s-l1600.webp
345,https://i.ebayimg.com/images/g/2eMAAOSwr4xls5s1/s-l1600.webp,https://i.ebayimg.com/images/g/spAAAOSwHjdls5sz/s-l1600.webp,https://i.ebayimg.com/images/g/B8wAAOSwMKhls5sy/s-l1600.webp,https://i.ebayimg.com/images/g/fhwAAOSwWpBls5sw/s-l1600.webp,https://i.ebayimg.com/images/g/P4cAAOSwlN1ls5tK/s-l1600.webp,https://i.ebayimg.com/images/g/Z50AAOSwcV9lsS8K/s-l1600.webp
346,https://i.ebayimg.com/images/g/j8oAAOSwZbJmvfCt/s-l1600.webp,https://i.ebayimg.com/images/g/H6wAAOSw15ZmvfCk/s-l1600.webp,https://i.ebayimg.com/images/g/f2EAAOSwg7dmvfC3/s-l1600.webp,https://i.ebayimg.com/images/g/vesAAOSwCaNmvfC-/s-l1600.webp,https://i.ebayimg.com/images/g/fEAAAOSwD4RmvfCR/s-l1600.webp,https://i.ebayimg.com/images/g/eJ8AAOSwpiNmvfCb/s-l1600.webp,https://i.ebayimg.com/images/g/rtMAAOSwIOtlsS0o/s-l1600.webp
347,https://i.ebayimg.com/images/g/-UEAAOSwToJnLeMR/s-l1600.webp,https://i.ebayimg.com/images/g/uiUAAOSwo-JnLeMR/s-l1600.webp,https://i.ebayimg.com/images/g/BhIAAOSwMepnLeMQ/s-l1600.webp,https://i.ebayimg.com/images/g/tpIAAOSweeJnLeMP/s-l1600.webp,https://i.ebayimg.com/images/g/Is0AAOSwirtnLeMT/s-l1600.webp,https://i.ebayimg.com/images/g/WXoAAOSwdllnLeMU/s-l1600.webp,https://i.ebayimg.com/images/g/C6IAAOSw5sZnLeMV/s-l1600.webp,https://i.ebayimg.com/images/g/Z50AAOSwcV9lsS8K/s-l1600.webp
348,https://i.ebayimg.com/images/g/xPkAAOSwGzBno0rX/s-l1600.webp,https://i.ebayimg.com/images/g/h~8AAOSwus5no0ra/s-l1600.webp,https://i.ebayimg.com/images/g/JvQAAOSwCMtno0rX/s-l1600.webp,https://i.ebayimg.com/images/g/gCUAAOSwemhno0rW/s-l1600.webp,https://i.ebayimg.com/images/g/JN4AAOSw-4Fno0rd/s-l1600.webp,https://i.ebayimg.com/images/g/zzUAAOSwGhNno0ra/s-l1600.webp,https://i.ebayimg.com/images/g/se4AAOSw5ZJno0re/s-l1600.webp,https://i.ebayimg.com/images/g/WmgAAOSw2r9no0rf/s-l1600.webp,https://i.ebayimg.com/images/g/rtMAAOSwIOtlsS0o/s-l1600.webp
349,https://i.ebayimg.com/images/g/lVQAAOSw6k9lvJ2~/s-l1600.webp,https://i.ebayimg.com/images/g/YVAAAOSwjUdlvJ28/s-l1600.webp,https://i.ebayimg.com/images/g/BeEAAOSwbj1lvJ26/s-l1600.webp,https://i.ebayimg.com/images/g/e9wAAOSwyUxlvJ2y/s-l1600.webp,https://i.ebayimg.com/images/g/sUMAAOSwb7dlvJ3B/s-l1600.webp,https://i.ebayimg.com/images/g/Um4AAOSwa6xlvJ29/s-l1600.webp,https://i.ebayimg.com/images/g/0vMAAOSwRYplvJ24/s-l1600.webp,https://i.ebayimg.com/images/g/9lcAAOSwcAllvJ22/s-l1600.webp,https://i.ebayimg.com/images/g/Z50AAOSwcV9lsS8K/s-l1600.webp,https://i.ebayimg.com/images/g/EC8AAOSwTnhlvJ2~/s-l1600.webp,https://i.ebayimg.com/images/g/xCsAAOSwFi1lvJ3E/s-l1600.webp
350,https://i.ebayimg.com/images/g/llQAAOSwGnZnimNw/s-l1600.webp,https://i.ebayimg.com/images/g/ilQAAOSwF5hnimNz/s-l1600.webp,https://i.ebayimg.com/images/g/ypYAAOSwRXpnimNl/s-l1600.webp,https://i.ebayimg.com/images/g/eNYAAOSw1gxnimNp/s-l1600.webp,https://i.ebayimg.com/images/g/NKQAAOSwEp1nimNt/s-l1600.webp,https://i.ebayimg.com/images/g/ha8AAOSwP9lnimN4/s-l1600.webp,https://i.ebayimg.com/images/g/yrwAAOSwRXpnimN5/s-l1600.webp,https://i.ebayimg.com/images/g/Z50AAOSwcV9lsS8K/s-l1600.webp
351,https://i.ebayimg.com/images/g/r8sAAOSwOcVlueUS/s-l1600.webp,https://i.ebayimg.com/images/g/Lx8AAOSw9ABlueUW/s-l1600.webp,https://i.ebayimg.com/images/g/tIkAAOSwgYJlueUY/s-l1600.webp,https://i.ebayimg.com/images/g/TAoAAOSwIjVlueUU/s-l1600.webp,https://i.ebayimg.com/images/g/gRwAAOSws71lueUQ/s-l1600.webp,https://i.ebayimg.com/images/g/Z50AAOSwcV9lsS8K/s-l1600.webp
352,https://i.ebayimg.com/images/g/A3EAAOSwUWBnoxIT/s-l1600.webp,https://i.ebayimg.com/images/g/w40AAOSwTJtnoxIN/s-l1600.webp,https://i.ebayimg.com/images/g/O~0AAOSwwc1noxIN/s-l1600.webp,https://i.ebayimg.com/images/g/jV8AAOSw3lRnoxIN/s-l1600.webp,https://i.ebayimg.com/images/g/eH4AAOSwActnoxIQ/s-l1600.webp,https://i.ebayimg.com/images/g/NzUAAOSwB9lnoxIP/s-l1600.webp,https://i.ebayimg.com/images/g/3TAAAOSw4oBnoxIQ/s-l1600.webp,https://i.ebayimg.com/images/g/rtMAAOSwIOtlsS0o/s-l1600.webp
353,https://i.ebayimg.com/images/g/LJQAAOSwj2VnxYfo/s-l1600.webp,https://i.ebayimg.com/images/g/6eYAAOSwtztnxYfp/s-l1600.webp,https://i.ebayimg.com/images/g/wFAAAOSwcTxnxYfo/s-l1600.webp,https://i.ebayimg.com/images/g/NEQAAOSwZkpnxYfm/s-l1600.webp,https://i.ebayimg.com/images/g/OwkAAOSwxLdnxYfo/s-l1600.webp,https://i.ebayimg.com/images/g/Au0AAOSwGlZnxYfp/s-l1600.webp,https://i.ebayimg.com/images/g/-rwAAOSwea5nxYfp/s-l1600.webp,https://i.ebayimg.com/images/g/Bq8AAOSwCylnxYfo/s-l1600.webp,https://i.ebayimg.com/images/g/7Z4AAOSwtmplsS8H/s-l1600.webp
354,https://i.ebayimg.com/images/g/2vwAAOSwwkxnXGqc/s-l1600.webp,https://i.ebayimg.com/images/g/FKAAAOSwlgxnXGqg/s-l1600.webp,https://i.ebayimg.com/images/g/IJgAAOSwYhRnXGqg/s-l1600.webp,https://i.ebayimg.com/images/g/0RwAAOSw0vxnXGqf/s-l1600.webp,https://i.ebayimg.com/images/g/Z50AAOSwcV9lsS8K/s-l1600.webp
355,https://i.ebayimg.com/images/g/0gAAAOSwEttm1gfW/s-l1600.webp,https://i.ebayimg.com/images/g/AfMAAOSw0Sdm1gfL/s-l1600.webp,https://i.ebayimg.com/images/g/a4kAAOSwvIxm1gfO/s-l1600.webp,https://i.ebayimg.com/images/g/7cEAAOSw8gdm1gfG/s-l1600.webp,https://i.ebayimg.com/images/g/nkcAAOSwx4Zm1gfJ/s-l1600.webp,https://i.ebayimg.com/images/g/Z50AAOSwcV9lsS8K/s-l1600.webp
356,https://i.ebayimg.com/images/g/QrAAAOSwLZxlvl4m/s-l1600.webp,https://i.ebayimg.com/images/g/QqsAAOSw8vJlvl4j/s-l1600.webp,https://i.ebayimg.com/images/g/czwAAOSwNwVlvl4h/s-l1600.webp,https://i.ebayimg.com/images/g/rtMAAOSwIOtlsS0o/s-l1600.webp
357,https://i.ebayimg.com/images/g/CcAAAOSw2gVnilxF/s-l1600.webp,https://i.ebayimg.com/images/g/TY4AAOSwcf5nilw5/s-l1600.webp,https://i.ebayimg.com/images/g/K20AAOSwjepnilxA/s-l1600.webp,https://i.ebayimg.com/images/g/K~UAAOSwsXtnilw2/s-l1600.webp,https://i.ebayimg.com/images/g/jK8AAOSwcsZnilxE/s-l1600.webp,https://i.ebayimg.com/images/g/MokAAOSwS2JnilxD/s-l1600.webp,https://i.ebayimg.com/images/g/P-YAAOSwLPJnilxE/s-l1600.webp,https://i.ebayimg.com/images/g/2vYAAOSwWeRnilxJ/s-l1600.webp,https://i.ebayimg.com/images/g/Z50AAOSwcV9lsS8K/s-l1600.webp
358,https://i.ebayimg.com/images/g/ek4AAOSwPMNm7AYH/s-l1600.webp,https://i.ebayimg.com/images/g/T1MAAOSwTwhm7AYK/s-l1600.webp,https://i.ebayimg.com/images/g/6HMAAOSwzKdm7AYO/s-l1600.webp,https://i.ebayimg.com/images/g/CNoAAOSwkwBm7AY6/s-l1600.webp,https://i.ebayimg.com/images/g/JRQAAOSwogRlzMF3/s-l1600.webp
359,https://i.ebayimg.com/images/g/VEIAAOSwwDBn3DAo/s-l1600.webp,https://i.ebayimg.com/images/g/o7sAAOSwewln3C~r/s-l1600.webp,https://i.ebayimg.com/images/g/8i4AAOSw1Wxn3C~9/s-l1600.webp,https://i.ebayimg.com/images/g/BD4AAOSwLg9n3C~v/s-l1600.webp,https://i.ebayimg.com/images/g/rMsAAOSwhJRn3C~t/s-l1600.webp,https://i.ebayimg.com/images/g/FFIAAOSweeRn3C~8/s-l1600.webp,https://i.ebayimg.com/images/g/Ox8AAOSw8k5n3C~5/s-l1600.webp,https://i.ebayimg.com/images/g/EbAAAOSwMBZn3C~v/s-l1600.webp,https://i.ebayimg.com/images/g/JLQAAOSwwEpn3C~6/s-l1600.webp,https://i.ebayimg.com/images/g/lgYAAOSwTEJn3C~7/s-l1600.webp,https://i.ebayimg.com/images/g/6xIAAOSwK3Rn3C~w/s-l1600.webp,https://i.ebayimg.com/images/g/fWoAAOSwnQVn3C~0/s-l1600.webp,https://i.ebayimg.com/images/g/bkIAAOSwcP9n3C~0/s-l1600.webp,https://i.ebayimg.com/images/g/7Z4AAOSwtmplsS8H/s-l1600.webp,https://i.ebayimg.com/images/g/UDIAAOSwWotn3C~8/s-l1600.webp,https://i.ebayimg.com/images/g/LuwAAOSwCQpn3DAG/s-l1600.webp,https://i.ebayimg.com/images/g/hJ4AAOSwcLtn3DAO/s-l1600.webp,https://i.ebayimg.com/images/g/1cMAAOSwQlln3DAX/s-l1600.webp
360,https://i.ebayimg.com/images/g/QzQAAOSwMpBno17j/s-l1600.webp,https://i.ebayimg.com/images/g/8LkAAOSw72Jno17k/s-l1600.webp,https://i.ebayimg.com/images/g/SucAAOSwzVdno17m/s-l1600.webp,https://i.ebayimg.com/images/g/D04AAOSwkupno17l/s-l1600.webp,https://i.ebayimg.com/images/g/nGcAAOSwus5no17l/s-l1600.webp,https://i.ebayimg.com/images/g/rtMAAOSwIOtlsS0o/s-l1600.webp
361,https://i.ebayimg.com/images/g/3jcAAOSwy8lnEQLb/s-l1600.webp,https://i.ebayimg.com/images/g/e94AAOSwLatnEQLX/s-l1600.webp,https://i.ebayimg.com/images/g/jn0AAOSw4tFnEQLf/s-l1600.webp,https://i.ebayimg.com/images/g/EpwAAOSwvRhnEQLS/s-l1600.webp,https://i.ebayimg.com/images/g/9EIAAOSwqntnEQLP/s-l1600.webp,https://i.ebayimg.com/images/g/wwQAAOSwlCpnEQLL/s-l1600.webp,https://i.ebayimg.com/images/g/rtMAAOSwIOtlsS0o/s-l1600.webp
362,https://i.ebayimg.com/images/g/L3IAAOSwfvZmyiMF/s-l1600.webp,https://i.ebayimg.com/images/g/aAIAAOSwETdmyiMs/s-l1600.webp,https://i.ebayimg.com/images/g/3KoAAOSwzgtmyiMO/s-l1600.webp,https://i.ebayimg.com/images/g/EpEAAOSwBdhmyiMW/s-l1600.webp,https://i.ebayimg.com/images/g/G5oAAOSw9QJmyiMC/s-l1600.webp,https://i.ebayimg.com/images/g/skUAAOSwKzdmyiL~/s-l1600.webp,https://i.ebayimg.com/images/g/Z50AAOSwcV9lsS8K/s-l1600.webp
363,https://i.ebayimg.com/images/g/5EMAAOSw4hZoMe73/s-l1600.webp,https://i.ebayimg.com/images/g/Yi8AAOSwP0RoMe72/s-l1600.webp,https://i.ebayimg.com/images/g/vrAAAOSwAV9oMe72/s-l1600.webp,https://i.ebayimg.com/images/g/Z50AAOSwcV9lsS8K/s-l1600.webp
364,https://i.ebayimg.com/images/g/jKcAAOSwr0Nls5ZV/s-l1600.webp,https://i.ebayimg.com/images/g/PB4AAOSweQNls5ZT/s-l1600.webp,https://i.ebayimg.com/images/g/0ScAAOSwPFZls5Zn/s-l1600.webp,https://i.ebayimg.com/images/g/cngAAOSwRGdls5ZS/s-l1600.webp,https://i.ebayimg.com/images/g/Z50AAOSwcV9lsS8K/s-l1600.webp
365,https://i.ebayimg.com/images/g/LvIAAOSw2qRoFNI8/s-l1600.webp,https://i.ebayimg.com/images/g/K5EAAOSwzfZoFNI9/s-l1600.webp,https://i.ebayimg.com/images/g/RS8AAOSw~wpoFNI5/s-l1600.webp,https://i.ebayimg.com/images/g/DhwAAOSwctNoFNI5/s-l1600.webp,https://i.ebayimg.com/images/g/GY8AAOSwcTZoFNI9/s-l1600.webp,https://i.ebayimg.com/images/g/qqgAAOSwtdFoFNI7/s-l1600.webp,https://i.ebayimg.com/images/g/Z50AAOSwcV9lsS8K/s-l1600.webp
366,https://i.ebayimg.com/images/g/wiQAAOSwYNRoLawl/s-l1600.webp,https://i.ebayimg.com/images/g/FtQAAOSw~IJoLawl/s-l1600.webp,https://i.ebayimg.com/images/g/pAsAAOSw0t9oLawm/s-l1600.webp,https://i.ebayimg.com/images/g/ZuwAAOSwxpdoLawm/s-l1600.webp,https://i.ebayimg.com/images/g/B8kAAOSwvhZoLawn/s-l1600.webp,https://i.ebayimg.com/images/g/w4kAAOSwH~1oLawj/s-l1600.webp,https://i.ebayimg.com/images/g/Z50AAOSwcV9lsS8K/s-l1600.webp
367,https://i.ebayimg.com/images/g/4c0AAOSw3z5ntGsw/s-l1600.webp,https://i.ebayimg.com/images/g/lEYAAOSw0ihntGsx/s-l1600.webp,https://i.ebayimg.com/images/g/nt4AAOSwmaZntGsy/s-l1600.webp,https://i.ebayimg.com/images/g/Sk4AAOSwKxtntGsy/s-l1600.webp,https://i.ebayimg.com/images/g/RYgAAOSwqJxntGsv/s-l1600.webp,https://i.ebayimg.com/images/g/jJUAAOSwOL5ntGsw/s-l1600.webp,https://i.ebayimg.com/images/g/Q4wAAOSwYU1ntGtJ/s-l1600.webp,https://i.ebayimg.com/images/g/0P0AAOSwl5VntGsr/s-l1600.webp,https://i.ebayimg.com/images/g/Z50AAOSwcV9lsS8K/s-l1600.webp
368,https://i.ebayimg.com/images/g/KrYAAOSwYxFnXGko/s-l1600.webp,https://i.ebayimg.com/images/g/mdEAAOSwl3JnXGkp/s-l1600.webp,https://i.ebayimg.com/images/g/dAEAAOSwt8JnXGkx/s-l1600.webp,https://i.ebayimg.com/images/g/eBwAAOSwRBpnXGkv/s-l1600.webp,https://i.ebayimg.com/images/g/3KsAAOSwpIZnXGkr/s-l1600.webp,https://i.ebayimg.com/images/g/Z50AAOSwcV9lsS8K/s-l1600.webp
369,https://i.ebayimg.com/images/g/jToAAOSw0vJmZuRD/s-l1600.webp,https://i.ebayimg.com/images/g/SVAAAOSw98tmZuRA/s-l1600.webp,https://i.ebayimg.com/images/g/4GoAAOSwhFpmZuQ8/s-l1600.webp,https://i.ebayimg.com/images/g/yC8AAOSwbuZmZuQ1/s-l1600.webp,https://i.ebayimg.com/images/g/JqgAAOSwY0BmZuQ5/s-l1600.webp,https://i.ebayimg.com/images/g/X6cAAOSwVxRmZuQz/s-l1600.webp,https://i.ebayimg.com/images/g/Z50AAOSwcV9lsS8K/s-l1600.webp
370,https://i.ebayimg.com/images/g/7iMAAOSwK-1nYqI1/s-l1600.webp,https://i.ebayimg.com/images/g/iz4AAOSwFUJnYqIy/s-l1600.webp,https://i.ebayimg.com/images/g/HHsAAOSwEU5nYqIy/s-l1600.webp,https://i.ebayimg.com/images/g/LLIAAOSw2TdnYqIw/s-l1600.webp,https://i.ebayimg.com/images/g/7SkAAOSwza5nYqI0/s-l1600.webp,https://i.ebayimg.com/images/g/ekoAAOSwqOpnYqIz/s-l1600.webp,https://i.ebayimg.com/images/g/h80AAOSwIcNnYqI0/s-l1600.webp,https://i.ebayimg.com/images/g/LrYAAOSwyRtnYqI0/s-l1600.webp,https://i.ebayimg.com/images/g/rtMAAOSwIOtlsS0o/s-l1600.webp
371,https://i.ebayimg.com/images/g/1bQAAOSwHYFnBO7w/s-l1600.webp,https://i.ebayimg.com/images/g/R1AAAOSwUWZnBO7j/s-l1600.webp,https://i.ebayimg.com/images/g/YOkAAOSwvBxnBO7p/s-l1600.webp,https://i.ebayimg.com/images/g/clwAAOSww7RnBO7s/s-l1600.webp,https://i.ebayimg.com/images/g/00gAAOSwIyhnBO71/s-l1600.webp,https://i.ebayimg.com/images/g/p2UAAOSwrIlnBO8X/s-l1600.webp,https://i.ebayimg.com/images/g/Z50AAOSwcV9lsS8K/s-l1600.webp
372,https://i.ebayimg.com/images/g/vVYAAOSwEi9l2bJ6/s-l1600.webp,https://i.ebayimg.com/images/g/vmIAAOSwsJxl2bJ-/s-l1600.webp,https://i.ebayimg.com/images/g/JKEAAOSwjjtl2bJ8/s-l1600.webp,https://i.ebayimg.com/images/g/NpAAAOSwqRVl2bJ4/s-l1600.webp,https://i.ebayimg.com/images/g/19EAAOSwQ4Nl2bKY/s-l1600.webp,https://i.ebayimg.com/images/g/7Z4AAOSwtmplsS8H/s-l1600.webp
373,https://i.ebayimg.com/images/g/0IoAAOSwqYtm7AS8/s-l1600.webp,https://i.ebayimg.com/images/g/YO0AAOSwP49m7AS5/s-l1600.webp,https://i.ebayimg.com/images/g/tgQAAOSw-eRm7AS1/s-l1600.webp,https://i.ebayimg.com/images/g/UO4AAOSwlXlm7AS~/s-l1600.webp,https://i.ebayimg.com/images/g/gpoAAOSwnhBm7ATa/s-l1600.webp,https://i.ebayimg.com/images/g/JRQAAOSwogRlzMF3/s-l1600.webp
374,https://i.ebayimg.com/images/g/zgMAAOSw-11n1wD2/s-l1600.webp,https://i.ebayimg.com/images/g/mrUAAOSwHGtn1wD1/s-l1600.webp,https://i.ebayimg.com/images/g/T6kAAOSwUm9n1wD2/s-l1600.webp,https://i.ebayimg.com/images/g/qPMAAOSwTxVn1wD1/s-l1600.webp,https://i.ebayimg.com/images/g/fBgAAOSwig5n1wD2/s-l1600.webp,https://i.ebayimg.com/images/g/qMMAAOSwunJn1wD5/s-l1600.webp,https://i.ebayimg.com/images/g/oLQAAOSw6vhn1wD1/s-l1600.webp,https://i.ebayimg.com/images/g/iNUAAOSwLxNn1wD7/s-l1600.webp,https://i.ebayimg.com/images/g/zzAAAOSw1atn1wD4/s-l1600.webp,https://i.ebayimg.com/images/g/7Z4AAOSwtmplsS8H/s-l1600.webp
375,https://i.ebayimg.com/images/g/Ct4AAOSwKwNmElTH/s-l1600.webp,https://i.ebayimg.com/images/g/c7wAAOSwiIhmElTJ/s-l1600.webp,https://i.ebayimg.com/images/g/NukAAOSwpKxmElTF/s-l1600.webp,https://i.ebayimg.com/images/g/tRAAAOSwjyZmElTN/s-l1600.webp,https://i.ebayimg.com/images/g/iN4AAOSwtTFmElTL/s-l1600.webp,https://i.ebayimg.com/images/g/dqIAAOSwwwJmElTR/s-l1600.webp,https://i.ebayimg.com/images/g/gj4AAOSwVQpmElTQ/s-l1600.webp,https://i.ebayimg.com/images/g/Z50AAOSwcV9lsS8K/s-l1600.webp,https://i.ebayimg.com/images/g/zckAAOSwvvNmElUh/s-l1600.webp,https://i.ebayimg.com/images/g/ORIAAOSwKkFmElUn/s-l1600.webp,https://i.ebayimg.com/images/g/6oIAAOSwd7FmElUr/s-l1600.webp
376,https://i.ebayimg.com/images/g/wQcAAOSwQMVm1Fe0/s-l1600.webp,https://i.ebayimg.com/images/g/jfEAAOSwbj5m1Fej/s-l1600.webp,https://i.ebayimg.com/images/g/w5UAAOSwmHFm1Feh/s-l1600.webp,https://i.ebayimg.com/images/g/oKcAAOSw90pm1Fer/s-l1600.webp,https://i.ebayimg.com/images/g/mo8AAOSwGdlm1Fel/s-l1600.webp,https://i.ebayimg.com/images/g/Nv8AAOSwkzBm1Fed/s-l1600.webp,https://i.ebayimg.com/images/g/Z50AAOSwcV9lsS8K/s-l1600.webp,https://i.ebayimg.com/images/g/FgEAAOSwX9Bm1FfE/s-l1600.webp,https://i.ebayimg.com/images/g/JvEAAOSwwQBm1FfH/s-l1600.webp
377,https://i.ebayimg.com/images/g/McIAAOSwiatne7eD/s-l1600.webp,https://i.ebayimg.com/images/g/oDEAAOSwRGRne7eC/s-l1600.webp,https://i.ebayimg.com/images/g/0nIAAOSwGVpne7eD/s-l1600.webp,https://i.ebayimg.com/images/g/rtMAAOSwIOtlsS0o/s-l1600.webp
378,https://i.ebayimg.com/images/g/L-oAAOSwahpmyHb4/s-l1600.webp,https://i.ebayimg.com/images/g/LzQAAOSwTNZmyHbS/s-l1600.webp,https://i.ebayimg.com/images/g/KVIAAOSwMw5myHbm/s-l1600.webp,https://i.ebayimg.com/images/g/dncAAOSwOmBmyHbx/s-l1600.webp,https://i.ebayimg.com/images/g/rtMAAOSwIOtlsS0o/s-l1600.webp
379,https://i.ebayimg.com/images/g/c3MAAOSwyN5njeok/s-l1600.webp,https://i.ebayimg.com/images/g/9JsAAOSwVf5njeol/s-l1600.webp,https://i.ebayimg.com/images/g/qykAAOSwkGZnjeom/s-l1600.webp,https://i.ebayimg.com/images/g/aFgAAOSwBydnjeom/s-l1600.webp,https://i.ebayimg.com/images/g/XXQAAOSwCWhnjeom/s-l1600.webp,https://i.ebayimg.com/images/g/9yUAAOSwfSxnjeoi/s-l1600.webp,https://i.ebayimg.com/images/g/rIAAAOSwmGFnjepJ/s-l1600.webp,https://i.ebayimg.com/images/g/~lYAAOSwHyFnjeon/s-l1600.webp,https://i.ebayimg.com/images/g/Z50AAOSwcV9lsS8K/s-l1600.webp
380,https://i.ebayimg.com/images/g/NhUAAOSwVhlnbVNi/s-l1600.webp,https://i.ebayimg.com/images/g/-doAAOSwelJnbVNh/s-l1600.webp,https://i.ebayimg.com/images/g/JxwAAOSwbjBnbVNi/s-l1600.webp,https://i.ebayimg.com/images/g/CS8AAOSwa-pnbVNi/s-l1600.webp,https://i.ebayimg.com/images/g/Z50AAOSwcV9lsS8K/s-l1600.webp
381,https://i.ebayimg.com/images/g/zucAAOSwOgdoFNYW/s-l1600.webp,https://i.ebayimg.com/images/g/yIcAAOSweJ1oFNYV/s-l1600.webp,https://i.ebayimg.com/images/g/AcIAAOSw3-FoFNYX/s-l1600.webp,https://i.ebayimg.com/images/g/0yUAAOSwMkJoFNYX/s-l1600.webp,https://i.ebayimg.com/images/g/nBwAAOSwHDRoFNYS/s-l1600.webp,https://i.ebayimg.com/images/g/IIMAAOSwV85oFNYR/s-l1600.webp,https://i.ebayimg.com/images/g/P6MAAOSwWqxoFNYT/s-l1600.webp,https://i.ebayimg.com/images/g/Z50AAOSwcV9lsS8K/s-l1600.webp
382,https://i.ebayimg.com/images/g/b-MAAOSwQpxm7-yF/s-l1600.webp,https://i.ebayimg.com/images/g/T20AAOSw86hm7-yI/s-l1600.webp,https://i.ebayimg.com/images/g/E6AAAOSwgupm7-yB/s-l1600.webp,https://i.ebayimg.com/images/g/4bsAAOSwCNBm7-x5/s-l1600.webp,https://i.ebayimg.com/images/g/l5UAAOSwu8Nm7-x9/s-l1600.webp,https://i.ebayimg.com/images/g/lEUAAOSw499m7-x0/s-l1600.webp,https://i.ebayimg.com/images/g/rtMAAOSwIOtlsS0o/s-l1600.webp
383,https://i.ebayimg.com/images/g/h~AAAOSw2opnQMxr/s-l1600.webp,https://i.ebayimg.com/images/g/6McAAOSwHCxnQMxx/s-l1600.webp,https://i.ebayimg.com/images/g/nWkAAOSwHuxnQMxu/s-l1600.webp,https://i.ebayimg.com/images/g/kSoAAOSwvwlnQMxq/s-l1600.webp,https://i.ebayimg.com/images/g/rtMAAOSwIOtlsS0o/s-l1600.webp
384,https://i.ebayimg.com/images/g/xEsAAOSwcKBlsjYi/s-l1600.webp,https://i.ebayimg.com/images/g/CWsAAOSwCONlsjYw/s-l1600.webp,https://i.ebayimg.com/images/g/4qIAAOSwtdllsjYl/s-l1600.webp,https://i.ebayimg.com/images/g/lkAAAOSwC-5lsjYr/s-l1600.webp,https://i.ebayimg.com/images/g/RQ8AAOSwyodlsjYo/s-l1600.webp,https://i.ebayimg.com/images/g/dO0AAOSwPBZlsjYV/s-l1600.webp,https://i.ebayimg.com/images/g/7AoAAOSwtwBlsjYb/s-l1600.webp,https://i.ebayimg.com/images/g/gnwAAOSwKdhlsjYO/s-l1600.webp,https://i.ebayimg.com/images/g/Q~QAAOSwzKdlsS7a/s-l1600.webp
385,https://i.ebayimg.com/images/g/0kQAAOSw9sVoLNS7/s-l1600.webp,https://i.ebayimg.com/images/g/rtMAAOSwIOtlsS0o/s-l1600.webp
386,https://i.ebayimg.com/images/g/1zcAAOSwHEdmgQEc/s-l1600.webp,https://i.ebayimg.com/images/g/IT4AAOSwiptmgQEZ/s-l1600.webp,https://i.ebayimg.com/images/g/Sa0AAOSwjAxmgQEd/s-l1600.webp,https://i.ebayimg.com/images/g/DyEAAOSw4d5mgQEf/s-l1600.webp,https://i.ebayimg.com/images/g/W4oAAOSwiOZmgQEW/s-l1600.webp,https://i.ebayimg.com/images/g/4Z0AAOSwHldmgQEX/s-l1600.webp,https://i.ebayimg.com/images/g/Z50AAOSwcV9lsS8K/s-l1600.webp
387,https://i.ebayimg.com/images/g/K7wAAOSw1thl0yZO/s-l1600.webp,https://i.ebayimg.com/images/g/ZpMAAOSwle9l0yZM/s-l1600.webp,https://i.ebayimg.com/images/g/9PMAAOSwQphl0yY1/s-l1600.webp,https://i.ebayimg.com/images/g/ptoAAOSw3X9l0yZH/s-l1600.webp,https://i.ebayimg.com/images/g/iAcAAOSwodBl0yYw/s-l1600.webp,https://i.ebayimg.com/images/g/rtMAAOSwIOtlsS0o/s-l1600.webp
388,https://i.ebayimg.com/images/g/C1QAAOSw0-1mC~dY/s-l1600.webp,https://i.ebayimg.com/images/g/WKMAAOSwZUVmC~dU/s-l1600.webp,https://i.ebayimg.com/images/g/0MYAAOSwsStmC~dR/s-l1600.webp,https://i.ebayimg.com/images/g/BrgAAOSwzURmC~dB/s-l1600.webp,https://i.ebayimg.com/images/g/0yAAAOSwXWRmC~dL/s-l1600.webp,https://i.ebayimg.com/images/g/drgAAOSw-kxmC~dG/s-l1600.webp,https://i.ebayimg.com/images/g/nP4AAOSwcBhmC~c8/s-l1600.webp,https://i.ebayimg.com/images/g/e4cAAOSwc9VmC~c-/s-l1600.webp,https://i.ebayimg.com/images/g/BI4AAOSwZSxmC~dE/s-l1600.webp,https://i.ebayimg.com/images/g/Z50AAOSwcV9lsS8K/s-l1600.webp,https://i.ebayimg.com/images/g/tHkAAOSwMPpmC~dI/s-l1600.webp,https://i.ebayimg.com/images/g/NLwAAOSwI9dmC~dU/s-l1600.webp,https://i.ebayimg.com/images/g/eM4AAOSwZE5mC~dW/s-l1600.webp
389,https://i.ebayimg.com/images/g/9W4AAOSwTIdm68Bg/s-l1600.webp,https://i.ebayimg.com/images/g/fHwAAOSwwrpm68BM/s-l1600.webp,https://i.ebayimg.com/images/g/QHAAAOSw05Fm68Aa/s-l1600.webp,https://i.ebayimg.com/images/g/C-4AAOSwrPRm68AO/s-l1600.webp,https://i.ebayimg.com/images/g/4FMAAOSwX7Vm68AT/s-l1600.webp,https://i.ebayimg.com/images/g/JRQAAOSwogRlzMF3/s-l1600.webp
390,https://i.ebayimg.com/images/g/0iAAAOSwYK1n9ioR/s-l1600.webp,https://i.ebayimg.com/images/g/wwgAAOSw025n9ioR/s-l1600.webp,https://i.ebayimg.com/images/g/Q64AAOSw4gBn9ioT/s-l1600.webp,https://i.ebayimg.com/images/g/82AAAOSwgSFn9ioR/s-l1600.webp,https://i.ebayimg.com/images/g/LPgAAOSws~dn9ioS/s-l1600.webp,https://i.ebayimg.com/images/g/Z50AAOSwcV9lsS8K/s-l1600.webp
391,https://i.ebayimg.com/images/g/mhkAAOSwDvlmC~YQ/s-l1600.webp,https://i.ebayimg.com/images/g/fSsAAOSw0JFmC~YO/s-l1600.webp,https://i.ebayimg.com/images/g/sQ4AAOSwz6FmC~YL/s-l1600.webp,https://i.ebayimg.com/images/g/LYkAAOSw1PJmC~YJ/s-l1600.webp,https://i.ebayimg.com/images/g/dr4AAOSwZwFmC~YM/s-l1600.webp,https://i.ebayimg.com/images/g/~1gAAOSwj4VmC~YH/s-l1600.webp,https://i.ebayimg.com/images/g/Hm0AAOSwFHdmC~YD/s-l1600.webp,https://i.ebayimg.com/images/g/Z50AAOSwcV9lsS8K/s-l1600.webp
392,https://i.ebayimg.com/images/g/SywAAOSw3N9ncnqp/s-l1600.webp,https://i.ebayimg.com/images/g/IX0AAOSwEm5ncnqp/s-l1600.webp,https://i.ebayimg.com/images/g/2-gAAOSwXMVncnqu/s-l1600.webp,https://i.ebayimg.com/images/g/NSYAAOSwK5Bncnqu/s-l1600.webp,https://i.ebayimg.com/images/g/qNoAAOSwCbhncnqw/s-l1600.webp,https://i.ebayimg.com/images/g/dLsAAOSwIFhncnqw/s-l1600.webp,https://i.ebayimg.com/images/g/Z50AAOSwcV9lsS8K/s-l1600.webp
393,https://i.ebayimg.com/images/g/hQMAAOSwsRdoJzp7/s-l1600.webp,https://i.ebayimg.com/images/g/nPkAAOSw5oVoJzp5/s-l1600.webp,https://i.ebayimg.com/images/g/vMwAAOSwUHBoJzp3/s-l1600.webp,https://i.ebayimg.com/images/g/lhgAAOSw1wpoJzp3/s-l1600.webp,https://i.ebayimg.com/images/g/EiQAAOSwVwpoJzp6/s-l1600.webp,https://i.ebayimg.com/images/g/GzYAAOSwHpRoJzp5/s-l1600.webp,https://i.ebayimg.com/images/g/2L4AAOSwJXBoJzp5/s-l1600.webp,https://i.ebayimg.com/images/g/2AAAAOSw8kZoJzp7/s-l1600.webp,https://i.ebayimg.com/images/g/W0UAAOSwjmBoJzpz/s-l1600.webp,https://i.ebayimg.com/images/g/Z50AAOSwcV9lsS8K/s-l1600.webp
394,https://i.ebayimg.com/images/g/ACMAAOSwHcVnoGDr/s-l1600.webp,https://i.ebayimg.com/images/g/nRwAAOSwD~hnoGDu/s-l1600.webp,https://i.ebayimg.com/images/g/Iz8AAOSwYipnoGDt/s-l1600.webp,https://i.ebayimg.com/images/g/T7AAAOSwvV5noGDr/s-l1600.webp,https://i.ebayimg.com/images/g/eh0AAOSw6NpnoGDu/s-l1600.webp,https://i.ebayimg.com/images/g/EfwAAOSwjapnoGDx/s-l1600.webp,https://i.ebayimg.com/images/g/rtMAAOSwIOtlsS0o/s-l1600.webp
395,https://i.ebayimg.com/images/g/Pg4AAOSwPb9no0Ri/s-l1600.webp,https://i.ebayimg.com/images/g/OEMAAOSwht1no0Rk/s-l1600.webp,https://i.ebayimg.com/images/g/wz4AAOSwE1dno0Ri/s-l1600.webp,https://i.ebayimg.com/images/g/DNgAAOSw20Vno0Ri/s-l1600.webp,https://i.ebayimg.com/images/g/J4cAAOSw9MZno0Rj/s-l1600.webp,https://i.ebayimg.com/images/g/d4MAAOSwK1Vno0Rk/s-l1600.webp,https://i.ebayimg.com/images/g/I4gAAOSw3D5no0Ro/s-l1600.webp,https://i.ebayimg.com/images/g/E~YAAOSwA2hno0Rk/s-l1600.webp,https://i.ebayimg.com/images/g/rtMAAOSwIOtlsS0o/s-l1600.webp
396,https://i.ebayimg.com/images/g/9NUAAOSwUAFm5bDO/s-l1600.webp,https://i.ebayimg.com/images/g/ElEAAOSwBcZm5bDJ/s-l1600.webp,https://i.ebayimg.com/images/g/AFAAAOSw6wZm5bDB/s-l1600.webp,https://i.ebayimg.com/images/g/jPMAAOSw29Rm5bDF/s-l1600.webp,https://i.ebayimg.com/images/g/w6MAAOSwPdlm5bCu/s-l1600.webp,https://i.ebayimg.com/images/g/z2UAAOSw1Ttm5bC6/s-l1600.webp,https://i.ebayimg.com/images/g/qq8AAOSw~Jhm5a49/s-l1600.webp
397,https://i.ebayimg.com/images/g/EJ4AAOSw2p9nvfmS/s-l1600.webp,https://i.ebayimg.com/images/g/1asAAOSwUzJnvfmU/s-l1600.webp,https://i.ebayimg.com/images/g/0CwAAOSwea5nvfmS/s-l1600.webp,https://i.ebayimg.com/images/g/4~QAAOSwnyVnvfmQ/s-l1600.webp,https://i.ebayimg.com/images/g/Uw4AAOSwYU1nvfmS/s-l1600.webp,https://i.ebayimg.com/images/g/W6sAAOSwq5tnvfm6/s-l1600.webp,https://i.ebayimg.com/images/g/PN4AAOSwtHtnvfmS/s-l1600.webp,https://i.ebayimg.com/images/g/Z50AAOSwcV9lsS8K/s-l1600.webp
398,https://i.ebayimg.com/images/g/oL4AAOSwy5lmyGa-/s-l1600.webp,https://i.ebayimg.com/images/g/~c8AAOSw4vFmyGaq/s-l1600.webp,https://i.ebayimg.com/images/g/YvkAAOSwaeNmyGae/s-l1600.webp,https://i.ebayimg.com/images/g/6nwAAOSwgppmyGaQ/s-l1600.webp,https://i.ebayimg.com/images/g/rtMAAOSwIOtlsS0o/s-l1600.webp
399,https://i.ebayimg.com/images/g/eucAAOSw4GFlx6-a/s-l1600.webp,https://i.ebayimg.com/images/g/BMAAAOSw8cZlx6-E/s-l1600.webp,https://i.ebayimg.com/images/g/Z50AAOSwcV9lsS8K/s-l1600.webp
400,https://i.ebayimg.com/images/g/lmMAAOSwCNBm9D8y/s-l1600.webp,https://i.ebayimg.com/images/g/wPoAAOSw0H1m9D8w/s-l1600.webp,https://i.ebayimg.com/images/g/EkgAAOSwkwBm9D8s/s-l1600.webp,https://i.ebayimg.com/images/g/dlwAAOSwIypm9D8m/s-l1600.webp,https://i.ebayimg.com/images/g/rtMAAOSwIOtlsS0o/s-l1600.webp
401,https://i.ebayimg.com/images/g/pv0AAOSw6m1nxYZh/s-l1600.webp,https://i.ebayimg.com/images/g/UMYAAOSw3xVnxYZg/s-l1600.webp,https://i.ebayimg.com/images/g/poAAAOSwXDpnxYZh/s-l1600.webp,https://i.ebayimg.com/images/g/i4EAAOSwza1nxYZh/s-l1600.webp,https://i.ebayimg.com/images/g/L1QAAOSwVrlnxYZj/s-l1600.webp,https://i.ebayimg.com/images/g/-OgAAOSwJANnxYae/s-l1600.webp,https://i.ebayimg.com/images/g/-IsAAOSwJANnxYZi/s-l1600.webp,https://i.ebayimg.com/images/g/7Z4AAOSwtmplsS8H/s-l1600.webp
402,https://i.ebayimg.com/images/g/0s4AAOSwinll23lK/s-l1600.webp,https://i.ebayimg.com/images/g/dFoAAOSwt7Nl23lD/s-l1600.webp,https://i.ebayimg.com/images/g/EEoAAOSwLXNl23k6/s-l1600.webp,https://i.ebayimg.com/images/g/kuwAAOSw-upl23k2/s-l1600.webp,https://i.ebayimg.com/images/g/rtMAAOSwIOtlsS0o/s-l1600.webp
403,https://i.ebayimg.com/images/g/~KMAAOSwU8xnBPFS/s-l1600.webp,https://i.ebayimg.com/images/g/n2YAAOSwol1nBPFK/s-l1600.webp,https://i.ebayimg.com/images/g/hWgAAOSwtVdnBPFO/s-l1600.webp,https://i.ebayimg.com/images/g/S-IAAOSwICpnBPFe/s-l1600.webp,https://i.ebayimg.com/images/g/N38AAOSwWQ1nBPFW/s-l1600.webp,https://i.ebayimg.com/images/g/z1QAAOSwKoFnBPFa/s-l1600.webp,https://i.ebayimg.com/images/g/v78AAOSw5U5nBPFF/s-l1600.webp,https://i.ebayimg.com/images/g/QhsAAOSw~FBnBPFA/s-l1600.webp,https://i.ebayimg.com/images/g/Z50AAOSwcV9lsS8K/s-l1600.webp
404,https://i.ebayimg.com/images/g/nLQAAOSw-hJnxxBK/s-l1600.webp,https://i.ebayimg.com/images/g/U7EAAOSwx8VnxxBK/s-l1600.webp,https://i.ebayimg.com/images/g/X6UAAOSwnyVnxxBK/s-l1600.webp,https://i.ebayimg.com/images/g/qEwAAOSwmtFnxxBK/s-l1600.webp,https://i.ebayimg.com/images/g/HkAAAOSwTYFnxxBI/s-l1600.webp,https://i.ebayimg.com/images/g/eSMAAOSwieBnxxBG/s-l1600.webp,https://i.ebayimg.com/images/g/JGwAAOSwl19nxxBI/s-l1600.webp,https://i.ebayimg.com/images/g/5akAAOSwd6lnxxBI/s-l1600.webp,https://i.ebayimg.com/images/g/gYMAAOSwX9dnxxBK/s-l1600.webp,https://i.ebayimg.com/images/g/pcEAAOSwv~FnxxBK/s-l1600.webp,https://i.ebayimg.com/images/g/7Z4AAOSwtmplsS8H/s-l1600.webp
405,https://i.ebayimg.com/images/g/o6kAAOSwo6poKIux/s-l1600.webp,https://i.ebayimg.com/images/g/mn4AAOSwb8xoKIu4/s-l1600.webp,https://i.ebayimg.com/images/g/vF0AAOSwOgdoKIu4/s-l1600.webp,https://i.ebayimg.com/images/g/CucAAOSw6eRoKIu0/s-l1600.webp,https://i.ebayimg.com/images/g/N1UAAOSw-EhoKIu4/s-l1600.webp,https://i.ebayimg.com/images/g/p7oAAOSwJi1oKIu6/s-l1600.webp,https://i.ebayimg.com/images/g/Z50AAOSwcV9lsS8K/s-l1600.webp
406,https://i.ebayimg.com/images/g/9BYAAOSw7JVnf5N6/s-l1600.webp,https://i.ebayimg.com/images/g/p5UAAOSwX3dnf5N-/s-l1600.webp,https://i.ebayimg.com/images/g/-t8AAOSwLiVnf5N5/s-l1600.webp,https://i.ebayimg.com/images/g/8CwAAOSwRYxnf5N7/s-l1600.webp,https://i.ebayimg.com/images/g/ImsAAOSwQ2hnf5N2/s-l1600.webp,https://i.ebayimg.com/images/g/068AAOSwGfdnf5N9/s-l1600.webp,https://i.ebayimg.com/images/g/Z50AAOSwcV9lsS8K/s-l1600.webp
407,https://i.ebayimg.com/images/g/fSIAAOSwtPxnXGz4/s-l1600.webp,https://i.ebayimg.com/images/g/hwsAAOSwXENnXGz5/s-l1600.webp,https://i.ebayimg.com/images/g/PRMAAOSwrzhnXGz6/s-l1600.webp,https://i.ebayimg.com/images/g/f5IAAOSwGUxnXGz1/s-l1600.webp,https://i.ebayimg.com/images/g/ZC0AAOSwwchnXGz2/s-l1600.webp,https://i.ebayimg.com/images/g/D1gAAOSw1BBnXGz0/s-l1600.webp,https://i.ebayimg.com/images/g/eU0AAOSwT-NnXGz4/s-l1600.webp,https://i.ebayimg.com/images/g/aTcAAOSwVW1nXGz5/s-l1600.webp,https://i.ebayimg.com/images/g/Z50AAOSwcV9lsS8K/s-l1600.webp
408,https://i.ebayimg.com/images/g/N74AAOSwzlZnpxLU/s-l1600.webp,https://i.ebayimg.com/images/g/6dEAAOSwa5BnpxLW/s-l1600.webp,https://i.ebayimg.com/images/g/iyMAAOSwD7NnpxLV/s-l1600.webp,https://i.ebayimg.com/images/g/WwIAAOSwhidnpxLZ/s-l1600.webp,https://i.ebayimg.com/images/g/UkEAAOSwZkJnpxLZ/s-l1600.webp,https://i.ebayimg.com/images/g/LboAAOSwiklnpxLZ/s-l1600.webp,https://i.ebayimg.com/images/g/rtMAAOSwIOtlsS0o/s-l1600.webp
409,https://i.ebayimg.com/images/g/NgwAAOSw2mZmQ2Lj/s-l1600.webp,https://i.ebayimg.com/images/g/mK0AAOSwPWBmQ2Ly/s-l1600.webp,https://i.ebayimg.com/images/g/Pc4AAOSwe9dmQ2Lm/s-l1600.webp,https://i.ebayimg.com/images/g/raMAAOSw-HhmQ2L2/s-l1600.webp,https://i.ebayimg.com/images/g/UFYAAOSwbKxmQ2Ls/s-l1600.webp,https://i.ebayimg.com/images/g/z1QAAOSw0UFmQ2MM/s-l1600.webp,https://i.ebayimg.com/images/g/rtMAAOSwIOtlsS0o/s-l1600.webp
410,https://i.ebayimg.com/images/g/D7MAAOSwmUZn0CA~/s-l1600.webp,https://i.ebayimg.com/images/g/6v8AAOSwqF1n0CA9/s-l1600.webp,https://i.ebayimg.com/images/g/Zx4AAOSwefNn0CBA/s-l1600.webp,https://i.ebayimg.com/images/g/pqcAAOSwWs5n0CA~/s-l1600.webp,https://i.ebayimg.com/images/g/LacAAOSw7VVn0CA9/s-l1600.webp,https://i.ebayimg.com/images/g/iLMAAOSwMc9n0CA9/s-l1600.webp,https://i.ebayimg.com/images/g/aS8AAOSwndln0CBC/s-l1600.webp,https://i.ebayimg.com/images/g/rtMAAOSwIOtlsS0o/s-l1600.webp
411,https://i.ebayimg.com/images/g/WxcAAOSwZSpnEQUo/s-l1600.webp,https://i.ebayimg.com/images/g/eMUAAOSwqZRnEQUu/s-l1600.webp,https://i.ebayimg.com/images/g/3cwAAOSw~0VnEQU5/s-l1600.webp,https://i.ebayimg.com/images/g/bxsAAOSwPpdnEQUx/s-l1600.webp,https://i.ebayimg.com/images/g/p8sAAOSwAipnEQUk/s-l1600.webp,https://i.ebayimg.com/images/g/mR8AAOSw~6ZnEQUh/s-l1600.webp,https://i.ebayimg.com/images/g/rtMAAOSwIOtlsS0o/s-l1600.webp
412,https://i.ebayimg.com/images/g/iaUAAOSwtz5l2iKe/s-l1600.webp,https://i.ebayimg.com/images/g/KlYAAOSwe09l2iKk/s-l1600.webp,https://i.ebayimg.com/images/g/lU8AAOSwOQpl2iKY/s-l1600.webp,https://i.ebayimg.com/images/g/OCcAAOSwdvJl2iKi/s-l1600.webp,https://i.ebayimg.com/images/g/zV0AAOSwM-Jl2iKa/s-l1600.webp,https://i.ebayimg.com/images/g/Hr4AAOSwAl1l2iKc/s-l1600.webp,https://i.ebayimg.com/images/g/7Z4AAOSwtmplsS8H/s-l1600.webp
413,https://i.ebayimg.com/images/g/xakAAOSwHa1n~itz/s-l1600.webp,https://i.ebayimg.com/images/g/TBsAAOSw4Idn~itz/s-l1600.webp,https://i.ebayimg.com/images/g/CSUAAOSwPjBn~it2/s-l1600.webp,https://i.ebayimg.com/images/g/F2sAAOSwJN5n~iur/s-l1600.webp,https://i.ebayimg.com/images/g/7Z4AAOSwtmplsS8H/s-l1600.webp
414,https://i.ebayimg.com/images/g/Tf8AAOSwothn4aQb/s-l1600.webp,https://i.ebayimg.com/images/g/B30AAOSwk9Rn4aQb/s-l1600.webp,https://i.ebayimg.com/images/g/XeAAAOSw-dJn4aQb/s-l1600.webp,https://i.ebayimg.com/images/g/Z50AAOSwcV9lsS8K/s-l1600.webp
415,https://i.ebayimg.com/images/g/QSsAAOSwp0NnvgMN/s-l1600.webp,https://i.ebayimg.com/images/g/jg4AAOSwrxlnvgMM/s-l1600.webp,https://i.ebayimg.com/images/g/r9cAAOSw6ppnvgMK/s-l1600.webp,https://i.ebayimg.com/images/g/OS0AAOSwfBZnvgML/s-l1600.webp,https://i.ebayimg.com/images/g/VvwAAOSwIpVnvgMI/s-l1600.webp,https://i.ebayimg.com/images/g/33YAAOSw4SZnvgMw/s-l1600.webp,https://i.ebayimg.com/images/g/-LEAAOSwPnZnvgMK/s-l1600.webp,https://i.ebayimg.com/images/g/9JwAAOSwsuFnvgML/s-l1600.webp,https://i.ebayimg.com/images/g/Z50AAOSwcV9lsS8K/s-l1600.webp
416,https://i.ebayimg.com/images/g/Py4AAOSwfBhnf5fw/s-l1600.webp,https://i.ebayimg.com/images/g/VLwAAOSwHm5nf5fx/s-l1600.webp,https://i.ebayimg.com/images/g/5GYAAOSwFJxnf5fy/s-l1600.webp,https://i.ebayimg.com/images/g/5JQAAOSwaqtnf5fy/s-l1600.webp,https://i.ebayimg.com/images/g/9J8AAOSwmRlnf5fy/s-l1600.webp,https://i.ebayimg.com/images/g/HuIAAOSwDmFnf5ft/s-l1600.webp,https://i.ebayimg.com/images/g/BpMAAOSwarpnf5g6/s-l1600.webp,https://i.ebayimg.com/images/g/V-wAAOSwAxpnf5f0/s-l1600.webp,https://i.ebayimg.com/images/g/Z50AAOSwcV9lsS8K/s-l1600.webp,https://i.ebayimg.com/images/g/9xsAAOSwUfhnf5gG/s-l1600.webp,https://i.ebayimg.com/images/g/b9oAAOSwev1nf5gO/s-l1600.webp
417,https://i.ebayimg.com/images/g/SH4AAOSwQmZncnn4/s-l1600.webp,https://i.ebayimg.com/images/g/AP4AAOSwNAtncnn8/s-l1600.webp,https://i.ebayimg.com/images/g/TioAAOSwQqVncnn7/s-l1600.webp,https://i.ebayimg.com/images/g/Z50AAOSwcV9lsS8K/s-l1600.webp
418,https://i.ebayimg.com/images/g/lTUAAOSwCZZnLeGf/s-l1600.webp,https://i.ebayimg.com/images/g/oZUAAOSwNyNnLeGk/s-l1600.webp,https://i.ebayimg.com/images/g/J-4AAOSwwXpnLeGl/s-l1600.webp,https://i.ebayimg.com/images/g/A~0AAOSwu5JnLeGk/s-l1600.webp,https://i.ebayimg.com/images/g/MI4AAOSw549nLeGl/s-l1600.webp,https://i.ebayimg.com/images/g/Z50AAOSwcV9lsS8K/s-l1600.webp
419,https://i.ebayimg.com/images/g/spsAAOSwQS1n2A5J/s-l1600.webp,https://i.ebayimg.com/images/g/oR4AAOSwhe9n2A5J/s-l1600.webp,https://i.ebayimg.com/images/g/VqcAAOSwhSln2A5K/s-l1600.webp,https://i.ebayimg.com/images/g/Z50AAOSwcV9lsS8K/s-l1600.webp
420,https://i.ebayimg.com/images/g/knsAAOSw23Vm2dRN/s-l1600.webp,https://i.ebayimg.com/images/g/OnUAAOSw10pm2dRm/s-l1600.webp,https://i.ebayimg.com/images/g/1kAAAOSwUJlm2dRQ/s-l1600.webp,https://i.ebayimg.com/images/g/hP0AAOSw7Sxm2dRb/s-l1600.webp,https://i.ebayimg.com/images/g/oNcAAOSwUitm2dRK/s-l1600.webp,https://i.ebayimg.com/images/g/Z50AAOSwcV9lsS8K/s-l1600.webp
421,https://i.ebayimg.com/images/g/SiIAAOSw6lxn8Ckd/s-l1600.webp,https://i.ebayimg.com/images/g/I38AAOSwVHdn8Ckb/s-l1600.webp,https://i.ebayimg.com/images/g/FK4AAOSwvJ5n8CkZ/s-l1600.webp,https://i.ebayimg.com/images/g/1ioAAOSw8Tpn8Cka/s-l1600.webp,https://i.ebayimg.com/images/g/02kAAOSwb6Vn8Ckd/s-l1600.webp,https://i.ebayimg.com/images/g/ucwAAOSwSeRn8CkY/s-l1600.webp,https://i.ebayimg.com/images/g/O20AAOSwM8dn8CkZ/s-l1600.webp,https://i.ebayimg.com/images/g/MZ4AAOSwYU1n8Ckh/s-l1600.webp,https://i.ebayimg.com/images/g/Z50AAOSwcV9lsS8K/s-l1600.webp
422,https://i.ebayimg.com/images/g/GOYAAOSwIfBlvzrE/s-l1600.webp,https://i.ebayimg.com/images/g/0LwAAOSwLDllvzq~/s-l1600.webp,https://i.ebayimg.com/images/g/wNoAAOSw3stlvzrB/s-l1600.webp,https://i.ebayimg.com/images/g/PUAAAOSwixRlvzqv/s-l1600.webp,https://i.ebayimg.com/images/g/pA8AAOSwAutlvzq8/s-l1600.webp,https://i.ebayimg.com/images/g/8~wAAOSw2Ytlvzq2/s-l1600.webp,https://i.ebayimg.com/images/g/AdsAAOSwskRlvzqy/s-l1600.webp,https://i.ebayimg.com/images/g/b1YAAOSw2tZlvzq5/s-l1600.webp,https://i.ebayimg.com/images/g/rtMAAOSwIOtlsS0o/s-l1600.webp,https://i.ebayimg.com/images/g/1rAAAOSwXP5lvzre/s-l1600.webp,https://i.ebayimg.com/images/g/JRMAAOSwFcFlvzrk/s-l1600.webp,https://i.ebayimg.com/images/g/ypkAAOSwGetlvzrp/s-l1600.webp
423,https://i.ebayimg.com/images/g/lu8AAOSwDnRoF5Q1/s-l1600.webp,https://i.ebayimg.com/images/g/V-sAAOSwR95oF5Q1/s-l1600.webp,https://i.ebayimg.com/images/g/6rkAAOSwczhoF5Q5/s-l1600.webp,https://i.ebayimg.com/images/g/P6gAAOSwMKpoF5Q4/s-l1600.webp,https://i.ebayimg.com/images/g/zhsAAOSwxndoF5Qu/s-l1600.webp,https://i.ebayimg.com/images/g/K6AAAOSw4x5oF5Re/s-l1600.webp,https://i.ebayimg.com/images/g/Z50AAOSwcV9lsS8K/s-l1600.webp
424,https://i.ebayimg.com/images/g/~FAAAOSwTG9l~j3N/s-l1600.webp,https://i.ebayimg.com/images/g/g6QAAOSwpEtl~j3L/s-l1600.webp,https://i.ebayimg.com/images/g/0P8AAOSwI9Zl~j3J/s-l1600.webp,https://i.ebayimg.com/images/g/baoAAOSwnO5l~j3P/s-l1600.webp,https://i.ebayimg.com/images/g/yMAAAOSw8t9l~j3H/s-l1600.webp,https://i.ebayimg.com/images/g/fgwAAOSw9fpl~j3F/s-l1600.webp,https://i.ebayimg.com/images/g/7Z4AAOSwtmplsS8H/s-l1600.webp
425,https://i.ebayimg.com/images/g/UiYAAOSw8iFnYb4t/s-l1600.webp,https://i.ebayimg.com/images/g/7EoAAOSw~YlnYb4p/s-l1600.webp,https://i.ebayimg.com/images/g/SBcAAOSw0phnYb4v/s-l1600.webp,https://i.ebayimg.com/images/g/9P8AAOSwvpVnYb4p/s-l1600.webp,https://i.ebayimg.com/images/g/B~sAAOSwYZJnYb4r/s-l1600.webp,https://i.ebayimg.com/images/g/P6kAAOSw2ShnYb4o/s-l1600.webp,https://i.ebayimg.com/images/g/rtMAAOSwIOtlsS0o/s-l1600.webp
426,https://i.ebayimg.com/images/g/45kAAOSwD1RnoxjW/s-l1600.webp,https://i.ebayimg.com/images/g/0kQAAOSwuVNnoxjQ/s-l1600.webp,https://i.ebayimg.com/images/g/uuoAAOSwDwlnoxjQ/s-l1600.webp,https://i.ebayimg.com/images/g/s60AAOSwtkpnoxjV/s-l1600.webp,https://i.ebayimg.com/images/g/-x0AAOSw4EBnoxjP/s-l1600.webp,https://i.ebayimg.com/images/g/0gIAAOSwoNZnoxjS/s-l1600.webp,https://i.ebayimg.com/images/g/yB4AAOSwedJnoxjT/s-l1600.webp,https://i.ebayimg.com/images/g/yBsAAOSwedJnoxjR/s-l1600.webp,https://i.ebayimg.com/images/g/PtMAAOSw8ulnoxjO/s-l1600.webp,https://i.ebayimg.com/images/g/ik4AAOSw6SZnoxjS/s-l1600.webp,https://i.ebayimg.com/images/g/KPIAAOSwvtRnoxjQ/s-l1600.webp,https://i.ebayimg.com/images/g/7mMAAOSwp5NnoxjP/s-l1600.webp,https://i.ebayimg.com/images/g/DvUAAOSwHqxnoxjT/s-l1600.webp,https://i.ebayimg.com/images/g/rtMAAOSwIOtlsS0o/s-l1600.webp,https://i.ebayimg.com/images/g/U~UAAOSw6XJnoxkA/s-l1600.webp,https://i.ebayimg.com/images/g/u-0AAOSwCApnoxkH/s-l1600.webp,https://i.ebayimg.com/images/g/88EAAOSwGBhnoxkP/s-l1600.webp,https://i.ebayimg.com/images/g/Rk8AAOSwVd1noxkW/s-l1600.webp
427,https://i.ebayimg.com/images/g/XhIAAOSwegpnoGV7/s-l1600.webp,https://i.ebayimg.com/images/g/osQAAOSw8zpnoGV-/s-l1600.webp,https://i.ebayimg.com/images/g/VP4AAOSwbMBnoGV3/s-l1600.webp,https://i.ebayimg.com/images/g/XhIAAOSwLJNnoGV3/s-l1600.webp,https://i.ebayimg.com/images/g/640AAOSwQZZnoGV~/s-l1600.webp,https://i.ebayimg.com/images/g/TqcAAOSwfJxnoGV-/s-l1600.webp,https://i.ebayimg.com/images/g/0ckAAOSwJuRnoGWB/s-l1600.webp,https://i.ebayimg.com/images/g/rtMAAOSwIOtlsS0o/s-l1600.webp
428,https://i.ebayimg.com/images/g/sSAAAOSwrHJnl4d3/s-l1600.webp,https://i.ebayimg.com/images/g/jBAAAOSwAmZnl4d1/s-l1600.webp,https://i.ebayimg.com/images/g/KYgAAOSwmChnl4d0/s-l1600.webp,https://i.ebayimg.com/images/g/Z50AAOSwcV9lsS8K/s-l1600.webp
429,https://i.ebayimg.com/images/g/kncAAOSwLPZlx2L4/s-l1600.webp,https://i.ebayimg.com/images/g/tx0AAOSw8Wllx2Kz/s-l1600.webp,https://i.ebayimg.com/images/g/ahcAAOSwnW1lx2LS/s-l1600.webp,https://i.ebayimg.com/images/g/1AUAAOSwuNdlx2Kx/s-l1600.webp,https://i.ebayimg.com/images/g/uqwAAOSw26Flx2Kr/s-l1600.webp,https://i.ebayimg.com/images/g/V20AAOSwEodlx2Ko/s-l1600.webp,https://i.ebayimg.com/images/g/wT4AAOSwndBlx2Kg/s-l1600.webp,https://i.ebayimg.com/images/g/9VsAAOSwLMxlx2Km/s-l1600.webp,https://i.ebayimg.com/images/g/73IAAOSw60Rlx2Kc/s-l1600.webp,https://i.ebayimg.com/images/g/5wkAAOSwjvdlx2KS/s-l1600.webp,https://i.ebayimg.com/images/g/JKsAAOSwbBdlx2KQ/s-l1600.webp,https://i.ebayimg.com/images/g/CuYAAOSwWt9lx2KZ/s-l1600.webp,https://i.ebayimg.com/images/g/Z50AAOSwcV9lsS8K/s-l1600.webp,https://i.ebayimg.com/images/g/pr0AAOSwRE5lx2Jv/s-l1600.webp,https://i.ebayimg.com/images/g/kJIAAOSw9ddlx2Jy/s-l1600.webp,https://i.ebayimg.com/images/g/01gAAOSwJaBlx2J4/s-l1600.webp
430,https://i.ebayimg.com/images/g/qKIAAOSwHPtnYb8g/s-l1600.webp,https://i.ebayimg.com/images/g/Ks8AAOSwXctnYb8l/s-l1600.webp,https://i.ebayimg.com/images/g/m28AAOSw9WxnYb8h/s-l1600.webp,https://i.ebayimg.com/images/g/4y0AAOSwrF9nYb8i/s-l1600.webp,https://i.ebayimg.com/images/g/hNQAAOSwpmtnYb8k/s-l1600.webp,https://i.ebayimg.com/images/g/rtMAAOSwIOtlsS0o/s-l1600.webp
431,https://i.ebayimg.com/images/g/r14AAOSw-5Nmy1gx/s-l1600.webp,https://i.ebayimg.com/images/g/CT8AAOSwBERmy1g3/s-l1600.webp,https://i.ebayimg.com/images/g/RPYAAOSwGThmy1g8/s-l1600.webp,https://i.ebayimg.com/images/g/q6wAAOSwvllmy1gV/s-l1600.webp,https://i.ebayimg.com/images/g/nGIAAOSwGvtmy1gj/s-l1600.webp,https://i.ebayimg.com/images/g/rtMAAOSwIOtlsS0o/s-l1600.webp
432,https://i.ebayimg.com/images/g/UkUAAOSw8Ptnxyf7/s-l1600.webp,https://i.ebayimg.com/images/g/I0gAAOSwStFnxyf5/s-l1600.webp,https://i.ebayimg.com/images/g/Po8AAOSwbXVnxyf6/s-l1600.webp,https://i.ebayimg.com/images/g/WDgAAOSwzKNnxygB/s-l1600.webp,https://i.ebayimg.com/images/g/UToAAOSwYyxnxygA/s-l1600.webp,https://i.ebayimg.com/images/g/JEQAAOSw8SJnxyf~/s-l1600.webp,https://i.ebayimg.com/images/g/gBAAAOSwTYJnxyf-/s-l1600.webp,https://i.ebayimg.com/images/g/rtMAAOSwIOtlsS0o/s-l1600.webp
433,https://i.ebayimg.com/images/g/Zr0AAOSw6Hdnb~Lk/s-l1600.webp,https://i.ebayimg.com/images/g/ETAAAOSwdVRnb~Lm/s-l1600.webp,https://i.ebayimg.com/images/g/aToAAOSwN3hnb~Lo/s-l1600.webp,https://i.ebayimg.com/images/g/i9gAAOSwZc9nb~Lo/s-l1600.webp,https://i.ebayimg.com/images/g/iHIAAOSwRiJnb~Lp/s-l1600.webp,https://i.ebayimg.com/images/g/afwAAOSw44hnb~Lp/s-l1600.webp,https://i.ebayimg.com/images/g/~ygAAOSwgi5nb~Lo/s-l1600.webp,https://i.ebayimg.com/images/g/~8AAAOSwfeZm9Rxf/s-l1600.webp
434,https://i.ebayimg.com/images/g/3MEAAOSwAnVnqyGQ/s-l1600.webp,https://i.ebayimg.com/images/g/hjEAAOSwDgBnqyGO/s-l1600.webp,https://i.ebayimg.com/images/g/nhEAAOSwILJnqyGL/s-l1600.webp,https://i.ebayimg.com/images/g/cMQAAOSw4uBnqyGE/s-l1600.webp,https://i.ebayimg.com/images/g/vbMAAOSw4BFnqyGN/s-l1600.webp,https://i.ebayimg.com/images/g/EHYAAOSw5fJnqyGK/s-l1600.webp,https://i.ebayimg.com/images/g/OOcAAOSwBd5nqyHI/s-l1600.webp,https://i.ebayimg.com/images/g/Z50AAOSwcV9lsS8K/s-l1600.webp
435,https://i.ebayimg.com/images/g/XBAAAOSwBC5nY-P~/s-l1600.webp,https://i.ebayimg.com/images/g/GbYAAOSwSlBnY-P~/s-l1600.webp,https://i.ebayimg.com/images/g/3B4AAOSwvH5nY-P9/s-l1600.webp,https://i.ebayimg.com/images/g/FCQAAOSwLz9nY-P~/s-l1600.webp,https://i.ebayimg.com/images/g/lAEAAOSwK51nY-P9/s-l1600.webp,https://i.ebayimg.com/images/g/2jwAAOSwDWJnY-QA/s-l1600.webp,https://i.ebayimg.com/images/g/yWQAAOSwAKhnY-QB/s-l1600.webp,https://i.ebayimg.com/images/g/Z50AAOSwcV9lsS8K/s-l1600.webp
436,https://i.ebayimg.com/images/g/M9AAAOSwk2pnm3Xt/s-l1600.webp,https://i.ebayimg.com/images/g/7vIAAOSw2HNnm3Xs/s-l1600.webp,https://i.ebayimg.com/images/g/13MAAOSw~9Fnm3Xt/s-l1600.webp,https://i.ebayimg.com/images/g/l6UAAOSwRYNnm3Xu/s-l1600.webp,https://i.ebayimg.com/images/g/qqUAAOSwN45nm3Xs/s-l1600.webp,https://i.ebayimg.com/images/g/bgAAAOSwRL1nm3Xu/s-l1600.webp,https://i.ebayimg.com/images/g/YRsAAOSwyZlnm3Xu/s-l1600.webp,https://i.ebayimg.com/images/g/TDUAAOSwsKZnm3Xu/s-l1600.webp,https://i.ebayimg.com/images/g/qmsAAOSwQYBnm3Xq/s-l1600.webp,https://i.ebayimg.com/images/g/lC8AAOSwXDVnm3Xt/s-l1600.webp,https://i.ebayimg.com/images/g/7Z4AAOSwtmplsS8H/s-l1600.webp
437,https://i.ebayimg.com/images/g/AyMAAOSwFjhl-TOL/s-l1600.webp,https://i.ebayimg.com/images/g/-tYAAOSw1Kxl-TOJ/s-l1600.webp,https://i.ebayimg.com/images/g/KwYAAOSwp7Zl-TOC/s-l1600.webp,https://i.ebayimg.com/images/g/tZ8AAOSwIaNl-TOG/s-l1600.webp,https://i.ebayimg.com/images/g/qL8AAOSwA0Vl-TN8/s-l1600.webp,https://i.ebayimg.com/images/g/7hUAAOSwMOJl-TN~/s-l1600.webp,https://i.ebayimg.com/images/g/rtMAAOSwIOtlsS0o/s-l1600.webp
438,https://i.ebayimg.com/images/g/59IAAOSwtWRnV-vs/s-l1600.webp,https://i.ebayimg.com/images/g/fdkAAOSwmr1nV-vr/s-l1600.webp,https://i.ebayimg.com/images/g/idsAAOSwpmZnV-vs/s-l1600.webp,https://i.ebayimg.com/images/g/mz0AAOSw1gBnV-vw/s-l1600.webp,https://i.ebayimg.com/images/g/0bQAAOSwGZpnV-vu/s-l1600.webp,https://i.ebayimg.com/images/g/LPsAAOSwAVhnV-vx/s-l1600.webp,https://i.ebayimg.com/images/g/Q7cAAOSwA4ZnV-vp/s-l1600.webp,https://i.ebayimg.com/images/g/7Z4AAOSwtmplsS8H/s-l1600.webp
439,https://i.ebayimg.com/images/g/ijcAAOSwZdxnyLf3/s-l1600.webp,https://i.ebayimg.com/images/g/vK8AAOSw2ElnyLf2/s-l1600.webp,https://i.ebayimg.com/images/g/GaoAAOSw6~NnyLf2/s-l1600.webp,https://i.ebayimg.com/images/g/e4QAAOSw7dtnyLf2/s-l1600.webp,https://i.ebayimg.com/images/g/CO0AAOSwedRnyLf3/s-l1600.webp,https://i.ebayimg.com/images/g/bBYAAOSwMNVnyLf3/s-l1600.webp,https://i.ebayimg.com/images/g/RSAAAOSw7qBnyLf4/s-l1600.webp,https://i.ebayimg.com/images/g/Z50AAOSwcV9lsS8K/s-l1600.webp
440,https://i.ebayimg.com/images/g/5DsAAOSwUe1oMe4o/s-l1600.webp,https://i.ebayimg.com/images/g/bZEAAOSw8K9oMe4p/s-l1600.webp,https://i.ebayimg.com/images/g/4tAAAOSwOgFoMe4p/s-l1600.webp,https://i.ebayimg.com/images/g/JyUAAOSw73BoMe4o/s-l1600.webp,https://i.ebayimg.com/images/g/Z50AAOSwcV9lsS8K/s-l1600.webp
441,https://i.ebayimg.com/images/g/nPUAAOSwK5NlyISw/s-l1600.webp,https://i.ebayimg.com/images/g/rQ0AAOSwPCRlyIS5/s-l1600.webp,https://i.ebayimg.com/images/g/D5kAAOSwVddlyITP/s-l1600.webp,https://i.ebayimg.com/images/g/KuoAAOSwWu5lyITM/s-l1600.webp,https://i.ebayimg.com/images/g/YdsAAOSw4jVlyITA/s-l1600.webp,https://i.ebayimg.com/images/g/zoIAAOSwE4ZlyITT/s-l1600.webp,https://i.ebayimg.com/images/g/JjMAAOSwo-llyIS0/s-l1600.webp,https://i.ebayimg.com/images/g/-C0AAOSwD7RlyIS8/s-l1600.webp,https://i.ebayimg.com/images/g/Z50AAOSwcV9lsS8K/s-l1600.webp
442,https://i.ebayimg.com/images/g/myMAAOSwzOhnpd~1/s-l1600.webp,https://i.ebayimg.com/images/g/q9sAAOSw7zNnpd~5/s-l1600.webp,https://i.ebayimg.com/images/g/cygAAOSwi05npd~w/s-l1600.webp,https://i.ebayimg.com/images/g/WaMAAOSwCe1npd~7/s-l1600.webp,https://i.ebayimg.com/images/g/bXcAAOSwZMBnpd~4/s-l1600.webp,https://i.ebayimg.com/images/g/SHsAAOSwGXlnpd~z/s-l1600.webp,https://i.ebayimg.com/images/g/kgwAAOSwE85npd~7/s-l1600.webp,https://i.ebayimg.com/images/g/gUYAAOSwzk1npd~6/s-l1600.webp,https://i.ebayimg.com/images/g/tZIAAOSwkJtnpd~6/s-l1600.webp,https://i.ebayimg.com/images/g/eSwAAOSw7jFnpd~0/s-l1600.webp,https://i.ebayimg.com/images/g/rtMAAOSwIOtlsS0o/s-l1600.webp
443,https://i.ebayimg.com/images/g/QJsAAOSwa9VluhlO/s-l1600.webp,https://i.ebayimg.com/images/g/UKIAAOSwsMRluhlJ/s-l1600.webp,https://i.ebayimg.com/images/g/Wp4AAOSwIjhluhlM/s-l1600.webp,https://i.ebayimg.com/images/g/MAYAAOSwk5pluhlH/s-l1600.webp,https://i.ebayimg.com/images/g/DLAAAOSwPuZluhlQ/s-l1600.webp,https://i.ebayimg.com/images/g/b3AAAOSwfXBluhlS/s-l1600.webp,https://i.ebayimg.com/images/g/Z50AAOSwcV9lsS8K/s-l1600.webp
444,https://i.ebayimg.com/images/g/pTgAAOSwq5dmXSXv/s-l1600.webp,https://i.ebayimg.com/images/g/MTIAAOSw4oNmXSXt/s-l1600.webp,https://i.ebayimg.com/images/g/~XUAAOSwegJmXSYO/s-l1600.webp,https://i.ebayimg.com/images/g/6UUAAOSwM3xmXSXu/s-l1600.webp,https://i.ebayimg.com/images/g/-4kAAOSwsl9mXSXs/s-l1600.webp,https://i.ebayimg.com/images/g/~JkAAOSwJDtmXSYf/s-l1600.webp,https://i.ebayimg.com/images/g/Z50AAOSwcV9lsS8K/s-l1600.webp,https://i.ebayimg.com/images/g/udEAAOSwmYFmXSYs/s-l1600.webp,https://i.ebayimg.com/images/g/VL0AAOSwYvtmXSYz/s-l1600.webp
445,https://i.ebayimg.com/images/g/~IIAAOSwArFnpxpF/s-l1600.webp,https://i.ebayimg.com/images/g/udgAAOSwHodnpxpJ/s-l1600.webp,https://i.ebayimg.com/images/g/b4MAAOSwJURnpxpH/s-l1600.webp,https://i.ebayimg.com/images/g/g24AAOSwrlZnpxpK/s-l1600.webp,https://i.ebayimg.com/images/g/w5IAAOSwvIlnpxpK/s-l1600.webp,https://i.ebayimg.com/images/g/Z50AAOSwcV9lsS8K/s-l1600.webp
446,https://i.ebayimg.com/images/g/y3IAAOSwL5loF5Yg/s-l1600.webp,https://i.ebayimg.com/images/g/cHYAAOSwzjNoF5Yh/s-l1600.webp,https://i.ebayimg.com/images/g/ssQAAOSwviJoF5Yj/s-l1600.webp,https://i.ebayimg.com/images/g/9Z8AAOSwDGJoF5Yh/s-l1600.webp,https://i.ebayimg.com/images/g/ok4AAOSwUzRoF5Yg/s-l1600.webp,https://i.ebayimg.com/images/g/zogAAOSwJFVoF5Zl/s-l1600.webp,https://i.ebayimg.com/images/g/1kcAAOSwmg5oF5Zt/s-l1600.webp,https://i.ebayimg.com/images/g/Z50AAOSwcV9lsS8K/s-l1600.webp
447,https://i.ebayimg.com/images/g/Nw0AAOSwnxxmnPgb/s-l1600.webp,https://i.ebayimg.com/images/g/pLAAAOSwtGtmnPgW/s-l1600.webp,https://i.ebayimg.com/images/g/lV4AAOSwMtlmnPgT/s-l1600.webp,https://i.ebayimg.com/images/g/HEcAAOSwtZtmnPgR/s-l1600.webp,https://i.ebayimg.com/images/g/1iYAAOSwtYtmnPgM/s-l1600.webp,https://i.ebayimg.com/images/g/IyYAAOSw0gpmnPgO/s-l1600.webp,https://i.ebayimg.com/images/g/Q~QAAOSwzKdlsS7a/s-l1600.webp
448,https://i.ebayimg.com/images/g/misAAOSwSulnLdvp/s-l1600.webp,https://i.ebayimg.com/images/g/xskAAOSw2uNnLdvn/s-l1600.webp,https://i.ebayimg.com/images/g/UPQAAOSw~fBnLdvn/s-l1600.webp,https://i.ebayimg.com/images/g/-XUAAOSweYFnLdvh/s-l1600.webp,https://i.ebayimg.com/images/g/OMgAAOSwxvJnLdvj/s-l1600.webp,https://i.ebayimg.com/images/g/LhUAAOSwq2xnLdvn/s-l1600.webp,https://i.ebayimg.com/images/g/Z50AAOSwcV9lsS8K/s-l1600.webp
449,https://i.ebayimg.com/images/g/-UgAAOSwHspnNzOd/s-l1600.webp,https://i.ebayimg.com/images/g/7BAAAOSwdIRnNzOc/s-l1600.webp,https://i.ebayimg.com/images/g/tDwAAOSw9CZnNzOb/s-l1600.webp,https://i.ebayimg.com/images/g/95UAAOSwfRlnNzOb/s-l1600.webp,https://i.ebayimg.com/images/g/52kAAOSwH3hnNzOe/s-l1600.webp,https://i.ebayimg.com/images/g/rtMAAOSwIOtlsS0o/s-l1600.webp
450,https://i.ebayimg.com/images/g/9VcAAOSwN3dnzTrM/s-l1600.webp,https://i.ebayimg.com/images/g/o7kAAOSwVxNnzTrL/s-l1600.webp,https://i.ebayimg.com/images/g/cVUAAOSwefNnzTrM/s-l1600.webp,https://i.ebayimg.com/images/g/w1EAAOSwM21nzTrM/s-l1600.webp,https://i.ebayimg.com/images/g/4S4AAOSwqF1nzTrM/s-l1600.webp,https://i.ebayimg.com/images/g/qMEAAOSwQ7FnzTrN/s-l1600.webp,https://i.ebayimg.com/images/g/rtMAAOSwIOtlsS0o/s-l1600.webp
451,https://i.ebayimg.com/images/g/SEwAAOSwANZn9iKS/s-l1600.webp,https://i.ebayimg.com/images/g/P9EAAOSw535n9iKN/s-l1600.webp,https://i.ebayimg.com/images/g/l9sAAOSw1j5n9iKQ/s-l1600.webp,https://i.ebayimg.com/images/g/efUAAOSwFGpn9iKR/s-l1600.webp,https://i.ebayimg.com/images/g/JE4AAOSw07xn9iKR/s-l1600.webp,https://i.ebayimg.com/images/g/2asAAOSwsHxn9iKU/s-l1600.webp,https://i.ebayimg.com/images/g/qq0AAOSw73Vn9iKT/s-l1600.webp,https://i.ebayimg.com/images/g/ZU8AAOSw-W5n9iKV/s-l1600.webp,https://i.ebayimg.com/images/g/Z50AAOSwcV9lsS8K/s-l1600.webp
452,https://i.ebayimg.com/images/g/Ax4AAOSwvj5l0e6m/s-l1600.webp,https://i.ebayimg.com/images/g/Jm0AAOSwXFNl0e6o/s-l1600.webp,https://i.ebayimg.com/images/g/wUwAAOSwANZl0e6q/s-l1600.webp,https://i.ebayimg.com/images/g/ZBMAAOSwxx5l0e7B/s-l1600.webp,https://i.ebayimg.com/images/g/uLUAAOSwY75l0e6l/s-l1600.webp,https://i.ebayimg.com/images/g/40kAAOSwazVl0e6j/s-l1600.webp,https://i.ebayimg.com/images/g/CNIAAOSwPL9l0e6t/s-l1600.webp,https://i.ebayimg.com/images/g/ApwAAOSwOQpl0e7N/s-l1600.webp,https://i.ebayimg.com/images/g/JRQAAOSwogRlzMF3/s-l1600.webp,https://i.ebayimg.com/images/g/GR8AAOSwqOFl0e6p/s-l1600.webp,https://i.ebayimg.com/images/g/nyIAAOSwru5l0e6u/s-l1600.webp
453,https://i.ebayimg.com/images/g/fv4AAOSwCxtnuINW/s-l1600.webp,https://i.ebayimg.com/images/g/PZMAAOSwYfRnuINV/s-l1600.webp,https://i.ebayimg.com/images/g/TrwAAOSwY~9nuINW/s-l1600.webp,https://i.ebayimg.com/images/g/YMYAAOSws1JnuINR/s-l1600.webp,https://i.ebayimg.com/images/g/aWYAAOSw6jlnuINV/s-l1600.webp,https://i.ebayimg.com/images/g/HGcAAOSwMHJnuINh/s-l1600.webp,https://i.ebayimg.com/images/g/rSwAAOSw6YNnuINe/s-l1600.webp,https://i.ebayimg.com/images/g/Z50AAOSwcV9lsS8K/s-l1600.webp
454,https://i.ebayimg.com/images/g/xy4AAOSwaDVmpw3U/s-l1600.webp,https://i.ebayimg.com/images/g/qzwAAOSwEvZmpw3F/s-l1600.webp,https://i.ebayimg.com/images/g/MQwAAOSwt71mpw3O/s-l1600.webp,https://i.ebayimg.com/images/g/j7UAAOSwKbtmpw3Q/s-l1600.webp,https://i.ebayimg.com/images/g/1FsAAOSwXR5mpw3J/s-l1600.webp,https://i.ebayimg.com/images/g/Rs8AAOSwUl9mpw3S/s-l1600.webp,https://i.ebayimg.com/images/g/ygYAAOSwnLBmpw3N/s-l1600.webp,https://i.ebayimg.com/images/g/0IwAAOSwxjFmpw3L/s-l1600.webp,https://i.ebayimg.com/images/g/Z50AAOSwcV9lsS8K/s-l1600.webp
455,https://i.ebayimg.com/images/g/pJMAAOSwbHFnk1MJ/s-l1600.webp,https://i.ebayimg.com/images/g/RD4AAOSwFuhnk1LY/s-l1600.webp,https://i.ebayimg.com/images/g/qAwAAOSwtT5nk1Lc/s-l1600.webp,https://i.ebayimg.com/images/g/osMAAOSwD59nk1La/s-l1600.webp,https://i.ebayimg.com/images/g/a2oAAOSwjL9nk1La/s-l1600.webp,https://i.ebayimg.com/images/g/oiEAAOSw2nBnk1La/s-l1600.webp,https://i.ebayimg.com/images/g/Z50AAOSwcV9lsS8K/s-l1600.webp
456,https://i.ebayimg.com/images/g/~NwAAOSw0epmnPT3/s-l1600.webp,https://i.ebayimg.com/images/g/I4YAAOSwxVJmnPTx/s-l1600.webp,https://i.ebayimg.com/images/g/PskAAOSwf-RmnPT0/s-l1600.webp,https://i.ebayimg.com/images/g/xKYAAOSw7ppmnPTt/s-l1600.webp,https://i.ebayimg.com/images/g/HfkAAOSwkgxmnPU4/s-l1600.webp,https://i.ebayimg.com/images/g/JCEAAOSwos9mnPTn/s-l1600.webp,https://i.ebayimg.com/images/g/Q~QAAOSwzKdlsS7a/s-l1600.webp
457,https://i.ebayimg.com/images/g/iXEAAOSwE8FnpxZ0/s-l1600.webp,https://i.ebayimg.com/images/g/lKkAAOSw60JnpxZo/s-l1600.webp,https://i.ebayimg.com/images/g/pQYAAOSwke1npxZt/s-l1600.webp,https://i.ebayimg.com/images/g/FPsAAOSw9mpnpxZ0/s-l1600.webp,https://i.ebayimg.com/images/g/ZCIAAOSwbOxnpxZx/s-l1600.webp,https://i.ebayimg.com/images/g/rtMAAOSwIOtlsS0o/s-l1600.webp
458,https://i.ebayimg.com/images/g/z5YAAOSwIctl10MN/s-l1600.webp,https://i.ebayimg.com/images/g/rbgAAOSwpldl10MP/s-l1600.webp,https://i.ebayimg.com/images/g/rbsAAOSwpldl10MR/s-l1600.webp,https://i.ebayimg.com/images/g/9XMAAOSwOnll10ML/s-l1600.webp,https://i.ebayimg.com/images/g/pmEAAOSwXphl10MB/s-l1600.webp,https://i.ebayimg.com/images/g/GPYAAOSw4qdl10M6/s-l1600.webp,https://i.ebayimg.com/images/g/Q~QAAOSwzKdlsS7a/s-l1600.webp
459,https://i.ebayimg.com/images/g/ef4AAOSwwCBnghZq/s-l1600.webp,https://i.ebayimg.com/images/g/O8AAAOSwWjVnghZo/s-l1600.webp,https://i.ebayimg.com/images/g/etsAAOSw0iJnghZo/s-l1600.webp,https://i.ebayimg.com/images/g/-WEAAOSwyJ5nghZm/s-l1600.webp,https://i.ebayimg.com/images/g/k5wAAOSwndJnghZr/s-l1600.webp,https://i.ebayimg.com/images/g/vzgAAOSwicRnghZs/s-l1600.webp,https://i.ebayimg.com/images/g/rtMAAOSwIOtlsS0o/s-l1600.webp
460,https://i.ebayimg.com/images/g/rBQAAOSw2MFm9Rxc/s-l1600.webp,https://i.ebayimg.com/images/g/Cm0AAOSwqQNm9RxW/s-l1600.webp,https://i.ebayimg.com/images/g/mZcAAOSwdQ9m9RxU/s-l1600.webp,https://i.ebayimg.com/images/g/VtEAAOSwUOJm9RxS/s-l1600.webp,https://i.ebayimg.com/images/g/exoAAOSw9nZm9RxO/s-l1600.webp,https://i.ebayimg.com/images/g/~8AAAOSwfeZm9Rxf/s-l1600.webp
461,https://i.ebayimg.com/images/g/23MAAOSw9LFlv4OB/s-l1600.webp,https://i.ebayimg.com/images/g/BocAAOSwQpJlv4N9/s-l1600.webp,https://i.ebayimg.com/images/g/4gYAAOSw2TVlv4N7/s-l1600.webp,https://i.ebayimg.com/images/g/NEAAAOSwYNJlv4N3/s-l1600.webp,https://i.ebayimg.com/images/g/a24AAOSwq7Flv4Nz/s-l1600.webp,https://i.ebayimg.com/images/g/rtMAAOSwIOtlsS0o/s-l1600.webp
462,https://i.ebayimg.com/images/g/eJkAAOSwp-xoLazb/s-l1600.webp,https://i.ebayimg.com/images/g/YhAAAOSwdfpoLaza/s-l1600.webp,https://i.ebayimg.com/images/g/Bb0AAOSwHAZoLazb/s-l1600.webp,https://i.ebayimg.com/images/g/RWYAAOSweRBoLazc/s-l1600.webp,https://i.ebayimg.com/images/g/DHcAAOSwMlZoLaza/s-l1600.webp,https://i.ebayimg.com/images/g/fgoAAOSwq2JoLaze/s-l1600.webp,https://i.ebayimg.com/images/g/Z50AAOSwcV9lsS8K/s-l1600.webp
463,https://i.ebayimg.com/images/g/2rEAAOSwpOpoDKCX/s-l1600.webp,https://i.ebayimg.com/images/g/svMAAOSw9YxoDKCX/s-l1600.webp,https://i.ebayimg.com/images/g/acoAAOSwDqFoDKCX/s-l1600.webp,https://i.ebayimg.com/images/g/ch4AAOSwdMtoDKCW/s-l1600.webp,https://i.ebayimg.com/images/g/IQcAAOSwJGZoDKDb/s-l1600.webp,https://i.ebayimg.com/images/g/CF8AAOSw2SloDKDa/s-l1600.webp,https://i.ebayimg.com/images/g/Z50AAOSwcV9lsS8K/s-l1600.webp
464,https://i.ebayimg.com/images/g/9f8AAOSwAUZnTvJ0/s-l1600.webp,https://i.ebayimg.com/images/g/LasAAOSw9VNnTvJ1/s-l1600.webp,https://i.ebayimg.com/images/g/WkkAAOSwyylnTvJ2/s-l1600.webp,https://i.ebayimg.com/images/g/kFgAAOSwK7pnTvJ1/s-l1600.webp,https://i.ebayimg.com/images/g/mH4AAOSw2sVnTvJz/s-l1600.webp,https://i.ebayimg.com/images/g/sEMAAOSwhPxnTvJ1/s-l1600.webp,https://i.ebayimg.com/images/g/rBoAAOSwuShnTvKt/s-l1600.webp,https://i.ebayimg.com/images/g/Z50AAOSwcV9lsS8K/s-l1600.webp
465,https://i.ebayimg.com/images/g/RXQAAOSwg0dnV-le/s-l1600.webp,https://i.ebayimg.com/images/g/-OMAAOSwP0FnV-lo/s-l1600.webp,https://i.ebayimg.com/images/g/zMcAAOSw0JlnV-li/s-l1600.webp,https://i.ebayimg.com/images/g/x8wAAOSwbYlnV-li/s-l1600.webp,https://i.ebayimg.com/images/g/LvMAAOSwoRlnV-li/s-l1600.webp,https://i.ebayimg.com/images/g/N7cAAOSwuNRnV-lb/s-l1600.webp,https://i.ebayimg.com/images/g/rtMAAOSwIOtlsS0o/s-l1600.webp
466,https://i.ebayimg.com/images/g/iPkAAOSwZy5nsw~I/s-l1600.webp,https://i.ebayimg.com/images/g/oDkAAOSw6mhnsw~I/s-l1600.webp,https://i.ebayimg.com/images/g/KfgAAOSwhsxnsw~J/s-l1600.webp,https://i.ebayimg.com/images/g/MMUAAOSw3Ctnsw~H/s-l1600.webp,https://i.ebayimg.com/images/g/BcMAAOSwBVJnsw~I/s-l1600.webp,https://i.ebayimg.com/images/g/i9IAAOSwZqNnsw~I/s-l1600.webp,https://i.ebayimg.com/images/g/brkAAOSw04dnsw~J/s-l1600.webp,https://i.ebayimg.com/images/g/Z50AAOSwcV9lsS8K/s-l1600.webp
467,https://i.ebayimg.com/images/g/HF8AAOSwvHJnsx3-/s-l1600.webp,https://i.ebayimg.com/images/g/MI8AAOSwkxlnsx39/s-l1600.webp,https://i.ebayimg.com/images/g/8wgAAOSw-xlnsx39/s-l1600.webp,https://i.ebayimg.com/images/g/nqIAAOSwS55nsx4A/s-l1600.webp,https://i.ebayimg.com/images/g/Lw8AAOSwURBnsx3~/s-l1600.webp,https://i.ebayimg.com/images/g/3cgAAOSw~~Jnsx4E/s-l1600.webp,https://i.ebayimg.com/images/g/0osAAOSw5Wtnsx3~/s-l1600.webp,https://i.ebayimg.com/images/g/Z50AAOSwcV9lsS8K/s-l1600.webp
468,https://i.ebayimg.com/images/g/IMgAAOSwJDpnbWkb/s-l1600.webp,https://i.ebayimg.com/images/g/YcAAAOSwZehnbWkg/s-l1600.webp,https://i.ebayimg.com/images/g/~8AAAOSwfeZm9Rxf/s-l1600.webp
469,https://i.ebayimg.com/images/g/yyMAAOSwyEtm3ZD5/s-l1600.webp,https://i.ebayimg.com/images/g/1wUAAOSwgilm3ZD2/s-l1600.webp,https://i.ebayimg.com/images/g/hAIAAOSwn3pm3ZDu/s-l1600.webp,https://i.ebayimg.com/images/g/xaQAAOSwTKtm3ZDr/s-l1600.webp,https://i.ebayimg.com/images/g/6z4AAOSwu35m3ZDy/s-l1600.webp,https://i.ebayimg.com/images/g/Z50AAOSwcV9lsS8K/s-l1600.webp
470,https://i.ebayimg.com/images/g/spsAAOSwQS1n2A5J/s-l1600.webp,https://i.ebayimg.com/images/g/oR4AAOSwhe9n2A5J/s-l1600.webp,https://i.ebayimg.com/images/g/VqcAAOSwhSln2A5K/s-l1600.webp,https://i.ebayimg.com/images/g/Z50AAOSwcV9lsS8K/s-l1600.webp
471,https://i.ebayimg.com/images/g/5TQAAOSw-~5nz91M/s-l1600.webp,https://i.ebayimg.com/images/g/lBYAAOSw785nz91H/s-l1600.webp,https://i.ebayimg.com/images/g/gSMAAOSwp3Jnz91H/s-l1600.webp,https://i.ebayimg.com/images/g/BskAAOSwGGVnz91F/s-l1600.webp,https://i.ebayimg.com/images/g/yvAAAOSwRkFnz91H/s-l1600.webp,https://i.ebayimg.com/images/g/CYUAAOSwTd1nz91M/s-l1600.webp,https://i.ebayimg.com/images/g/SlgAAOSwnX9nz91L/s-l1600.webp,https://i.ebayimg.com/images/g/LGIAAOSwpcFnz91I/s-l1600.webp,https://i.ebayimg.com/images/g/~0sAAOSwcwxnz91K/s-l1600.webp,https://i.ebayimg.com/images/g/rtMAAOSwIOtlsS0o/s-l1600.webp
472,https://i.ebayimg.com/images/g/FXgAAOSwKFNneOSp/s-l1600.webp,https://i.ebayimg.com/images/g/mGkAAOSwJjpneOSq/s-l1600.webp,https://i.ebayimg.com/images/g/Z1EAAOSwT7FneOSo/s-l1600.webp,https://i.ebayimg.com/images/g/zJ8AAOSwRCJneOSn/s-l1600.webp,https://i.ebayimg.com/images/g/LM4AAOSwIzNneOSp/s-l1600.webp,https://i.ebayimg.com/images/g/i6kAAOSwBuxneOSp/s-l1600.webp,https://i.ebayimg.com/images/g/Z50AAOSwcV9lsS8K/s-l1600.webp
473,https://i.ebayimg.com/images/g/cxMAAOSwTYJnxxNo/s-l1600.webp,https://i.ebayimg.com/images/g/QrUAAOSwYyxnxxNn/s-l1600.webp,https://i.ebayimg.com/images/g/OysAAOSw7dtnxxNm/s-l1600.webp,https://i.ebayimg.com/images/g/WgUAAOSwCwZnxxNo/s-l1600.webp,https://i.ebayimg.com/images/g/gasAAOSwvmlnxxNp/s-l1600.webp,https://i.ebayimg.com/images/g/7Z4AAOSwtmplsS8H/s-l1600.webp
474,https://i.ebayimg.com/images/g/hswAAOSwSAdmIRlc/s-l1600.webp,https://i.ebayimg.com/images/g/3F0AAOSwjT9mIRlZ/s-l1600.webp,https://i.ebayimg.com/images/g/lJUAAOSwPAhmIRmG/s-l1600.webp,https://i.ebayimg.com/images/g/g9kAAOSw2YxmIRlW/s-l1600.webp,https://i.ebayimg.com/images/g/EtYAAOSwiaRmIRlR/s-l1600.webp,https://i.ebayimg.com/images/g/JRQAAOSwogRlzMF3/s-l1600.webp
475,https://i.ebayimg.com/images/g/Z1AAAOSwOShoDKMS/s-l1600.webp,https://i.ebayimg.com/images/g/hzcAAOSwriloDKMS/s-l1600.webp,https://i.ebayimg.com/images/g/WdMAAOSwN1doDKMQ/s-l1600.webp,https://i.ebayimg.com/images/g/jKwAAOSwSfRoDKMO/s-l1600.webp,https://i.ebayimg.com/images/g/K5YAAOSwOk1oDKMS/s-l1600.webp,https://i.ebayimg.com/images/g/C48AAOSwh2NoDKMR/s-l1600.webp,https://i.ebayimg.com/images/g/VtcAAOSwxNBoDKNF/s-l1600.webp,https://i.ebayimg.com/images/g/xhcAAOSwry9oDKNI/s-l1600.webp,https://i.ebayimg.com/images/g/Z50AAOSwcV9lsS8K/s-l1600.webp
476,https://i.ebayimg.com/images/g/NwgAAOSw72lmQ1-W/s-l1600.webp,https://i.ebayimg.com/images/g/-MwAAOSwVk1mQ1-U/s-l1600.webp,https://i.ebayimg.com/images/g/auUAAOSwO89mQ1-a/s-l1600.webp,https://i.ebayimg.com/images/g/VXQAAOSwizlmQ1-Q/s-l1600.webp,https://i.ebayimg.com/images/g/LygAAOSw-pBmQ1-S/s-l1600.webp,https://i.ebayimg.com/images/g/N38AAOSw4uBmQ1-O/s-l1600.webp,https://i.ebayimg.com/images/g/RL4AAOSwjD5mQ1-x/s-l1600.webp,https://i.ebayimg.com/images/g/5VIAAOSw2DlmQ1-M/s-l1600.webp,https://i.ebayimg.com/images/g/rtMAAOSwIOtlsS0o/s-l1600.webp
477,https://i.ebayimg.com/images/g/Q50AAOSwwGRncn4K/s-l1600.webp,https://i.ebayimg.com/images/g/D7QAAOSw25Vncn4H/s-l1600.webp,https://i.ebayimg.com/images/g/xWAAAOSws39ncn4N/s-l1600.webp,https://i.ebayimg.com/images/g/oO0AAOSwEsBncn4Q/s-l1600.webp,https://i.ebayimg.com/images/g/0uUAAOSwv9pncn4N/s-l1600.webp,https://i.ebayimg.com/images/g/pcMAAOSwL69ncn4U/s-l1600.webp,https://i.ebayimg.com/images/g/8EAAAOSwwsJncn4X/s-l1600.webp,https://i.ebayimg.com/images/g/TCAAAOSwJpdncn4W/s-l1600.webp,https://i.ebayimg.com/images/g/g~oAAOSwEeRncn4P/s-l1600.webp,https://i.ebayimg.com/images/g/Z50AAOSwcV9lsS8K/s-l1600.webp
478,https://i.ebayimg.com/images/g/79AAAOSw~O5l44m4/s-l1600.webp,https://i.ebayimg.com/images/g/j9cAAOSw18xl44ms/s-l1600.webp,https://i.ebayimg.com/images/g/EjQAAOSw0Wll44m1/s-l1600.webp,https://i.ebayimg.com/images/g/yPkAAOSwCp1l44mu/s-l1600.webp,https://i.ebayimg.com/images/g/PqUAAOSwab1l44mw/s-l1600.webp,https://i.ebayimg.com/images/g/Z50AAOSwcV9lsS8K/s-l1600.webp
479,https://i.ebayimg.com/images/g/U9MAAOSw74hoJ0F5/s-l1600.webp,https://i.ebayimg.com/images/g/B-IAAOSw6VRoJ0F2/s-l1600.webp,https://i.ebayimg.com/images/g/B-QAAOSw6VRoJ0F5/s-l1600.webp,https://i.ebayimg.com/images/g/-I4AAOSwjWdoJ0F5/s-l1600.webp,https://i.ebayimg.com/images/g/ItIAAOSwTSZoJ0F7/s-l1600.webp,https://i.ebayimg.com/images/g/oVwAAOSwwPtoJ0F6/s-l1600.webp,https://i.ebayimg.com/images/g/dhUAAOSw2ixoJ0GB/s-l1600.webp,https://i.ebayimg.com/images/g/T7YAAOSwH-doJ0GA/s-l1600.webp,https://i.ebayimg.com/images/g/RR0AAOSwkU1oJ0GA/s-l1600.webp,https://i.ebayimg.com/images/g/Z50AAOSwcV9lsS8K/s-l1600.webp
480,https://i.ebayimg.com/images/g/QeAAAOSwRr1mgP4M/s-l1600.webp,https://i.ebayimg.com/images/g/7UcAAOSw-YVmgP4L/s-l1600.webp,https://i.ebayimg.com/images/g/QJMAAOSwq49mgP4J/s-l1600.webp,https://i.ebayimg.com/images/g/j7wAAOSwj8JmgP4F/s-l1600.webp,https://i.ebayimg.com/images/g/yNkAAOSwUWFmgP4H/s-l1600.webp,https://i.ebayimg.com/images/g/Z50AAOSwcV9lsS8K/s-l1600.webp
481,https://i.ebayimg.com/images/g/jfQAAOSw0T1m1sNC/s-l1600.webp,https://i.ebayimg.com/images/g/kXsAAOSw4Mpm1sNP/s-l1600.webp,https://i.ebayimg.com/images/g/VWcAAOSw0ORm1sNR/s-l1600.webp,https://i.ebayimg.com/images/g/C2oAAOSwBEhm1sNN/s-l1600.webp,https://i.ebayimg.com/images/g/gOcAAOSwErVm1sNH/s-l1600.webp,https://i.ebayimg.com/images/g/~aIAAOSwf9tm1sNE/s-l1600.webp,https://i.ebayimg.com/images/g/qwEAAOSwCcZm1sN3/s-l1600.webp,https://i.ebayimg.com/images/g/2dsAAOSwlIJm1sNK/s-l1600.webp,https://i.ebayimg.com/images/g/Z50AAOSwcV9lsS8K/s-l1600.webp
482,https://i.ebayimg.com/images/g/YfsAAOSwzZpneOal/s-l1600.webp,https://i.ebayimg.com/images/g/ihUAAOSwfApneOal/s-l1600.webp,https://i.ebayimg.com/images/g/YLUAAOSwKb9neOal/s-l1600.webp,https://i.ebayimg.com/images/g/1QoAAOSwWYZneOal/s-l1600.webp,https://i.ebayimg.com/images/g/gEIAAOSwx8pneOal/s-l1600.webp,https://i.ebayimg.com/images/g/oJsAAOSwCKFneOak/s-l1600.webp,https://i.ebayimg.com/images/g/tl0AAOSwsuZneOak/s-l1600.webp,https://i.ebayimg.com/images/g/7xwAAOSwuDJneOan/s-l1600.webp,https://i.ebayimg.com/images/g/Z50AAOSwcV9lsS8K/s-l1600.webp
483,https://i.ebayimg.com/images/g/2DoAAOSwtdFoEd1T/s-l1600.webp,https://i.ebayimg.com/images/g/QwYAAOSwV85oEd1T/s-l1600.webp,https://i.ebayimg.com/images/g/Q9sAAOSw2MloEd1V/s-l1600.webp,https://i.ebayimg.com/images/g/djgAAOSwcYxoEd1R/s-l1600.webp,https://i.ebayimg.com/images/g/gPQAAOSwgLVoEd1U/s-l1600.webp,https://i.ebayimg.com/images/g/-IkAAOSw5V1oEd1T/s-l1600.webp,https://i.ebayimg.com/images/g/hrQAAOSwuYFoEd1Z/s-l1600.webp,https://i.ebayimg.com/images/g/7Z4AAOSwtmplsS8H/s-l1600.webp
484,https://i.ebayimg.com/images/g/WJMAAOSwbFZna-rt/s-l1600.webp,https://i.ebayimg.com/images/g/rT8AAOSwfBVna-ru/s-l1600.webp,https://i.ebayimg.com/images/g/mU0AAOSwnIhna-rs/s-l1600.webp,https://i.ebayimg.com/images/g/NskAAOSwdytna-r1/s-l1600.webp,https://i.ebayimg.com/images/g/PxsAAOSwGgZna-ry/s-l1600.webp,https://i.ebayimg.com/images/g/~aQAAOSwRnNna-rx/s-l1600.webp,https://i.ebayimg.com/images/g/~8AAAOSwfeZm9Rxf/s-l1600.webp
485,https://i.ebayimg.com/images/g/mLoAAOSwvFdnmj6D/s-l1600.webp,https://i.ebayimg.com/images/g/fosAAOSwzO1nmj6D/s-l1600.webp,https://i.ebayimg.com/images/g/l6cAAOSwX1Bnmj6B/s-l1600.webp,https://i.ebayimg.com/images/g/SqwAAOSwBXpnmj6H/s-l1600.webp,https://i.ebayimg.com/images/g/WYAAAOSwx2Nnmj5-/s-l1600.webp,https://i.ebayimg.com/images/g/JkAAAOSwElVnmj5~/s-l1600.webp,https://i.ebayimg.com/images/g/gQ8AAOSw5ZNnmj6F/s-l1600.webp,https://i.ebayimg.com/images/g/w3gAAOSw-QFnmj6J/s-l1600.webp,https://i.ebayimg.com/images/g/vs0AAOSwppFnmj6F/s-l1600.webp,https://i.ebayimg.com/images/g/zToAAOSwIvlnmj6H/s-l1600.webp,https://i.ebayimg.com/images/g/7Z4AAOSwtmplsS8H/s-l1600.webp
486,https://i.ebayimg.com/images/g/yuQAAOSw7-5ncnie/s-l1600.webp,https://i.ebayimg.com/images/g/fdEAAOSwBkRncni2/s-l1600.webp,https://i.ebayimg.com/images/g/RiEAAOSwHjdncnhj/s-l1600.webp,https://i.ebayimg.com/images/g/k0IAAOSwkLdncnhl/s-l1600.webp,https://i.ebayimg.com/images/g/Z50AAOSwcV9lsS8K/s-l1600.webp
487,https://i.ebayimg.com/images/g/jTkAAOSwCmZoLaq6/s-l1600.webp,https://i.ebayimg.com/images/g/3WUAAOSw8iBoLaqv/s-l1600.webp,https://i.ebayimg.com/images/g/VIwAAOSwxjxoLaqz/s-l1600.webp,https://i.ebayimg.com/images/g/CTcAAOSw42hoLaqy/s-l1600.webp,https://i.ebayimg.com/images/g/jYIAAOSwHcNoLaqx/s-l1600.webp,https://i.ebayimg.com/images/g/OQ0AAOSwPEdoLaq8/s-l1600.webp,https://i.ebayimg.com/images/g/8FkAAOSw9XVoLarr/s-l1600.webp,https://i.ebayimg.com/images/g/H4IAAOSwCUVoLaqz/s-l1600.webp,https://i.ebayimg.com/images/g/-lIAAOSwTGNoLaqt/s-l1600.webp,https://i.ebayimg.com/images/g/fbsAAOSw5xVoLaqx/s-l1600.webp,https://i.ebayimg.com/images/g/u8QAAOSw3WdoLaq4/s-l1600.webp,https://i.ebayimg.com/images/g/oZIAAOSwUL5oLary/s-l1600.webp,https://i.ebayimg.com/images/g/Z50AAOSwcV9lsS8K/s-l1600.webp,https://i.ebayimg.com/images/g/K0QAAOSwzZBoLaq6/s-l1600.webp,https://i.ebayimg.com/images/g/SYMAAOSwqD9oLaq-/s-l1600.webp
488,https://i.ebayimg.com/images/g/yV4AAOSw9FVl0wcG/s-l1600.webp,https://i.ebayimg.com/images/g/KOoAAOSw-qFl0wb6/s-l1600.webp,https://i.ebayimg.com/images/g/p8kAAOSw229l0wa8/s-l1600.webp,https://i.ebayimg.com/images/g/ckQAAOSwxhRl0wbB/s-l1600.webp,https://i.ebayimg.com/images/g/5WgAAOSwrO9l0wbT/s-l1600.webp,https://i.ebayimg.com/images/g/9BMAAOSwaYll0wbM/s-l1600.webp,https://i.ebayimg.com/images/g/fc0AAOSw8FZl0war/s-l1600.webp,https://i.ebayimg.com/images/g/FKoAAOSwIctl0wa2/s-l1600.webp,https://i.ebayimg.com/images/g/Z50AAOSwcV9lsS8K/s-l1600.webp
489,https://i.ebayimg.com/images/g/KIwAAOSw76BnGgwq/s-l1600.webp,https://i.ebayimg.com/images/g/eCoAAOSwQEBnGgws/s-l1600.webp,https://i.ebayimg.com/images/g/T~UAAOSwO7JnGgwq/s-l1600.webp,https://i.ebayimg.com/images/g/kgYAAOSwNodnGgwq/s-l1600.webp,https://i.ebayimg.com/images/g/ZU8AAOSwJOpnGgxX/s-l1600.webp,https://i.ebayimg.com/images/g/DRIAAOSwDjFnGgwo/s-l1600.webp,https://i.ebayimg.com/images/g/Z50AAOSwcV9lsS8K/s-l1600.webp
490,https://i.ebayimg.com/images/g/ju8AAOSwYTpm~qIr/s-l1600.webp,https://i.ebayimg.com/images/g/EMAAAOSwGyVm~qIp/s-l1600.webp,https://i.ebayimg.com/images/g/t-0AAOSwoRhm~qIn/s-l1600.webp,https://i.ebayimg.com/images/g/PIkAAOSwIYpm~qIk/s-l1600.webp,https://i.ebayimg.com/images/g/g3wAAOSwBRRm~qIa/s-l1600.webp,https://i.ebayimg.com/images/g/oa0AAOSwjOtm~qIe/s-l1600.webp,https://i.ebayimg.com/images/g/paYAAOSwBeNm~qIh/s-l1600.webp,https://i.ebayimg.com/images/g/rtMAAOSwIOtlsS0o/s-l1600.webp
491,https://i.ebayimg.com/images/g/LfcAAOSwVDNmOHJ6/s-l1600.webp,https://i.ebayimg.com/images/g/-gEAAOSwKPBmOHJz/s-l1600.webp,https://i.ebayimg.com/images/g/6NYAAOSwBj5mOHJ2/s-l1600.webp,https://i.ebayimg.com/images/g/3WoAAOSwkZ9mOHJl/s-l1600.webp,https://i.ebayimg.com/images/g/5hAAAOSw7-ZmOHJi/s-l1600.webp,https://i.ebayimg.com/images/g/15kAAOSwAqxmOHJv/s-l1600.webp,https://i.ebayimg.com/images/g/55oAAOSwtRdmOHJs/s-l1600.webp,https://i.ebayimg.com/images/g/x0kAAOSwCvxmOHJo/s-l1600.webp,https://i.ebayimg.com/images/g/p0QAAOSw8OpmOHJf/s-l1600.webp,https://i.ebayimg.com/images/g/7Z4AAOSwtmplsS8H/s-l1600.webp,https://i.ebayimg.com/images/g/7GEAAOSwBj5mOHPf/s-l1600.webp,https://i.ebayimg.com/images/g/cJQAAOSwdAxmOHPi/s-l1600.webp
492,https://i.ebayimg.com/images/g/Pu4AAOSwJ9FnPgsk/s-l1600.webp,https://i.ebayimg.com/images/g/zz8AAOSwKApnPgsz/s-l1600.webp,https://i.ebayimg.com/images/g/rtMAAOSwIOtlsS0o/s-l1600.webp
493,https://i.ebayimg.com/images/g/2bEAAOSw4gxn0B3U/s-l1600.webp,https://i.ebayimg.com/images/g/aSQAAOSw00Jn0B3S/s-l1600.webp,https://i.ebayimg.com/images/g/BC8AAOSwHHVn0B3U/s-l1600.webp,https://i.ebayimg.com/images/g/5LMAAOSwZsBn0B4G/s-l1600.webp,https://i.ebayimg.com/images/g/td4AAOSwjNFn0B3T/s-l1600.webp,https://i.ebayimg.com/images/g/q1cAAOSwUgFn0B3b/s-l1600.webp,https://i.ebayimg.com/images/g/rtMAAOSwIOtlsS0o/s-l1600.webp
494,https://i.ebayimg.com/images/g/JkQAAOSwlY5oA8hc/s-l1600.webp,https://i.ebayimg.com/images/g/OVcAAOSw9G1oA8hZ/s-l1600.webp,https://i.ebayimg.com/images/g/7QEAAOSwHHloA8hZ/s-l1600.webp,https://i.ebayimg.com/images/g/ZlUAAOSwsS1oA8hZ/s-l1600.webp,https://i.ebayimg.com/images/g/FgEAAOSwVa9oA8hg/s-l1600.webp,https://i.ebayimg.com/images/g/Wu0AAOSwFPRoA8hX/s-l1600.webp,https://i.ebayimg.com/images/g/Z50AAOSwcV9lsS8K/s-l1600.webp
495,https://i.ebayimg.com/images/g/hxgAAOSwsyhn9icr/s-l1600.webp,https://i.ebayimg.com/images/g/u-cAAOSw5hNn9icr/s-l1600.webp,https://i.ebayimg.com/images/g/2AAAAOSwit5n9ics/s-l1600.webp,https://i.ebayimg.com/images/g/j1sAAOSwMPZn9icr/s-l1600.webp,https://i.ebayimg.com/images/g/wskAAOSwz5Jn9ics/s-l1600.webp,https://i.ebayimg.com/images/g/OPcAAOSw901n9ict/s-l1600.webp,https://i.ebayimg.com/images/g/rI4AAOSwp~Fn9icv/s-l1600.webp,https://i.ebayimg.com/images/g/Z50AAOSwcV9lsS8K/s-l1600.webp
496,https://i.ebayimg.com/images/g/QhoAAOSwJQ1ngSSb/s-l1600.webp,https://i.ebayimg.com/images/g/sLwAAOSwPlNngSSa/s-l1600.webp,https://i.ebayimg.com/images/g/FeMAAOSw9E1ngSSa/s-l1600.webp,https://i.ebayimg.com/images/g/vyEAAOSw8elngSSY/s-l1600.webp,https://i.ebayimg.com/images/g/fzgAAOSwbbhngSSZ/s-l1600.webp,https://i.ebayimg.com/images/g/ivgAAOSwq~pngSSj/s-l1600.webp,https://i.ebayimg.com/images/g/7b0AAOSw-tJngSSd/s-l1600.webp,https://i.ebayimg.com/images/g/Z50AAOSwcV9lsS8K/s-l1600.webp
497,https://i.ebayimg.com/images/g/olMAAOSwX3dne83O/s-l1600.webp,https://i.ebayimg.com/images/g/SnEAAOSwMMNne82B/s-l1600.webp,https://i.ebayimg.com/images/g/IqsAAOSwBFFne82E/s-l1600.webp,https://i.ebayimg.com/images/g/Ax0AAOSw17Rne82F/s-l1600.webp,https://i.ebayimg.com/images/g/rtMAAOSwIOtlsS0o/s-l1600.webp
498,https://i.ebayimg.com/images/g/MuwAAOSwl75mBWL7/s-l1600.webp,https://i.ebayimg.com/images/g/iyMAAOSw0-1mBWL5/s-l1600.webp,https://i.ebayimg.com/images/g/fBAAAOSwWLZmBWMA/s-l1600.webp,https://i.ebayimg.com/images/g/aX0AAOSwGypmBWL9/s-l1600.webp,https://i.ebayimg.com/images/g/7Z4AAOSwtmplsS8H/s-l1600.webp
499,https://i.ebayimg.com/images/g/jzAAAOSwhCRmElya/s-l1600.webp,https://i.ebayimg.com/images/g/NakAAOSw4HhmElyX/s-l1600.webp,https://i.ebayimg.com/images/g/nPAAAOSwd8JmElyS/s-l1600.webp,https://i.ebayimg.com/images/g/E0gAAOSwN95mElyN/s-l1600.webp,https://i.ebayimg.com/images/g/3tUAAOSwWGdmElyQ/s-l1600.webp,https://i.ebayimg.com/images/g/FzsAAOSwVB5mElyL/s-l1600.webp,https://i.ebayimg.com/images/g/Z50AAOSwcV9lsS8K/s-l1600.webp
500,https://i.ebayimg.com/images/g/8VgAAOSw-L9mnOYV/s-l1600.webp,https://i.ebayimg.com/images/g/Wb0AAOSwKf9mnOYX/s-l1600.webp,https://i.ebayimg.com/images/g/LOsAAOSwdJtmnOYM/s-l1600.webp,https://i.ebayimg.com/images/g/Qj0AAOSwnPlmnOYS/s-l1600.webp,https://i.ebayimg.com/images/g/q-gAAOSwmGdmnOYP/s-l1600.webp,https://i.ebayimg.com/images/g/Q~QAAOSwzKdlsS7a/s-l1600.webp
501,https://i.ebayimg.com/images/g/E7sAAOSwoNpm4ESD/s-l1600.webp,https://i.ebayimg.com/images/g/BjUAAOSw6xRm4ERx/s-l1600.webp,https://i.ebayimg.com/images/g/sF4AAOSwrB5m4ESN/s-l1600.webp,https://i.ebayimg.com/images/g/o1oAAOSwgddm4ERn/s-l1600.webp,https://i.ebayimg.com/images/g/npMAAOSwEE9m4ER6/s-l1600.webp,https://i.ebayimg.com/images/g/tawAAOSwwaRm4ERf/s-l1600.webp,https://i.ebayimg.com/images/g/Z50AAOSwcV9lsS8K/s-l1600.webp
502,https://i.ebayimg.com/images/g/2QYAAOSwXHNnzT9e/s-l1600.webp,https://i.ebayimg.com/images/g/eNgAAOSwC-hnzT9e/s-l1600.webp,https://i.ebayimg.com/images/g/wrAAAOSwIrBnzT9e/s-l1600.webp,https://i.ebayimg.com/images/g/2EYAAOSwYfBnzT9g/s-l1600.webp,https://i.ebayimg.com/images/g/wj4AAOSwtF5nzT9d/s-l1600.webp,https://i.ebayimg.com/images/g/rtMAAOSwIOtlsS0o/s-l1600.webp
503,https://i.ebayimg.com/images/g/h~AAAOSw2opnQMxr/s-l1600.webp,https://i.ebayimg.com/images/g/6McAAOSwHCxnQMxx/s-l1600.webp,https://i.ebayimg.com/images/g/nWkAAOSwHuxnQMxu/s-l1600.webp,https://i.ebayimg.com/images/g/kSoAAOSwvwlnQMxq/s-l1600.webp,https://i.ebayimg.com/images/g/rtMAAOSwIOtlsS0o/s-l1600.webp
504,https://i.ebayimg.com/images/g/SOsAAOSwJnllx57T/s-l1600.webp,https://i.ebayimg.com/images/g/~1cAAOSwHeFlx57N/s-l1600.webp,https://i.ebayimg.com/images/g/HswAAOSwd6tlx57P/s-l1600.webp,https://i.ebayimg.com/images/g/rZ8AAOSw9DBlx57Q/s-l1600.webp,https://i.ebayimg.com/images/g/0UMAAOSw4wRlx57I/s-l1600.webp,https://i.ebayimg.com/images/g/soMAAOSw-QNlx57R/s-l1600.webp,https://i.ebayimg.com/images/g/fHAAAOSw8yJlx57L/s-l1600.webp,https://i.ebayimg.com/images/g/Z50AAOSwcV9lsS8K/s-l1600.webp
505,https://i.ebayimg.com/images/g/k1oAAOSw6Q9nj58p/s-l1600.webp,https://i.ebayimg.com/images/g/YHkAAOSwjnxnj58q/s-l1600.webp,https://i.ebayimg.com/images/g/m8QAAOSwLMVnj58q/s-l1600.webp,https://i.ebayimg.com/images/g/UCUAAOSwZApnj58q/s-l1600.webp,https://i.ebayimg.com/images/g/3zUAAOSwvzJnj58p/s-l1600.webp,https://i.ebayimg.com/images/g/G50AAOSw0bZnj58t/s-l1600.webp,https://i.ebayimg.com/images/g/BjQAAOSwWLJnj58o/s-l1600.webp,https://i.ebayimg.com/images/g/JScAAOSwbWtnj58r/s-l1600.webp,https://i.ebayimg.com/images/g/piIAAOSw8Gdnj5-R/s-l1600.webp,https://i.ebayimg.com/images/g/s-EAAOSwrkVnj58q/s-l1600.webp,https://i.ebayimg.com/images/g/Z50AAOSwcV9lsS8K/s-l1600.webp
506,https://i.ebayimg.com/images/g/gv0AAOSwgGBoJz-P/s-l1600.webp,https://i.ebayimg.com/images/g/OygAAOSwnUFoJz-O/s-l1600.webp,https://i.ebayimg.com/images/g/INgAAOSwWdtoJz-P/s-l1600.webp,https://i.ebayimg.com/images/g/bS8AAOSw8hpoJz-R/s-l1600.webp,https://i.ebayimg.com/images/g/6GMAAOSwiUhoJz-Q/s-l1600.webp,https://i.ebayimg.com/images/g/3J0AAOSwEN9oJz-P/s-l1600.webp,https://i.ebayimg.com/images/g/8Y0AAOSwQW1oJz-M/s-l1600.webp,https://i.ebayimg.com/images/g/I9UAAOSwXJNoJz-u/s-l1600.webp,https://i.ebayimg.com/images/g/Z50AAOSwcV9lsS8K/s-l1600.webp
507,https://i.ebayimg.com/images/g/1~EAAOSw0ctnrE49/s-l1600.webp,https://i.ebayimg.com/images/g/jbMAAOSwGN1nrE49/s-l1600.webp,https://i.ebayimg.com/images/g/dzYAAOSwYVBnrE5E/s-l1600.webp,https://i.ebayimg.com/images/g/RngAAOSwbh5nrE5A/s-l1600.webp,https://i.ebayimg.com/images/g/s2oAAOSwc4ZnrE5-/s-l1600.webp,https://i.ebayimg.com/images/g/Z50AAOSwcV9lsS8K/s-l1600.webp
508,https://i.ebayimg.com/images/g/ttAAAOSw81Fmpx-f/s-l1600.webp,https://i.ebayimg.com/images/g/lZkAAOSwxn9mpx-c/s-l1600.webp,https://i.ebayimg.com/images/g/eWEAAOSwcpZmpx-Z/s-l1600.webp,https://i.ebayimg.com/images/g/y7UAAOSwS7hmpx-U/s-l1600.webp,https://i.ebayimg.com/images/g/HPAAAOSwDqtmpx-W/s-l1600.webp,https://i.ebayimg.com/images/g/5OwAAOSwfq9mpx-R/s-l1600.webp,https://i.ebayimg.com/images/g/SCoAAOSwhZNmpx-O/s-l1600.webp,https://i.ebayimg.com/images/g/rtMAAOSwIOtlsS0o/s-l1600.webp
509,https://i.ebayimg.com/images/g/wFwAAOSw7Y1nTvVK/s-l1600.webp,https://i.ebayimg.com/images/g/2zMAAOSwGZpnTvVN/s-l1600.webp,https://i.ebayimg.com/images/g/nrYAAOSwxg9nTvVN/s-l1600.webp,https://i.ebayimg.com/images/g/XOcAAOSwQaBnTvVM/s-l1600.webp,https://i.ebayimg.com/images/g/OwkAAOSwUXBnTvVJ/s-l1600.webp,https://i.ebayimg.com/images/g/tA0AAOSwYMNnTvVO/s-l1600.webp,https://i.ebayimg.com/images/g/Z50AAOSwcV9lsS8K/s-l1600.webp
510,https://i.ebayimg.com/images/g/P2gAAOSwF~9mi6zc/s-l1600.webp,https://i.ebayimg.com/images/g/OMYAAOSwqH5mi6z0/s-l1600.webp,https://i.ebayimg.com/images/g/kasAAOSw4yJmi6zl/s-l1600.webp,https://i.ebayimg.com/images/g/T2kAAOSw2l9mi6zR/s-l1600.webp,https://i.ebayimg.com/images/g/Ui0AAOSwcnZmi61D/s-l1600.webp,https://i.ebayimg.com/images/g/Z50AAOSwcV9lsS8K/s-l1600.webp
511,https://i.ebayimg.com/images/g/etQAAOSwUhlnCk~A/s-l1600.webp,https://i.ebayimg.com/images/g/ma4AAOSw855nCk-5/s-l1600.webp,https://i.ebayimg.com/images/g/hAoAAOSwk5tnCk-8/s-l1600.webp,https://i.ebayimg.com/images/g/P3MAAOSwTIlnCk--/s-l1600.webp,https://i.ebayimg.com/images/g/C7wAAOSw4~hnCk-y/s-l1600.webp,https://i.ebayimg.com/images/g/bJkAAOSwqvFnCk-3/s-l1600.webp,https://i.ebayimg.com/images/g/rtMAAOSwIOtlsS0o/s-l1600.webp
512,https://i.ebayimg.com/images/g/PpUAAOSwbP1nmgMe/s-l1600.webp,https://i.ebayimg.com/images/g/qucAAOSwwyxnmgMb/s-l1600.webp,https://i.ebayimg.com/images/g/gkMAAOSw-hpnmgMc/s-l1600.webp,https://i.ebayimg.com/images/g/zysAAOSwxC5nmgMc/s-l1600.webp,https://i.ebayimg.com/images/g/hBkAAOSwCkFnmgMc/s-l1600.webp,https://i.ebayimg.com/images/g/118AAOSwp25nmgMb/s-l1600.webp,https://i.ebayimg.com/images/g/fdQAAOSwbxRnmgMf/s-l1600.webp,https://i.ebayimg.com/images/g/5TQAAOSwCpNnmgMh/s-l1600.webp,https://i.ebayimg.com/images/g/qhwAAOSwLUNnmgMi/s-l1600.webp,https://i.ebayimg.com/images/g/T80AAOSwy0JnmgMh/s-l1600.webp,https://i.ebayimg.com/images/g/7Z4AAOSwtmplsS8H/s-l1600.webp
513,https://i.ebayimg.com/images/g/m~gAAOSwbDxmyim9/s-l1600.webp,https://i.ebayimg.com/images/g/cj4AAOSw7R1myim2/s-l1600.webp,https://i.ebayimg.com/images/g/tD4AAOSwXwtmyim6/s-l1600.webp,https://i.ebayimg.com/images/g/oC0AAOSwjOBmyim4/s-l1600.webp,https://i.ebayimg.com/images/g/ElAAAOSwAtxmyimz/s-l1600.webp,https://i.ebayimg.com/images/g/wFQAAOSw28RmyinA/s-l1600.webp,https://i.ebayimg.com/images/g/KkAAAOSwW1dmyimx/s-l1600.webp,https://i.ebayimg.com/images/g/Z50AAOSwcV9lsS8K/s-l1600.webp
514,https://i.ebayimg.com/images/g/SZIAAOSwmWNnilsC/s-l1600.webp,https://i.ebayimg.com/images/g/4eAAAOSwSStnilsD/s-l1600.webp,https://i.ebayimg.com/images/g/yxQAAOSw9bRnilsD/s-l1600.webp,https://i.ebayimg.com/images/g/SakAAOSw6txnilr5/s-l1600.webp,https://i.ebayimg.com/images/g/9woAAOSwOf1nilsF/s-l1600.webp,https://i.ebayimg.com/images/g/ZKEAAOSw3LhnilsE/s-l1600.webp,https://i.ebayimg.com/images/g/Z50AAOSwcV9lsS8K/s-l1600.webp
515,https://i.ebayimg.com/images/g/RjUAAOSwOqZm67qX/s-l1600.webp,https://i.ebayimg.com/images/g/T88AAOSwwwhm67qN/s-l1600.webp,https://i.ebayimg.com/images/g/xpMAAOSwTkFm67p1/s-l1600.webp,https://i.ebayimg.com/images/g/jq0AAOSwYKZm67qJ/s-l1600.webp,https://i.ebayimg.com/images/g/JRQAAOSwogRlzMF3/s-l1600.webp
516,https://i.ebayimg.com/images/g/of8AAOSwo2dna-7K/s-l1600.webp,https://i.ebayimg.com/images/g/wEIAAOSwvxpna-7H/s-l1600.webp,https://i.ebayimg.com/images/g/ANAAAOSwECpna-7H/s-l1600.webp,https://i.ebayimg.com/images/g/CMgAAOSwOWFna-7E/s-l1600.webp,https://i.ebayimg.com/images/g/9BAAAOSwDPtna-7L/s-l1600.webp,https://i.ebayimg.com/images/g/D~IAAOSwkEtna-7M/s-l1600.webp,https://i.ebayimg.com/images/g/-jgAAOSweTdna-7L/s-l1600.webp,https://i.ebayimg.com/images/g/QvkAAOSwrHZna-7L/s-l1600.webp,https://i.ebayimg.com/images/g/~8AAAOSwfeZm9Rxf/s-l1600.webp
517,https://i.ebayimg.com/images/g/7hsAAOSwrBRnr0D-/s-l1600.webp,https://i.ebayimg.com/images/g/hgcAAOSwiRpnr0D~/s-l1600.webp,https://i.ebayimg.com/images/g/fF0AAOSwsatnr0D-/s-l1600.webp,https://i.ebayimg.com/images/g/aWUAAOSwpalnr0ED/s-l1600.webp,https://i.ebayimg.com/images/g/Z50AAOSwcV9lsS8K/s-l1600.webp
518,https://i.ebayimg.com/images/g/kykAAOSwEHNnf5q7/s-l1600.webp,https://i.ebayimg.com/images/g/WW0AAOSw5Elnf5q7/s-l1600.webp,https://i.ebayimg.com/images/g/wzsAAOSwGzhnf5q7/s-l1600.webp,https://i.ebayimg.com/images/g/ghEAAOSw~Hxnf5q8/s-l1600.webp,https://i.ebayimg.com/images/g/vgkAAOSwJflnf5rV/s-l1600.webp,https://i.ebayimg.com/images/g/Z50AAOSwcV9lsS8K/s-l1600.webp
519,https://i.ebayimg.com/images/g/-JgAAOSwA8hnb~eQ/s-l1600.webp,https://i.ebayimg.com/images/g/~M0AAOSwS~1nb~eQ/s-l1600.webp,https://i.ebayimg.com/images/g/rtkAAOSwCnBnb~eP/s-l1600.webp,https://i.ebayimg.com/images/g/Z8MAAOSwDdxnb~eP/s-l1600.webp,https://i.ebayimg.com/images/g/m14AAOSw5EBnb~eQ/s-l1600.webp,https://i.ebayimg.com/images/g/~jcAAOSwHXBnb~eS/s-l1600.webp,https://i.ebayimg.com/images/g/~8AAAOSwfeZm9Rxf/s-l1600.webp
520,https://i.ebayimg.com/images/g/XhgAAOSwm9RoMe2u/s-l1600.webp,https://i.ebayimg.com/images/g/hecAAOSwF2xoMe2z/s-l1600.webp,https://i.ebayimg.com/images/g/4eUAAOSwCeJoMe2w/s-l1600.webp,https://i.ebayimg.com/images/g/EmYAAOSwlkdoMe2y/s-l1600.webp,https://i.ebayimg.com/images/g/Z50AAOSwcV9lsS8K/s-l1600.webp
521,https://i.ebayimg.com/images/g/KJIAAOSwv3pnne6p/s-l1600.webp,https://i.ebayimg.com/images/g/KeQAAOSwRklnne6o/s-l1600.webp,https://i.ebayimg.com/images/g/ZZcAAOSwEKxnne6o/s-l1600.webp,https://i.ebayimg.com/images/g/PV4AAOSwyBhnne6r/s-l1600.webp,https://i.ebayimg.com/images/g/7P4AAOSwmChnne6l/s-l1600.webp,https://i.ebayimg.com/images/g/PpoAAOSwbxRnne6l/s-l1600.webp,https://i.ebayimg.com/images/g/vVwAAOSwvtRnne7Z/s-l1600.webp,https://i.ebayimg.com/images/g/FwMAAOSw52Rnne6l/s-l1600.webp,https://i.ebayimg.com/images/g/7Z4AAOSwtmplsS8H/s-l1600.webp
522,https://i.ebayimg.com/images/g/ADQAAOSwhwtnl4vO/s-l1600.webp,https://i.ebayimg.com/images/g/NDQAAOSw2Z9nl4vN/s-l1600.webp,https://i.ebayimg.com/images/g/DwsAAOSwByVnl4vS/s-l1600.webp,https://i.ebayimg.com/images/g/5GQAAOSwhwpnl4v4/s-l1600.webp,https://i.ebayimg.com/images/g/Z50AAOSwcV9lsS8K/s-l1600.webp
523,https://i.ebayimg.com/images/g/xakAAOSwHa1n~itz/s-l1600.webp,https://i.ebayimg.com/images/g/TBsAAOSw4Idn~itz/s-l1600.webp,https://i.ebayimg.com/images/g/CSUAAOSwPjBn~it2/s-l1600.webp,https://i.ebayimg.com/images/g/F2sAAOSwJN5n~iur/s-l1600.webp,https://i.ebayimg.com/images/g/7Z4AAOSwtmplsS8H/s-l1600.webp
524,https://i.ebayimg.com/images/g/d5YAAOSwunVnzTgv/s-l1600.webp,https://i.ebayimg.com/images/g/x4kAAOSwnPFnzTgv/s-l1600.webp,https://i.ebayimg.com/images/g/DqEAAOSw3NRnzTgv/s-l1600.webp,https://i.ebayimg.com/images/g/rtMAAOSwIOtlsS0o/s-l1600.webp
525,https://i.ebayimg.com/images/g/Us8AAOSwRzBnWpIQ/s-l1600.webp,https://i.ebayimg.com/images/g/b2sAAOSwsINnWpIP/s-l1600.webp,https://i.ebayimg.com/images/g/LMQAAOSwdm5nWpIP/s-l1600.webp,https://i.ebayimg.com/images/g/1kIAAOSwRvZnWpIP/s-l1600.webp,https://i.ebayimg.com/images/g/RZsAAOSwD4VnWpIP/s-l1600.webp,https://i.ebayimg.com/images/g/ewAAAOSwjdJnWpIP/s-l1600.webp,https://i.ebayimg.com/images/g/4UUAAOSwgKhnWpIQ/s-l1600.webp,https://i.ebayimg.com/images/g/kdwAAOSwOjlnWpIQ/s-l1600.webp,https://i.ebayimg.com/images/g/Z50AAOSwcV9lsS8K/s-l1600.webp
526,https://i.ebayimg.com/images/g/X~wAAOSwf~5n~iBQ/s-l1600.webp,https://i.ebayimg.com/images/g/Q~EAAOSwUq5n~iBR/s-l1600.webp,https://i.ebayimg.com/images/g/PYEAAOSwLcBn~iBR/s-l1600.webp,https://i.ebayimg.com/images/g/pYEAAOSwdnJn~iBT/s-l1600.webp,https://i.ebayimg.com/images/g/irQAAOSwLrNn~iBR/s-l1600.webp,https://i.ebayimg.com/images/g/za4AAOSwnkFn~iBS/s-l1600.webp,https://i.ebayimg.com/images/g/7Z4AAOSwtmplsS8H/s-l1600.webp
527,https://i.ebayimg.com/images/g/UpEAAOSwrRxl0ei8/s-l1600.webp,https://i.ebayimg.com/images/g/ZIMAAOSwGHFl0ejC/s-l1600.webp,https://i.ebayimg.com/images/g/GQAAAOSwlPFl0ejT/s-l1600.webp,https://i.ebayimg.com/images/g/TZAAAOSwtxll0ejY/s-l1600.webp,https://i.ebayimg.com/images/g/SNsAAOSwTzZl0ei-/s-l1600.webp,https://i.ebayimg.com/images/g/Jj4AAOSw3ppl0ei7/s-l1600.webp,https://i.ebayimg.com/images/g/JRQAAOSwogRlzMF3/s-l1600.webp
528,https://i.ebayimg.com/images/g/GZQAAOSwvXZm5Z-j/s-l1600.webp,https://i.ebayimg.com/images/g/UFcAAOSwb09m5Z-u/s-l1600.webp,https://i.ebayimg.com/images/g/DBEAAOSwxVdm5Z-q/s-l1600.webp,https://i.ebayimg.com/images/g/DfIAAOSw03tm5Z-e/s-l1600.webp,https://i.ebayimg.com/images/g/rtMAAOSwIOtlsS0o/s-l1600.webp
529,https://i.ebayimg.com/images/g/QFEAAOSw9V1mgPqd/s-l1600.webp,https://i.ebayimg.com/images/g/0HsAAOSw~ZpmgPqa/s-l1600.webp,https://i.ebayimg.com/images/g/oTIAAOSw7w9mgPqX/s-l1600.webp,https://i.ebayimg.com/images/g/QDkAAOSw9V1mgPqN/s-l1600.webp,https://i.ebayimg.com/images/g/MJwAAOSw8ChmgPqT/s-l1600.webp,https://i.ebayimg.com/images/g/Z50AAOSwcV9lsS8K/s-l1600.webp
530,https://i.ebayimg.com/images/g/DrYAAOSwqL1oDK0D/s-l1600.webp,https://i.ebayimg.com/images/g/cV8AAOSwp7toDK0C/s-l1600.webp,https://i.ebayimg.com/images/g/YxgAAOSwTghoDK0D/s-l1600.webp,https://i.ebayimg.com/images/g/feYAAOSwvitoDK0G/s-l1600.webp,https://i.ebayimg.com/images/g/~vIAAOSwsRRoDK0A/s-l1600.webp,https://i.ebayimg.com/images/g/sKQAAOSwcZNoDK0F/s-l1600.webp,https://i.ebayimg.com/images/g/le0AAOSwOdtoDK0s/s-l1600.webp,https://i.ebayimg.com/images/g/Z50AAOSwcV9lsS8K/s-l1600.webp
531,https://i.ebayimg.com/images/g/pA4AAOSwYb5nXxHQ/s-l1600.webp,https://i.ebayimg.com/images/g/GM4AAOSwyb1nXxHP/s-l1600.webp,https://i.ebayimg.com/images/g/SpAAAOSwflZnXxHS/s-l1600.webp,https://i.ebayimg.com/images/g/JC0AAOSwn8tnXxHQ/s-l1600.webp,https://i.ebayimg.com/images/g/~90AAOSwr8lnXxHS/s-l1600.webp,https://i.ebayimg.com/images/g/rtMAAOSwIOtlsS0o/s-l1600.webp
532,https://i.ebayimg.com/images/g/ZhkAAOSwo4FnimD1/s-l1600.webp,https://i.ebayimg.com/images/g/IosAAOSwnHtnimEe/s-l1600.webp,https://i.ebayimg.com/images/g/ymcAAOSwxhBnimDw/s-l1600.webp,https://i.ebayimg.com/images/g/xqoAAOSwzkFnimDz/s-l1600.webp,https://i.ebayimg.com/images/g/8ToAAOSwiwNnimD5/s-l1600.webp,https://i.ebayimg.com/images/g/Z50AAOSwcV9lsS8K/s-l1600.webp
533,https://i.ebayimg.com/images/g/F2cAAOSwLNRnf58b/s-l1600.webp,https://i.ebayimg.com/images/g/56cAAOSwxnZnf58a/s-l1600.webp,https://i.ebayimg.com/images/g/2jYAAOSwRFhnf58b/s-l1600.webp,https://i.ebayimg.com/images/g/8KoAAOSwPbtnf58a/s-l1600.webp,https://i.ebayimg.com/images/g/Z50AAOSwcV9lsS8K/s-l1600.webp
534,https://i.ebayimg.com/images/g/QKEAAOSwmF5l0Jeh/s-l1600.webp,https://i.ebayimg.com/images/g/4gAAAOSwkDVl0Jek/s-l1600.webp,https://i.ebayimg.com/images/g/6ywAAOSwPLhl0Jeq/s-l1600.webp,https://i.ebayimg.com/images/g/izsAAOSwLYJl0Jeo/s-l1600.webp,https://i.ebayimg.com/images/g/JRQAAOSwogRlzMF3/s-l1600.webp
535,https://i.ebayimg.com/images/g/KBMAAOSwaYll1ffx/s-l1600.webp,https://i.ebayimg.com/images/g/~MEAAOSwjDZl1ffz/s-l1600.webp,https://i.ebayimg.com/images/g/3XMAAOSwLFJl1fgM/s-l1600.webp,https://i.ebayimg.com/images/g/a3oAAOSwzmVl1ff1/s-l1600.webp,https://i.ebayimg.com/images/g/2JgAAOSwl2Vl1fgR/s-l1600.webp,https://i.ebayimg.com/images/g/xsAAAOSw2s1l1ff4/s-l1600.webp,https://i.ebayimg.com/images/g/Sh0AAOSwt3Vl1fgU/s-l1600.webp,https://i.ebayimg.com/images/g/-DUAAOSwUCZl1ff7/s-l1600.webp,https://i.ebayimg.com/images/g/-D8AAOSwpPFl1fgg/s-l1600.webp,https://i.ebayimg.com/images/g/rtMAAOSwIOtlsS0o/s-l1600.webp,https://i.ebayimg.com/images/g/SsUAAOSwXhVl1fhN/s-l1600.webp,https://i.ebayimg.com/images/g/9N8AAOSw7K5l1fhR/s-l1600.webp,https://i.ebayimg.com/images/g/9yQAAOSwY7xl1fhV/s-l1600.webp,https://i.ebayimg.com/images/g/DjgAAOSwWsZl1fhc/s-l1600.webp
536,https://i.ebayimg.com/images/g/V8gAAOSwvh9m3Y8T/s-l1600.webp,https://i.ebayimg.com/images/g/6ScAAOSwu35m3Y8P/s-l1600.webp,https://i.ebayimg.com/images/g/g6IAAOSwbHdm3Y8a/s-l1600.webp,https://i.ebayimg.com/images/g/iicAAOSwtUBm3Y8M/s-l1600.webp,https://i.ebayimg.com/images/g/WfMAAOSw~Jhm3Y9C/s-l1600.webp,https://i.ebayimg.com/images/g/Z50AAOSwcV9lsS8K/s-l1600.webp
537,https://i.ebayimg.com/images/g/57AAAOSwkX1oDKGG/s-l1600.webp,https://i.ebayimg.com/images/g/soYAAOSwC65oDKGH/s-l1600.webp,https://i.ebayimg.com/images/g/jucAAOSwrxJoDKGF/s-l1600.webp,https://i.ebayimg.com/images/g/qfYAAOSwTUJoDKGF/s-l1600.webp,https://i.ebayimg.com/images/g/sqYAAOSw3ihoDKGH/s-l1600.webp,https://i.ebayimg.com/images/g/TsIAAOSwwcNoDKGG/s-l1600.webp,https://i.ebayimg.com/images/g/9tkAAOSwGf9oDKGG/s-l1600.webp,https://i.ebayimg.com/images/g/YnYAAOSw~wpoDKGI/s-l1600.webp,https://i.ebayimg.com/images/g/KJwAAOSwNphoDKHG/s-l1600.webp,https://i.ebayimg.com/images/g/GcgAAOSwhnVoDKHP/s-l1600.webp,https://i.ebayimg.com/images/g/Z50AAOSwcV9lsS8K/s-l1600.webp
538,https://i.ebayimg.com/images/g/0JMAAOSwIHJn5WBK/s-l1600.webp,https://i.ebayimg.com/images/g/7lkAAOSwcxVn5WBF/s-l1600.webp,https://i.ebayimg.com/images/g/6dkAAOSwoMln5WBM/s-l1600.webp,https://i.ebayimg.com/images/g/IwAAAOSwLiJn5WBM/s-l1600.webp,https://i.ebayimg.com/images/g/Z50AAOSwcV9lsS8K/s-l1600.webp
539,https://i.ebayimg.com/images/g/TF0AAOSwLxJmlT1c/s-l1600.webp,https://i.ebayimg.com/images/g/tBQAAOSwhL1mlT1V/s-l1600.webp,https://i.ebayimg.com/images/g/T2oAAOSwkMNmlT1Z/s-l1600.webp,https://i.ebayimg.com/images/g/QBYAAOSwgodmlT1R/s-l1600.webp,https://i.ebayimg.com/images/g/Y2wAAOSw~-dmlT1N/s-l1600.webp,https://i.ebayimg.com/images/g/MKAAAOSwfkxmlT1K/s-l1600.webp,https://i.ebayimg.com/images/g/7Z4AAOSwtmplsS8H/s-l1600.webp
540,https://i.ebayimg.com/images/g/fOQAAOSwAi5n0CDe/s-l1600.webp,https://i.ebayimg.com/images/g/Dc8AAOSwm99n0CDd/s-l1600.webp,https://i.ebayimg.com/images/g/e9EAAOSwUVln0CDa/s-l1600.webp,https://i.ebayimg.com/images/g/xT0AAOSwkedn0CDf/s-l1600.webp,https://i.ebayimg.com/images/g/QiAAAOSwospn0CDZ/s-l1600.webp,https://i.ebayimg.com/images/g/TyIAAOSwDrhn0CDa/s-l1600.webp,https://i.ebayimg.com/images/g/G2QAAOSwjUZn0CDV/s-l1600.webp,https://i.ebayimg.com/images/g/4ZcAAOSwYshn0CDe/s-l1600.webp,https://i.ebayimg.com/images/g/rtMAAOSwIOtlsS0o/s-l1600.webp
541,https://i.ebayimg.com/images/g/d9AAAOSw4NBntHQ4/s-l1600.webp,https://i.ebayimg.com/images/g/~6cAAOSwEitntHQ1/s-l1600.webp,https://i.ebayimg.com/images/g/CMAAAOSwDzhntHQ7/s-l1600.webp,https://i.ebayimg.com/images/g/Z50AAOSwcV9lsS8K/s-l1600.webp
542,https://i.ebayimg.com/images/g/vIQAAOSwBTNmyiB4/s-l1600.webp,https://i.ebayimg.com/images/g/3eYAAOSwLPtmyiBp/s-l1600.webp,https://i.ebayimg.com/images/g/LqkAAOSwduRmyiBu/s-l1600.webp,https://i.ebayimg.com/images/g/l20AAOSwbu5myiBy/s-l1600.webp,https://i.ebayimg.com/images/g/tqMAAOSwc75myiCT/s-l1600.webp,https://i.ebayimg.com/images/g/rqgAAOSwia9myiB8/s-l1600.webp,https://i.ebayimg.com/images/g/RvEAAOSwaHVmyiC3/s-l1600.webp,https://i.ebayimg.com/images/g/Z50AAOSwcV9lsS8K/s-l1600.webp
543,https://i.ebayimg.com/images/g/Op8AAOSw1ttnvgcz/s-l1600.webp,https://i.ebayimg.com/images/g/Z2IAAOSwEStnvgcz/s-l1600.webp,https://i.ebayimg.com/images/g/of0AAOSw4qJnvgcz/s-l1600.webp,https://i.ebayimg.com/images/g/cGAAAOSwaudnvgcz/s-l1600.webp,https://i.ebayimg.com/images/g/iZwAAOSwZvhnvgc0/s-l1600.webp,https://i.ebayimg.com/images/g/n-wAAOSwG-tnvgcz/s-l1600.webp,https://i.ebayimg.com/images/g/XmkAAOSwpzZnvgc1/s-l1600.webp,https://i.ebayimg.com/images/g/Z50AAOSwcV9lsS8K/s-l1600.webp
544,https://i.ebayimg.com/images/g/wYgAAOSwHbNmyeOh/s-l1600.webp,https://i.ebayimg.com/images/g/8KcAAOSwUu5myeOM/s-l1600.webp,https://i.ebayimg.com/images/g/9-YAAOSw~9xmyeOQ/s-l1600.webp,https://i.ebayimg.com/images/g/09wAAOSwPIBmyeOe/s-l1600.webp,https://i.ebayimg.com/images/g/JooAAOSwidRmyeOT/s-l1600.webp,https://i.ebayimg.com/images/g/NswAAOSwW-xmyePK/s-l1600.webp,https://i.ebayimg.com/images/g/GREAAOSweAJmyeOF/s-l1600.webp,https://i.ebayimg.com/images/g/Z50AAOSwcV9lsS8K/s-l1600.webp
545,https://i.ebayimg.com/images/g/qU8AAOSw71hmyFxR/s-l1600.webp,https://i.ebayimg.com/images/g/62AAAOSwmLFmyFxA/s-l1600.webp,https://i.ebayimg.com/images/g/MacAAOSwNeNmyFxM/s-l1600.webp,https://i.ebayimg.com/images/g/-yMAAOSw-URmyFw0/s-l1600.webp,https://i.ebayimg.com/images/g/988AAOSwahpmyFw4/s-l1600.webp,https://i.ebayimg.com/images/g/SqQAAOSwCDRmyFw8/s-l1600.webp,https://i.ebayimg.com/images/g/rtMAAOSwIOtlsS0o/s-l1600.webp
546,https://i.ebayimg.com/images/g/40YAAOSwRHRmXI-R/s-l1600.webp,https://i.ebayimg.com/images/g/dh8AAOSwsHFmXI-U/s-l1600.webp,https://i.ebayimg.com/images/g/W78AAOSwtBlmXI-T/s-l1600.webp,https://i.ebayimg.com/images/g/tS8AAOSwmOhmXI-S/s-l1600.webp,https://i.ebayimg.com/images/g/g7wAAOSwgMJmXI-v/s-l1600.webp,https://i.ebayimg.com/images/g/eRgAAOSwNG9mXI-Q/s-l1600.webp,https://i.ebayimg.com/images/g/Z50AAOSwcV9lsS8K/s-l1600.webp
547,https://i.ebayimg.com/images/g/x-4AAOSw5G9nWqp7/s-l1600.webp,https://i.ebayimg.com/images/g/KIoAAOSwV35nWqp8/s-l1600.webp,https://i.ebayimg.com/images/g/2JAAAOSwc7RnWqp7/s-l1600.webp,https://i.ebayimg.com/images/g/4KcAAOSwYz1nWqp8/s-l1600.webp,https://i.ebayimg.com/images/g/gMMAAOSwlnBnWqqA/s-l1600.webp,https://i.ebayimg.com/images/g/XWoAAOSwuNdnWqqA/s-l1600.webp,https://i.ebayimg.com/images/g/shgAAOSwAXxnWqp7/s-l1600.webp,https://i.ebayimg.com/images/g/Z50AAOSwcV9lsS8K/s-l1600.webp
548,https://i.ebayimg.com/images/g/pA4AAOSwYb5nXxHQ/s-l1600.webp,https://i.ebayimg.com/images/g/GM4AAOSwyb1nXxHP/s-l1600.webp,https://i.ebayimg.com/images/g/SpAAAOSwflZnXxHS/s-l1600.webp,https://i.ebayimg.com/images/g/JC0AAOSwn8tnXxHQ/s-l1600.webp,https://i.ebayimg.com/images/g/~90AAOSwr8lnXxHS/s-l1600.webp,https://i.ebayimg.com/images/g/rtMAAOSwIOtlsS0o/s-l1600.webp
549,https://i.ebayimg.com/images/g/6ZQAAOSweDFn3C2-/s-l1600.webp,https://i.ebayimg.com/images/g/phwAAOSwRL5n3C29/s-l1600.webp,https://i.ebayimg.com/images/g/UHQAAOSwfOJn3C2-/s-l1600.webp,https://i.ebayimg.com/images/g/7Z4AAOSwtmplsS8H/s-l1600.webp
550,https://i.ebayimg.com/images/g/XNsAAOSwddxnf6MC/s-l1600.webp,https://i.ebayimg.com/images/g/jGgAAOSwIqRnf6MC/s-l1600.webp,https://i.ebayimg.com/images/g/rewAAOSwIA9nf6MA/s-l1600.webp,https://i.ebayimg.com/images/g/vUQAAOSwDptnf6MC/s-l1600.webp,https://i.ebayimg.com/images/g/Z50AAOSwcV9lsS8K/s-l1600.webp
551,https://i.ebayimg.com/images/g/vY8AAOSwpH1m68TW/s-l1600.webp,https://i.ebayimg.com/images/g/DfIAAOSwMHxm68TU/s-l1600.webp,https://i.ebayimg.com/images/g/BvIAAOSwBlxm68TS/s-l1600.webp,https://i.ebayimg.com/images/g/cGAAAOSw3p1m68TY/s-l1600.webp,https://i.ebayimg.com/images/g/UAsAAOSwGeVm68TO/s-l1600.webp,https://i.ebayimg.com/images/g/JRQAAOSwogRlzMF3/s-l1600.webp
552,https://i.ebayimg.com/images/g/hGkAAOSwJ5FlzdOL/s-l1600.webp,https://i.ebayimg.com/images/g/OTgAAOSwxTxlzdOO/s-l1600.webp,https://i.ebayimg.com/images/g/Wg4AAOSw3yFlzdOS/s-l1600.webp,https://i.ebayimg.com/images/g/FBEAAOSwt1FlzdOH/s-l1600.webp,https://i.ebayimg.com/images/g/gMcAAOSwnjZlzdOD/s-l1600.webp,https://i.ebayimg.com/images/g/GA8AAOSwVF1lzdN9/s-l1600.webp,https://i.ebayimg.com/images/g/VVcAAOSwaJ9lzdN2/s-l1600.webp,https://i.ebayimg.com/images/g/rtMAAOSwIOtlsS0o/s-l1600.webp
553,https://i.ebayimg.com/images/g/b6AAAOSwkLlntHeA/s-l1600.webp,https://i.ebayimg.com/images/g/etQAAOSwitdntHd-/s-l1600.webp,https://i.ebayimg.com/images/g/ZrkAAOSwaZNntHeJ/s-l1600.webp,https://i.ebayimg.com/images/g/YMoAAOSwJdFntHeI/s-l1600.webp,https://i.ebayimg.com/images/g/Z50AAOSwcV9lsS8K/s-l1600.webp
554,https://i.ebayimg.com/images/g/ayYAAOSwHhpnus3j/s-l1600.webp,https://i.ebayimg.com/images/g/J6cAAOSwsUFnus3p/s-l1600.webp,https://i.ebayimg.com/images/g/GyQAAOSwrlZnus3p/s-l1600.webp,https://i.ebayimg.com/images/g/-L4AAOSwjUdnus3p/s-l1600.webp,https://i.ebayimg.com/images/g/OlEAAOSwzgJnus3p/s-l1600.webp,https://i.ebayimg.com/images/g/cesAAOSwDGhnus3o/s-l1600.webp,https://i.ebayimg.com/images/g/rtMAAOSwIOtlsS0o/s-l1600.webp
555,https://i.ebayimg.com/images/g/7BwAAOSwpzplv9Fi/s-l1600.webp,https://i.ebayimg.com/images/g/RXgAAOSwDhllv9Fr/s-l1600.webp,https://i.ebayimg.com/images/g/ZugAAOSwfTNlv9Ft/s-l1600.webp,https://i.ebayimg.com/images/g/3NsAAOSw-UFlv9Fp/s-l1600.webp,https://i.ebayimg.com/images/g/sd4AAOSwkOplv9Fn/s-l1600.webp,https://i.ebayimg.com/images/g/ercAAOSw2eplv9Fk/s-l1600.webp,https://i.ebayimg.com/images/g/Z50AAOSwcV9lsS8K/s-l1600.webp
556,https://i.ebayimg.com/images/g/Z1AAAOSwOShoDKMS/s-l1600.webp,https://i.ebayimg.com/images/g/hzcAAOSwriloDKMS/s-l1600.webp,https://i.ebayimg.com/images/g/WdMAAOSwN1doDKMQ/s-l1600.webp,https://i.ebayimg.com/images/g/jKwAAOSwSfRoDKMO/s-l1600.webp,https://i.ebayimg.com/images/g/K5YAAOSwOk1oDKMS/s-l1600.webp,https://i.ebayimg.com/images/g/C48AAOSwh2NoDKMR/s-l1600.webp,https://i.ebayimg.com/images/g/VtcAAOSwxNBoDKNF/s-l1600.webp,https://i.ebayimg.com/images/g/xhcAAOSwry9oDKNI/s-l1600.webp,https://i.ebayimg.com/images/g/Z50AAOSwcV9lsS8K/s-l1600.webp
557,https://i.ebayimg.com/images/g/mG8AAOSwJhVoDKQB/s-l1600.webp,https://i.ebayimg.com/images/g/dekAAOSwaj5oDKQB/s-l1600.webp,https://i.ebayimg.com/images/g/jGoAAOSw8vFoDKQB/s-l1600.webp,https://i.ebayimg.com/images/g/8WYAAOSwJlJoDKQH/s-l1600.webp,https://i.ebayimg.com/images/g/57QAAOSwFJJoDKQA/s-l1600.webp,https://i.ebayimg.com/images/g/Z50AAOSwcV9lsS8K/s-l1600.webp
558,https://i.ebayimg.com/images/g/ywcAAOSwOqZm-UIp/s-l1600.webp,https://i.ebayimg.com/images/g/mPwAAOSwl1Bm-UIb/s-l1600.webp,https://i.ebayimg.com/images/g/SDIAAOSwvLFm-UH8/s-l1600.webp,https://i.ebayimg.com/images/g/QyMAAOSwQvdm-UHz/s-l1600.webp,https://i.ebayimg.com/images/g/M9EAAOSwRkVm-UIO/s-l1600.webp,https://i.ebayimg.com/images/g/SKYAAOSw-cVm-UHt/s-l1600.webp,https://i.ebayimg.com/images/g/KpUAAOSw3xBm-UHn/s-l1600.webp,https://i.ebayimg.com/images/g/blUAAOSwOAlm-UIH/s-l1600.webp,https://i.ebayimg.com/images/g/Z50AAOSwcV9lsS8K/s-l1600.webp,https://i.ebayimg.com/images/g/j0kAAOSwyyRm-UIe/s-l1600.webp,https://i.ebayimg.com/images/g/L5wAAOSwEMZm-UIi/s-l1600.webp
559,https://i.ebayimg.com/images/g/BBEAAOSwxlhnbU4U/s-l1600.webp,https://i.ebayimg.com/images/g/PFEAAOSw~UdnbU4U/s-l1600.webp,https://i.ebayimg.com/images/g/xe8AAOSwaD5nbU4U/s-l1600.webp,https://i.ebayimg.com/images/g/TLMAAOSwKG1nbU4T/s-l1600.webp,https://i.ebayimg.com/images/g/GJUAAOSwWY5nbU4T/s-l1600.webp,https://i.ebayimg.com/images/g/PL8AAOSwUnpnbU4U/s-l1600.webp,https://i.ebayimg.com/images/g/qVcAAOSwIBlnbU4R/s-l1600.webp,https://i.ebayimg.com/images/g/Z50AAOSwcV9lsS8K/s-l1600.webp
560,https://i.ebayimg.com/images/g/~SwAAOSwmUBoLaFE/s-l1600.webp,https://i.ebayimg.com/images/g/HUgAAOSw7E9oLaGW/s-l1600.webp,https://i.ebayimg.com/images/g/5rsAAOSw7qloLaFC/s-l1600.webp,https://i.ebayimg.com/images/g/cq0AAOSwANpoLaFF/s-l1600.webp,https://i.ebayimg.com/images/g/IhUAAOSwzZBoLaGk/s-l1600.webp,https://i.ebayimg.com/images/g/FV0AAOSwAudoLaFD/s-l1600.webp,https://i.ebayimg.com/images/g/JtsAAOSwVZ1oLaFF/s-l1600.webp,https://i.ebayimg.com/images/g/V3YAAOSwtXVoLaFF/s-l1600.webp,https://i.ebayimg.com/images/g/wpUAAOSwbt5oLaFD/s-l1600.webp,https://i.ebayimg.com/images/g/0DkAAOSwu-9oLaFE/s-l1600.webp,https://i.ebayimg.com/images/g/1KcAAOSwA1hoLaGv/s-l1600.webp,https://i.ebayimg.com/images/g/qPIAAOSwpO9oLaFG/s-l1600.webp,https://i.ebayimg.com/images/g/90wAAOSwfE9oLaGu/s-l1600.webp,https://i.ebayimg.com/images/g/Z50AAOSwcV9lsS8K/s-l1600.webp,https://i.ebayimg.com/images/g/59MAAOSwO2xoLaFO/s-l1600.webp,https://i.ebayimg.com/images/g/JKkAAOSwHqpoLaFV/s-l1600.webp,https://i.ebayimg.com/images/g/cE4AAOSwu~NoLaFf/s-l1600.webp,https://i.ebayimg.com/images/g/OrEAAOSw2TxoLaFl/s-l1600.webp
561,https://i.ebayimg.com/images/g/x-4AAOSw5G9nWqp7/s-l1600.webp,https://i.ebayimg.com/images/g/KIoAAOSwV35nWqp8/s-l1600.webp,https://i.ebayimg.com/images/g/2JAAAOSwc7RnWqp7/s-l1600.webp,https://i.ebayimg.com/images/g/4KcAAOSwYz1nWqp8/s-l1600.webp,https://i.ebayimg.com/images/g/gMMAAOSwlnBnWqqA/s-l1600.webp,https://i.ebayimg.com/images/g/XWoAAOSwuNdnWqqA/s-l1600.webp,https://i.ebayimg.com/images/g/shgAAOSwAXxnWqp7/s-l1600.webp,https://i.ebayimg.com/images/g/Z50AAOSwcV9lsS8K/s-l1600.webp
